:020000040800F2
:10000000982800204D020008D9880008BD6100082A
:10001000C9850008D10A000869AA00085F02000823
:10002000000000000000000000000000C98A000875
:10003000F50A000800000000DD880008DD930008D4
:1000400069020008690200086902000869020008E4
:1000500069020008690200086902000869020008D4
:1000600069020008690200086902000869020008C4
:1000700069020008690200086902000869020008B4
:1000800069020008690200086902000869020008A4
:100090006902000869020008690200086902000894
:1000A0006902000869020008690200086902000884
:1000B0006902000869020008690200086902000874
:1000C0006902000869020008690200086902000864
:1000D0006902000869020008690200086902000854
:1000E0006902000869020008690200086902000844
:1000F0006902000869020008690200086902000834
:100100006902000869020008690200086902000823
:100110006902000869020008690200086902000813
:100120006902000869020008690200086902000803
:1001300069020008690200080000000021AA000806
:1001400069020008690200086902000869020008E3
:1001500069020008690200086902000869020008D3
:100160006902000869020008690200080000000036
:100170006902000869020008690200080000000026
:1001800069020008690200086902000869020008A3
:100190006902000869020008690200086902000893
:1001A000696200084D620008690200080000000052
:1001B0006902000869020008690200086902000873
:1001C0006902000869020008690200086902000863
:1001D0006902000869020008690200086902000853
:1001E000000000000000000000000000690200089C
:1001F00069020008000000006902000869020008A6
:100200006902000869020008B17B00086902000861
:100210006902000869020008000000006902000885
:10022000000000000000000000000000690200085B
:100230006902000869020008DFF80CD000F0A2F89B
:1002400000480047C9AF00089828002007488047A9
:1002500007480047FEE7FEE7FEE7FEE7FEE7FEE7AA
:10026000FEE7FEE7FEE7FEE7FEE700001596000862
:10027000390200082DE9F05F0546002092469B46B2
:1002800088460646814640241BE0284641464746AC
:10029000224600F067F853465A46C01A914110D3DF
:1002A00011461846224600F04EF82D1A67EB010859
:1002B0004F4622460120002100F045F817EB0009C7
:1002C0004E41201EA4F10104DFDC484631462A4697
:1002D0004346BDE8F09F40EA01039B0703D009E0D5
:1002E00008C9121F08C0042AFAD203E011F8013B22
:1002F00000F8013B521EF9D27047D2B201E000F87B
:10030000012B491EFBD270470022F6E710B51346B9
:100310000A4604461946FFF7F0FF204610BD421C6E
:1003200010F8011B0029FBD1801A704730B5044634
:100330000020034600E05B1C934203D2E05CCD5CEE
:10034000401BF8D030BD202A04DB203A00FA02F12D
:10035000002070479140C2F1200320FA03F31943B3
:1003600090407047202A04DB203A21FA02F0002155
:10037000704721FA02F3D040C2F1200291400843B5
:10038000194670471CB50948009009480190054678
:10039000009C06E0E06840F0010394E807009847FD
:1003A0001034AC42F6D3FFF74BFF000074960408FC
:1003B000A496040830B58C1810F8012B12F00F0326
:1003C00001D110F8013B120906D110F8012B03E00E
:1003D00010F8015B01F8015B5B1EF9D101E001F847
:1003E000013B521EFBD1A142E6D3002030BD0000EC
:1003F0000146C06A40F0C000C862086840F4982016
:10040000086008680A68800662F31E0080F00040F9
:10041000086008680A68C00860F39E7282F0804233
:1004200000200A6070470000F0B5ABB01546528B53
:100430001F46B2F5807F11D340F27006C2F200066B
:1004400034790123012C8DF8A5308DF8A93017D10E
:100450008DF8A8302B69022B19D323E040F27003EA
:10046000C2F200031E79012E16D101268DF8A56077
:10047000ADF8A86000261E712B69022B07D311E08E
:1004800000248DF8A84033712B69022B0AD2002377
:100490008DF8A63030E000BF00238DF8A5302B6921
:1004A000022BF4D340F2100CC2F2000CDCF8006016
:1004B0000124012E8DF8A64008D14FF48073ADF8C9
:1004C000AA300223CCF8003016E000BF9E428DF81F
:1004D000AA4009D1FF2A07D800238DF8AB300123A9
:1004E000CCF8003008E000BF0123FF2A8DF8AB30C4
:1004F0009CBF731CCCF800302190086829681D90BF
:1005000007F148001F9002208DF8A700288B0126D4
:10051000ADF8A000E868259122901CA801A91C96BE
:10052000ADF8A22006F0EEFC10B130462BB0F0BDC5
:1005300001A8394600F002FB20B1012630462BB05D
:10054000F0BD00BF309E3946304600F07BFE18B14A
:10055000012630462BB0F0BD686940F27005C2F24A
:100560000005A969084405211C9120901CA801A937
:1005700006F0C8FC20B1012630462BB0F0BD00BF0C
:1005800007F1240401A8214600F0D8FA20B1012681
:1005900030462BB0F0BD00BF3046214600F052FE81
:1005A00020B1012630462BB0F0BD00BF28790026CF
:1005B000A969002818BF01F1FF00A86130462BB0DF
:1005C000F0BD0000F0B5ABB01546528B1F46B2F53A
:1005D000807F11D340F27006C2F200063478012306
:1005E000012C8DF8A5308DF8A93017D18DF8A830E1
:1005F0002B69022B19D323E040F27003C2F20003EF
:100600001E78012E16D101268DF8A560ADF8A860E0
:1006100000261E702B69022B07D311E000248DF8F1
:10062000A84033702B69022B0AD200238DF8A63024
:1006300030E000BF00238DF8A5302B69022BF4D3E6
:1006400040F2100CC2F2000CDCF800600124012E14
:100650008DF8A64008D14FF48073ADF8AA3002237C
:10066000CCF8003016E000BF9E428DF8AA4009D1B8
:10067000FF2A07D800238DF8AB300123CCF80030D7
:1006800008E000BF0123FF2A8DF8AB309CBF731C2C
:10069000CCF80030219008680126CDE91C6007F1F4
:1006A00048001F90288B2968ADF8A000E8682591C4
:1006B00022901CA801A98DF8A760ADF8A22006F031
:1006C00021FC18B130462BB0F0BD00BF01A839465F
:1006D00000F034FA20B1012630462BB0F0BD00BF47
:1006E000309E3946304600F0ADFD18B10126304647
:1006F0002BB0F0BD686940F27005C2F20005A96830
:10070000084404211C9120901CA801A906F0FAFBC2
:1007100020B1012630462BB0F0BD00BF07F1240404
:1007200001A8214600F00AFA20B1012630462BB07C
:10073000F0BD00BF3046214600F084FD20B1012607
:1007400030462BB0F0BD00BF28780026A9680028ED
:1007500018BF01F1FF00A86030462BB0F0BD0000CB
:1007600046F2B9220146C0F6000200204A637047F3
:1007700080B588B001EBC101D0F8153002EB8101E2
:10078000027DCDF819308DF8182090E80C500069E2
:1007900001AF059001A887E80C5006F0C1FE0028C3
:1007A00018BF012008B080BD80B584B001EBC10145
:1007B00002EB8101D0E900238068039001A8CDE914
:1007C000012306F0DBFE002818BF012004B080BD25
:1007D00040F23000C2F20000002101804160704709
:1007E0002DE9F04F87B040F23006C2F200063078B3
:1007F000012805D140F64C00C2F2000008F0E4FDEB
:1008000071780020DFE811F0060058005C00440019
:100810000C0100BF4CF27720C0F600000BF07CFA10
:1008200040F20000C2F20000002000BF06F0C0FE4F
:1008300004F09AFD07F0E4F888B940F63804C4F2F1
:10084000026400BF012002F057FB206840F0010065
:10085000206008F04DFE07F0D3F80028F2D004F035
:100860000FFD08F045FE07F067F9142000F0D4FFF3
:1008700007F022FE07F0BEF8002800F097804CF247
:10088000C820C0F600000BF047FA0120C8E000BF06
:10089000642000F0C1FF06F1080008F069F9044681
:1008A00001F0C0F97168002CA0EB010154D06BA0DD
:1008B0000AF098FEB3E000BF06F01CFB0220AFE098
:1008C000307850BB07F082FE00281CBF69A00BF0F7
:1008D00023FA07F033FE06F1080440F23431C2F285
:1008E0000001204608F0F2F80AF0B2F896F8381045
:1008F00066A00AF077FE0020307340F64C00C2F28A
:100900000000214608F012FD0124347396F83820C7
:10091000014665A00AF066FE347007F00FFE0AF08B
:1009200097F806F1080008F099F9142000F074FF18
:1009300001F078F9044640F2C830C2F2000006AA7D
:10094000602107F04BFE98B14CF2B420C0F60000D5
:100950000BF0E2F963E000BFB1F5FA5F61D396F8FE
:10096000381037A00AF03EFE002086F8390056E025
:1009700001F058F9BDF81810A0EB040808460AF079
:10098000BFFC4CF2DC25BDF818100028C0F60005AD
:1009900018BF0546032913D14CF2C410C0F600005D
:1009A00041462A4603230AF01DFE38E04CF2FF10B0
:1009B000C0F6000060210AF015FE012030E000BF03
:1009C0009DF81AB00020307301F02CF940F64C0964
:1009D000BDF818109DF81A20C2F200098246484658
:1009E0005B4608F0D3FB074601F01CF9BDF8184040
:1009F000A0EB0A0A484608F093FC96F838C0CDE907
:100A000002074CF21F20C0F60000414652462B461A
:100A1000CDE9004BCDF810C00AF0E4FD27B1042069
:100A2000707007B0BDE8F08F01F0FCF870604CF218
:100A30009C20C0F600000BF06FF90320F0E700BF28
:100A4000766F6963653A2074696D656F757420739C
:100A5000743D3078253032580D0A0000766F696396
:100A6000653A20646F6E652028256C756D73290DBD
:100A70000A0000004E616E6F4564676520696E690B
:100A800074206661696C65640D000000696E6665BE
:100A9000723A2073796E363238382073743D30786C
:100AA000253032580D0A0000696E6665723A20766C
:100AB0006F69636520696E6974207474733D256481
:100AC0002073743D3078253032580D0A0000000044
:100AD000FEE7000041EA00031343002908BF114666
:100AE000002818BF014681EA0300000C18BF01204E
:100AF000704700007047000040F2A02072B6C2F2BA
:100B00000000006843F60001C4F2010188420DD1E3
:100B100040F2A0204BF68451C2F20000C0F6000162
:100B200019224FF47A7305F06FFA00BFFEE7000058
:100B300000680069C0F307407047000000284FF0CC
:100B4000010218BF002901D110467047B0B5D0E9A5
:100B500004C2C369D0F818E01A43C36B1A4342EACF
:100B60000C0242EA0E020A6003789B0616D5D0E911
:100B700009C34FF07C75D0F82CE0846B05EB035370
:100B80004FF47C7505EB0C1503F07C7344EA0E04FE
:100B900005F47C7523432B431A430A604268036BB8
:100BA00040F27F252A401A434A60C368B3F5007FAC
:100BB00005D0B3F5806F04D10578AD0601D51A4391
:100BC0004A60436C43B1856C046C05F03F052243D9
:100BD00042EA05421A434A60B0F8683040F2000C1D
:100BE0008B600278C0F2FF7C920722D5C56C4FF073
:100BF00080540CEB054505EA0C052B438B60056D15
:100C000004EAD5054FF000542B448B60456D04EA8F
:100C100095054FF080442B448B60856D04EA5505A3
:100C20002B448B60C56DB5F1FF3FDCBF03F1004382
:100C30008B60036ECB60436E0B6103689D0703D42A
:100C40004FF4A06029E000BF036D0CF1C052002BEF
:100C500048BF5B426FF35F334B61456D2C04002D41
:100C600048BF05FB02F422401A434A61836D0CF130
:100C70007845002B48BF5B429AB28A61C36D1C0461
:100C8000002B48BF03FB05F422438A6103689807E1
:100C90004FF4E06058BF4FF4A06018430022086290
:100CA000BDE8B0401046704770B5044600F0BAFF8A
:100CB000002C04BF012070BD0546206840F6FF717E
:100CC000426920EA010642F006014161206841695B
:100CD000C9070BD000F0A6FF401B0628F6D3102052
:100CE000A065032084F85400012070BD40F24F61DC
:100CF000C5F2020188424FF00001416101600164C8
:100D000041648164C1640165C16711DC40F24F71C7
:100D1000C4F2020188421BDC40F25061C4F20201BD
:100D200088422DD040F2D061C4F2020126E000BF1B
:100D300040F24F71C5F20201884215DC40F2506169
:100D4000C5F2020188421BD040F2D06114E000BF1E
:100D500040F25071C4F20201884211D040F2D071C9
:100D6000C4F202010AE000BF40F2D071C5F20201F4
:100D7000884205D040F25071C5F20201884202D18A
:100D800000214165816500F57B61C1F3C412012139
:100D9000736801FA02F223EA020272604FF4FE4223
:100DA000C260626F0020C4E91800A066E066206798
:100DB00012B1117310616067E06D00281CBF002044
:100DC000E06500202065A06584F8540084F84C009C
:100DD00070BD000000284FF0010218BF002901D1AA
:100DE0001046704791F820C042F20002C0F800C0DF
:100DF0000B68C0F6004203F0080303610B6803F4BC
:100E0000002343610B6803F0030383610B6803F461
:100E10004033C3610B68C3F30513013343620B68AE
:100E2000C3F30553013383620B6803F04023C362AD
:100E30000B681A4082630A6802F4C052C2634B68AE
:100E40009A0509D403F07F0242604A79520754BFE1
:100E500000224FF4806202E04FF400724260C260F0
:100E60004A685FEA8C7302F4006282604A6802F4A6
:100E7000404202644A6802F040724264CA8802F04A
:100E80003F0282644A6802F0404202630A89826635
:100E90000CD40122C264CA68026609690022416654
:100EA000C0E91422C0E916221046704780B54A896D
:100EB0006FF3DF220132C264CA6802660A694266C1
:100EC0004B696FF35F330365B1F816C06FF35F3C96
:100ED000C0F854C0D1F808E05FEACE0203D55A4208
:100EE0000265D1F808E05FEA8E0244BFCCF100024F
:100EF0004265B1F818E0C0F858E08A694FEA124C30
:100F0000C0F85CC08A68530003D5CEF10002826548
:100F10008A68B2F1FF3FBDE88040C4BF002070473F
:100F2000CCF10001C165002070470000B0B5044657
:100F300000F078FE002C04BF0120B0BD0021054662
:100F4000206884F84C10022184F85410416941F063
:100F50000601416120684169C9070BD000F062FEBB
:100F6000401B0528F6D9012003221021A16584F831
:100F70005420B0BDD4E90E124F23C5F202039842AB
:100F800042EA010240F24F61C5F202011CDC40F26C
:100F90004F43C4F20203984232DC40F24F23C4F2C2
:100FA0000203984256DC40F24F13C4F20203984207
:100FB00000F394805023C4F20203984200F0E880CA
:100FC000D023C4F20203E1E040F24F43C5F2020332
:100FD00098422DDC40F24F23C5F2020398424BDCCD
:100FE00040F24F13C5F20203984200F3838050236E
:100FF000C5F20203984200F0CB80D023C4E000BFCA
:1010000040F24F63C4F20203984245DC40F24F5372
:10101000C4F20203984277DC40F25043C4F2020368
:10102000984200F0B58040F2D043C4F20203ADE034
:10103000884243DC40F24F53C5F2020398426FDC12
:1010400040F25043C5F20203984200F0A18040F202
:10105000D04399E040F24F33C4F20203984269DC76
:1010600040F25023C4F20203984200F0918040F213
:10107000D023C4F2020389E040F24F33C5F20203E9
:10108000984263DC40F25023C5F20203984200F01C
:101090007F8040F2D02377E040F24F73C4F2020326
:1010A00098425DDC40F25063C4F2020398426FD074
:1010B00040F2D063C4F2020368E000BF40F24F7315
:1010C000C5F20203984257DC40F25063C5F20203B6
:1010D00098425DD040F2D06356E000BF40F250131A
:1010E000C4F20203984253D040F2D013C4F2020378
:1010F0004CE000BF40F25013C5F20203984247D0C3
:1011000040F2D01340E000BF40F25053C4F202035B
:1011100098423DD040F2D053C4F2020336E000BF03
:1011200040F25053C5F20203984231D040F2D053FE
:101130002AE000BF40F25033C4F20203984227D0A5
:1011400040F2D033C4F2020320E000BF40F250333B
:10115000C5F2020398421BD040F2D03314E000BF26
:1011600040F25073C4F20203984211D040F2D0739F
:10117000C4F202030AE000BF40F2D073C5F20203DA
:10118000984205D040F25073C5F20203984201D153
:10119000236C1A434369884223F4430342EA03025F
:1011A00042614FF000020264636C43648264C26473
:1011B000026511DC40F24F71C4F2020188421BDC6F
:1011C00040F25061C4F2020188422DD040F2D06159
:1011D000C4F2020126E000BF40F24F71C5F20201E5
:1011E000884215DC40F25061C5F2020188421BD0F2
:1011F00040F2D06114E000BF40F25071C4F202012D
:10120000884211D040F2D071C4F202010AE000BF5E
:1012100040F2D071C5F20201884205D040F250710F
:10122000C5F20201884202D1002141658165002199
:10123000C167A06C012220650020A16584F85420BC
:10124000B0BD0000024600284FF0010018BF002981
:1012500000D170475069012804D104201061012099
:10126000704700BF2DE9F041146815462046002262
:101270000E46FFF72FFC28B1052028610120BDE8AC
:10128000F08100BF54B1216A326A514009062946F3
:1012900008D0042008610120BDE8F08129462E60B5
:1012A00071E000BF304640F2000E8E684FEA520CEB
:1012B000CFF6010E02F002026CF3596E002E02F11D
:1012C000050347D04FF6FC72771E04EA020542D0B0
:1012D0004FF6FF72023E24EA0202032E07F00308D3
:1012E0001CD327F003074FF6FC76154355F823501F
:1012F000043F05EA060545EA020555F8235005EACC
:10130000060545EA020555F8235005EA060545EAB3
:10131000020555F8235005EA0605E6D1B8F1000F9D
:1013200019D0154355F823504FF6FC76B8F1010F4C
:1013300005EA06050FD0154355F82350B8F1020F02
:1013400005EA060507D02A4352F823204FF6FC751C
:10135000154000E000254FF6FF724F6824EA0202B4
:101360006CF39A6E42EA050237B14FF6FC763740CD
:1013700047EA0E0740F823704FF6FC77384040EA02
:101380000E0042F8230088680122013088600020A6
:1013900008610A73BDE8F08100284FF0010218BF10
:1013A000002901D11046704790F8542090F854302D
:1013B000022B18BF052A07D140218165002180F842
:1013C0004C100120704700BF0A7B022A04D1012281
:1013D0000A611046704700BF026840F24F63C5F2D1
:1013E00002039A4210DC40F24F73C4F202039A42A5
:1013F0001ADC40F25063C4F202039A422CD040F24D
:10140000D063C4F2020325E040F24F73C5F2020339
:101410009A4215DC40F25063C5F202039A421BD097
:1014200040F2D06314E000BF40F25073C4F20203F4
:101430009A4211D040F2D073C4F202030AE000BF16
:1014400040F25073C5F202039A4205D040F2D073C5
:10145000C5F202039A420DD1036D4A68812B03D174
:1014600022B1416700207047002AFAD004200861A9
:10147000012070470A6892F820209207ECD50320DB
:101480000861012070470000002845D0436F002B01
:1014900042D080B590F85410D0F800E00129DEF871
:1014A00014C004D0022939D11CF4803136D090F810
:1014B0005410012924D190F84C1001294FF0020159
:1014C00025D0012280F84C2080F854101973002197
:1014D0008165196118680022016ACFF60102490886
:1014E00061F3596261F39A624FF6FF7120EA0101DC
:1014F000CEF800104FF6FC7108401044CEF87C0086
:10150000DEF81400002140F00100CEF81400BDE820
:1015100080400846704700BF012070474021816528
:10152000002180F84C100121BDE88040084670473A
:10153000B0B5044600F076FB002C04BF0120B0BD1E
:10154000054694F85400022824D12068416941F0EE
:1015500004014161052084F8540000BF2168086936
:1015600080041FD400F05EFB401B0628F6D3A06D5C
:1015700040F01000A065032084F8540094F8500057
:1015800000064FF0010001D5616F0873002184F857
:101590004C10B0BD2020A0650120002184F84C1023
:1015A000B0BD00BF4869012240F00200486104203C
:1015B00084F854004FF4FE40C86084F8542094F836
:1015C000500000064FF00000E0D5636F1A73886486
:1015D000002184F84C10B0BD80B190F8541002295D
:1015E0000AD1042180F85410006842F204024169D3
:1015F000114341610020704720218165012070471F
:10160000024600284FF0010008BF7047CB0612D5F4
:10161000136840F6FF7223EA020203F57B63C3F30B
:10162000C41301F0110198401129516814BF21EA37
:1016300000000843506000207047000090F85400FC
:101640007047000010B504680C23214604F57B6246
:1016500063F30B01C2F3C4120968D140C9074BD030
:101660002169490544BF61695FEA415146D4216956
:10167000090544BF61695FEA015147D42169C90482
:1016800044BF61695FEAC14148D42169490444BF4C
:1016900061695FEA414149D42169890544BF6169B3
:1016A0005FEA81514AD42169890444BF61695FEAD4
:1016B00081414FD42169C90544BF61695FEAC151C5
:1016C00064D4816DC1B101684A6942F002024A6185
:1016D000012180F8541090F85020120644BF426F48
:1016E0001173816E0022002980F84C2008BF10BDC4
:1016F000BDE81040084700BF10BD00BF4FF4806137
:10170000E160816D41F001018165B0E74FF4006156
:10171000E160816D41F002018165AFE74FF48051D6
:10172000E160816D41F004018165AEE74FF48041D5
:10173000E160816D41F008018165ADE74FF4007112
:10174000E160426E002AAED00446904720462468ED
:10175000A9E700BF4FF40051E16090F8541004294C
:101760001ED16169012221F400516161616941F07A
:101770000201616180F8542090F85010090603D5E9
:10178000416F0A730021A164C16EABE790F850105D
:10179000090611D4A16CD9B900F1540216E000BFBA
:1017A000052180F85410026F002A3FF483AF0446ED
:1017B0009047204624687DE7E16F49B9A16C39B9AB
:1017C000012180F85410416F01F10C0201211170C8
:1017D0004FF44071E160016E0022002980F84C2036
:1017E0003FF46FAF0446884720466AE7002804BFED
:1017F00001207047034690F8540001284FF0010083
:1018000008D1042988BF704701F03F0003EB800036
:101810000266002070470000B0B5044600F002FAEE
:10182000054640F20800C2F200000078611C18BFB3
:10183000044400BF00F0F6F9401BA042FAD3B0BD4B
:10184000002908BF70472DE9F04F84B040F2000B2B
:10185000C4F2026B584502917ED047F67F72C0F207
:101860002F0202EA90224FF0000A019200F12002BA
:1018700000270025012400922DE000BF036803210A
:1018800001FA05F6334303606FF0030101EA5803E0
:10189000009907F01C0C51F803E00F2202FA0CF239
:1018A0002EEA0202CA508268B243826042680399FB
:1018B00022EA01014160C168B143C160029931FA75
:1018C00004F204F1010405F1020507F104070AF12D
:1018D000080A00F08180A4F10108012202FA08F24E
:1018E00012EA010CEBD042F20001C4F20261039251
:1018F00001F1600928F003060AF0180B0F2159F8CE
:10190000066001FA0BFE019906EA0E0601FA0BF3D6
:101910009E42B3D142F20001C4F20261D1F880309C
:101920004FEA980623EA0C03C1F88030D1F88430DE
:1019300023EA0C03C1F884300B6823EA0C030B6024
:101940004B6823EA0C034B6059F8263023EA0E0358
:1019500049F8263092E700BF4BF6B85400204FF00C
:10196000030E4FF01C084FF00F09C0F600046FF093
:10197000030A03E0013031FA00F22DD021FA00F71A
:10198000FF07F7D004EBC00654F830707668DBF838
:101990000050012101FA06F39D43CBF80050750079
:1019A0003A680EFA05F52A433A600AEA560208EA4E
:1019B00086063A44D2F820C009FA06F62CEA060652
:1019C0001662BA68AA43BA607A6802999A437A6042
:1019D000FA68AA43FA60CDE704B0BDE8F04F70475B
:1019E0002DE9F04F83B00E68002E00F0178181467C
:1019F0002030019047F67F70C0F22F0000EA992056
:101A0000002200234FF0010B00274FF00008C4F222
:101A10000262CA464FF0000C00900FE00022C4F2B0
:101A200002620E680CF1010C36FA0CF008F10208A3
:101A300007F1040703F1080300F0F0800BFA0CF53E
:101A400016EA0500EDD09145029025D04E6846F08B
:101A50001002122A5ED16FF0030000EA5C020198C6
:101A600007F01C0550F802E00E690F24AC4006F0A8
:101A70000F062EEA0404AE4026438650DAF8002012
:101A800003204E6800FA08F5AA4306F0030505FA9C
:101A900008F52A4349E000BF10684E684BF6B85479
:101AA00006F00106A84306FA0CF6C0F6000430431F
:101AB00004EBCC061060D6F804E06FF0030054F895
:101AC0003CA000EA5E051C20554400EA8E06D5F8CD
:101AD00020B00F22484602FA06F92BEA0902814695
:101AE0000B2000FA06F632432A62DAF800204FEAA9
:101AF0004E05032000FA05F60220B24300FA05F570
:101B00002A43CAF800204E684FF0010B122E11D95B
:101B100036E000BFDAF80020032000FA08F5AA43F7
:101B200006F0030505FA08F52A43E646CAF8002040
:101B3000122E25D80BFA06F212F0061F1AD04FEA21
:101B40004E040320DAF8082000FA04F5C868AA4316
:101B5000A0401043CAF80800DAF804000BFA0EF2AD
:101B60009043320902FA0EF21043032ECAF8040021
:101B700002D005E0032E03D1886801283FF44EAF60
:101B8000DAF80C004FEA4E0203258C689540A84312
:101B900004FA02F21043F200CAF80C007FF53EAFDF
:101BA00042F2000E2CF00300C4F2026E7044026E8A
:101BB00003F018060F25B540AA43009D05FA06F666
:101BC00032430266DEF80000029C4A6840EA0406DE
:101BD000D50258BF20EA0406CEF80060DEF8040003
:101BE000950240EA040658BF20EA0406CEF80460D5
:101BF000DEF88400950340EA040658BF20EA040694
:101C0000CEF88460DEF88000D20340EA040658BFB4
:101C100020EA0406CEF8806000E700BF03B0BDE80C
:101C2000F08F000040F69400C2F200000068704798
:101C300090F84120202A03D190F84020012A01D1B8
:101C400002207047242280F841200268136823F0A4
:101C500001031360136823F480531360136819435E
:101C60001160116841F001011160202180F84110DC
:101C7000002180F8401000207047000090F84120BB
:101C8000202A03D190F84020012A01D10220704778
:101C9000242280F841200268136823F001031360B6
:101CA000136823F4706343EA01211160116841F065
:101CB00001011160202180F84110002180F84010BE
:101CC0000020704790F84110202903D190F840106F
:101CD000012901D102207047242180F841100168B8
:101CE0000A6822F001020A600A6842F480220A604F
:101CF0000A6842F001020A60202180F841100021A8
:101D000080F84010002070477047000070470000C6
:101D1000002804BF01207047242180F84110026888
:101D2000D0F88010136823F00103136029B942F240
:101D30007531C0F60001C0F8801010B50446884720
:101D40000020606484F84100206384F8420084F835
:101D5000400010BDD0F800C0DCF81820DCF80030DE
:101D6000D10503F0800308D53BB1416C41F001017E
:101D700041644FF48071CCF81C10510508D53BB17B
:101D8000416C41F0080141644FF48061CCF81C10B3
:101D9000910508D53BB1416C41F0020141644FF41B
:101DA0000071CCF81C10416C11F00B0F08BF70478C
:101DB00004F0C8BA0268436B91691268002B08BF2F
:101DC0007047184770470000002804BF0120704783
:101DD00010B590F8411000293ED1002180F8401044
:101DE00041F6F561C0F6000141F6F162416542F24B
:101DF000D941C0F60002C0F60001826542F2D54228
:101E0000C16541F6ED61C0F60002C0F60001026650
:101E100041F6FD62416641F6F961C0F60002C0F686
:101E20000001C0E91A2141F6C552C0F60002C16F97
:101E3000026741F6095241F60D53C0F60002C0F6A2
:101E40000003C0E91D2321B942F2A531C0F600010B
:101E5000C167044688472046242180F8411090E855
:101E60001210C3680A68012B22F001020A6024F0F4
:101E700070620A618A6822F400428A6004D14CF4DC
:101E800000428A600AE000BF4CF40442022B8A60E0
:101E900004D14A6842F4006203E000BF4A6822F4B9
:101EA00000624A604A6800F1100442F0007242F495
:101EB00000424A60CA6822F40042CA601CCC1A433D
:101EC00042EA0422C369CA60026A1A430A600A68C5
:101ED00042F001020A6000212022416480F8412082
:101EE000016380F84210002010BD00007047000020
:101EF0007047000070470000704700007047000006
:101F00002DE9F04F81B0044690F84100202807D118
:101F10000A9F4FB10B9E3EB194F8400001280BD1AF
:101F2000022001B0BDE8F08F4FF400706064012022
:101F300001B0BDE8F08F00BF01209A4690468B4665
:101F400084F84000FFF76EFE216805468A69120496
:101F50004BD422200C9A84F8410040204FF0000915
:101F600084F84200C4F8449067626685C4F83490EF
:101F7000584617466FF39F205FFA8AF24B6849F67E
:101F80000006CFF60046834640EA024003EA060216
:101F9000104400F500504860204639462A4604F0B7
:101FA00055FFC0B92068BAF1010F09D04FEA1821D6
:101FB0008162204639462A4604F048FF58B9206815
:101FC0005FFA88F181622046402100223B4600955D
:101FD00004F082FE50B384F84090012001B0BDE8C7
:101FE000F08F00BF88690004B3D5204619212A4626
:101FF00004F06CFC00289AD1FFF714FE401B216806
:102000001A28EFD388690004ECD5606C40F02000FA
:102010006064202084F84100002084F8420084F8A5
:102020004000012001B0BDE8F08F00BF608D40F29C
:10203000000ABC46B0F5807FC0F2FF1A08D32068C2
:102040000AF5105350F8041F01EA0602FF2109E0C7
:10205000618D2068CBB250F8042F324042EA03422F
:102060000AF592331A4342EA0B020BF100784FF063
:10207000FF0906F580666746026021850CE000BF17
:10208000608D21682085C0B24A6848EA004032402D
:1020900010434860608DA8B32046042100223B46CF
:1020A000009504F019FE00287FF441AF2068616AB2
:1020B000406A0870606A218D01306062481E208588
:1020C000618D01396185618D0029E3D00004E1D182
:1020D0002046802100223B46009504F0FDFD0028AB
:1020E0007FF425AF608DB0F5807FC9D32068A4F858
:1020F00028904168314041EA0B0141EA0A01416000
:10210000C8E700BF204639462A4604F061FE002891
:102110007FF40DAF20682021C16142684EF60003B4
:10212000CFF600631A404260002084F8411084F822
:10213000420084F8400001B0BDE8F08F2DE9F04F77
:1021400081B0044690F84100202807D10A9F4FB182
:102150000B9E3EB194F8400001280BD1022001B043
:10216000BDE8F08F4FF400706064012001B0BDE85D
:10217000F08F00BF01209A4691468B4684F84000BC
:10218000FFF750FD216805468A6912044DD42120CD
:1021900084F8410040200C9A84F842004FF0000877
:1021A0006FF39F2B5FFA8AF0C4F8448067626685FC
:1021B000C4F834805F464BEA004049F6004B1646AF
:1021C000CFF6004B4A68ABF580631A40104440F0EC
:1021D000807040F400504860204631462A4604F0A2
:1021E00035FEC0B92068BAF1010F09D04FEA1921B4
:1021F0008162204631462A4604F028FE58B92068FC
:102200005FFA89F1816220468021002233460095E1
:1022100004F062FD50B384F84080012001B0BDE8B5
:10222000F08F00BF88690004B1D5204619212A46E5
:1022300004F04CFB002898D1FFF7F4FC401B216808
:102240001A28EFD388690004ECD5606C40F02000B8
:102250006064202084F84100002084F8420084F863
:102260004000012001B0BDE8F08F00BF608D40F25A
:102270000009B446B0F5807FC0F2FF1908D320688A
:102280004B4650F8041F01EA0B02FF210BE000BF90
:10229000618D2068CBB250F8042F02EA0B0242EAAB
:1022A00003424FF000731A433A4307F1007A4FF0AC
:1022B000FF086646026021850DE000BF608D216841
:1022C0002085C0B24A684AEA004002EA0B02104385
:1022D0004860608D90B3204631462A4604F0B6FD32
:1022E00000287FF442AF606A226810F8011B9162F7
:1022F0006062608D01386085208D01382085618D98
:102300000029E6D00004E4D1204680210022334693
:10231000009504F0E1FC00287FF427AF608DB0F554
:10232000807FCBD32068A4F82880416801EA0B01A4
:10233000394341EA09014160CBE700BF20463146FD
:102340002A4604F045FD00287FF40FAF20682021C5
:10235000C16142684EF60003CFF600631A40426046
:10236000002084F8411084F8420084F8400001B055
:10237000BDE8F08F006842F60001C4F200618842B7
:1023800018BF704740F6A842C4F2026210680321E9
:1023900020F0800340F60000C4F202201360FFF733
:1023A0004FBA0000B0B5B8B0044602A80025083006
:1023B000B8213795CDE93555CDE93355FDF7A4FF63
:1023C000206842F60001C4F20061884202D038B0B1
:1023D000B0BD00BF4FF480700290C0201D9002A8D5
:1023E000039501F071FC002818BFFEF785FB40F64D
:1023F0008C44C4F20264206833A940F004002060D9
:10240000206800F00400019001980320339012200E
:1024100034900020CDE935000420379040F60000CC
:10242000C4F20220FFF7DCFAE06940F08000E061CE
:10243000E06900F080000190019838B0B0BD000064
:10244000AAB190F84130202B0ED10A290FD8DFE82D
:1024500001F0073125292135392D3D191D0000BF17
:1024600042650020704700BF90F8413033B1416CA5
:1024700041F4807141640120704700BF0A2905D0F2
:102480000929F4D1C2670020704700BFC0F880203E
:102490000020704742660020704700BFC2650020E0
:1024A000704700BF02660020704700BF026700202F
:1024B000704700BF82650020704700BF8266002021
:1024C000704700BFC2660020704700BF426700200F
:1024D00070470000704700007047000040F2004164
:1024E000C4F203010A68D2071CBF012070470A68C2
:1024F00022F00402104308600020704740F20041BF
:10250000C4F20301086840F0010200200A6070472D
:1025100040F2080040F69401C2F20000C2F200014D
:1025200000780A68104408607047000080B542F2E5
:102530000000C4F20200016841F4807101600320D0
:1025400000F04AFB02F05CF840F62041C4F2026160
:1025500009684BF66C5201F00F01C0F60002515CA5
:10256000C84040F21401C2F200010860042002F0E9
:1025700091FE0F2000F008F800281CBF012080BD4C
:1025800000F0C6FA002080BDB0B540F20805C2F2E6
:1025900000052978E1B304464EF21000CEF20000A7
:1025A0000068400710D402F0C3FE022824D001289E
:1025B0001AD078BB40F21400C2F2000000682978FB
:1025C0004FF4FA5207E000BF40F21400C2F20000DC
:1025D00000684FF47A72B2FBF1F1B0FBF1F002F057
:1025E00095FEA8B91BE000BF28784FF47A71B1FBC3
:1025F000F0F04FF4FA4106E028784FF47A71B1FB1D
:10260000F0F04FF40041B1FBF0F002F07FFE30B18A
:102610000120B0BD002002F079FE0028F8D14FF073
:10262000FF302146002200F0ABFA00206C60B0BD04
:1026300070470000704700007047000070470000BE
:1026400070470000704700007047000070470000AE
:102650007047000070470000002804BF0120704749
:10266000F0B581B090F84A10002954D1002180F8CB
:10267000491042F2396142F23162C0F60001C0F6FF
:102680000002816542F60531C26542F23D62C0F644
:102690000001C0F60002016642F23561426642F274
:1026A0004562C0F60001C0F60002816642F2416157
:1026B000C26642F60932C0F60001C0F60002C0E967
:1026C0001C1242F6013142F60D32C0F60001C0F68E
:1026D0000002816742F24961C26742F24D62C0F670
:1026E0000001C0F60002C0E9201242F25162C0F6B9
:1026F0000002016DC0F8882042F25562C0F6000267
:10270000C0F88C2021B942F6FD01C0F60001016538
:10271000044688472046022180F84A10D0F800E09D
:10272000416BDEF81020002342F00102CEF81020A9
:102730004FF48072CEF80420CEF8281040F2140135
:10274000C2F20001096841F25972CDF2B712A1FB41
:102750000212910B4FF47A7201FB02F1C1F10404F1
:102760002246DEF80010C90513D4DEF80010C905B2
:102770005CBFDEF800105FEAC1510AD4002A08BF2E
:102780000323DEF8001022B111F4807102F104027B
:10279000E7D0D9B2032903D1032001B0F0BD00BFB7
:1027A0001021CEF80410016A0023CEF81810DEF8CC
:1027B0000010C90613D4DEF80010C9065CBFDEF8AD
:1027C00000105FEAC1610AD4002C08BF0323DEF8C1
:1027D000001024B111F0100104F10404E7D0D9B2C3
:1027E000032903D1032001B0F0BD00BFDEF82C1097
:1027F00089075CBFDEF82C105FEA813176D5DEF800
:102800000C204468D0F828C0012C04D0BCF5000F7F
:1028100003D14FF4000C22F01E0243694FF6FF76FD
:102820008168456A41F23E17B3424FF2FE16CFF679
:10283000397718BF3A40CFF63976324029431143F1
:10284000002C41EA0C0247D0012C44EA020402D0D9
:10285000BCF5000F04D1D0E90312214341EA020480
:102860004FF6FF718B4204D0D0E906121143194391
:102870000C4344F2FF71C4F200618E45CEF80C4067
:1028800010DC49F20041C4F200018E4505D044F24B
:102890000041C4F200618E4513D1D0E90B120A4306
:1028A0000DE000BF44F60001C4F200618E4505D082
:1028B00044F60041C4F200618E4502D1C26ACEF8EE
:1028C0002420012180F84B1080F84C1080F84A1029
:1028D000002001B0F0BD00BF0169C469214341EA95
:1028E0000204BCF5000FB6D0BAE700BFDEF8101046
:1028F00021F00101CEF8101081E7000070470000C0
:1029000010B50223012A80F84A300FD0002A4FD197
:10291000026844F60043D46AC4F200639A4224F089
:102920000D0C4BD04B684CEA830C4EE00268D2F899
:102930002CE0D1E9001C136943F0010313614FF44B
:1029400000235360516340F21401C2F20001096890
:1029500041F25973CDF2B713A1FB0313990B4FF456
:102960007A7301FB03F1C1F104030021146824030D
:1029700010D4146824035CBF14685FEA043409D4DB
:10298000002B08BF0321146823B114F4002403F1C1
:102990000403EBD009064AD1D36A2EF4502141EA50
:1029A0008C419B075CBFD36A5FEA833356D5D16203
:1029B000012180F84A10002010BD00BFDB684C6880
:1029C00023F4001343EA4453D360136943F0010333
:1029D000136108235360096841F25973516140F251
:1029E0001401C2F200010968CDF2B713A1FB031371
:1029F000990B4FF47A7301FB03F1C1F10403002139
:102A00001468240710D4146824075CBF14685FEAB4
:102A1000047409D4002B08BF0321146823B114F0F7
:102A2000080403F10403EBD0C9B2032902D1032047
:102A300010BD00BFD16A89075CBFD16A5FEA8131EE
:102A400006D5C2F82CC0012180F84A10002010BD24
:102A5000116921F001011161F3E700BF136923F04F
:102A600001031361A3E700000246022082F84A0036
:102A7000106829B1012909D16FF4003C02E000BFC0
:102A80006FF0020CC36A03EA0C03C362C36A9B07BC
:102A90005CBFC36A5FEA83330AD54C20002908BFB4
:102AA0004B2001211154002082F84A10704700BFCA
:102AB000036923F001030361EFE700008AB190F896
:102AC0004A30012B0AD1102924BF0120704750231E
:102AD00003EB8101C9B242500020704790F84A30A0
:102AE00013B10120704700BF31B10129F9D1542140
:102AF00042500020704700BF5021425000207047D4
:102B000070470000704700007047000070470000E9
:102B100081B040F69440C4F20260016841F00401C3
:102B20000160006800F004000090009801B0704758
:102B3000002848BF70471C2200F01F0102EAD000A5
:102B4000012202FA01F14EF28012CEF2000281500F
:102B5000BFF34F8FBFF36F8F70470000002848BF4F
:102B600070471C2200F01F0102EAD000012202FA85
:102B700001F14EF20012CEF20002815070470000C7
:102B800010B54EF60C5CCEF2000CDCF80030C3F34E
:102B9000022E8EF00704042C28BF0424BEF1030388
:102BA0004FF0FF3E38BF00230EFA04F4A1439940D2
:102BB0000EFA03F39A43114300F00F0200F1604351
:102BC0000901043A03F564436244002848BF02F156
:102BD0000C03197010BD00004EF60C51CEF200012E
:102BE0000A684FF6FF031A4060F30A2242F0806041
:102BF00040F0FD700860704740F60401C4F20261C5
:102C00000A6822F0004210430860704740F2140145
:102C1000C2F200010A6841F25973CDF2B71340F6CF
:102C20003C01C4F20261A2FB032351F8342C0028BA
:102C30004FEA93301CD042F00202023041F8342CAB
:102C40000A68920732D4012830D00A6892072FD43C
:102C500002282DD00A6892072CD403282AD00A68AB
:102C60009207A0F1040226D404281046E8D122E0FD
:102C700022F00202023041F8342C00BF0A689207A9
:102C800014D5012812D00A68920711D502280FD056
:102C90000A6892070ED503280CD00A689207A0F1A3
:102CA000040208D504281046E8D104E0421E02E0E0
:102CB000821E00E0C21E0020002A08BF03207047C9
:102CC00040F60C0CC4F2026CDCF8302002F4403206
:102CD00082420BD1B0F1011F68D3DCF8000040F450
:102CE0008020CCF800000020704700BFDCF80020F6
:102CF000B0F5803F22F4E02242EA000240F21400E4
:102D000088BF42F48022CCF80020C2F200000068A4
:102D100041F25972CDF2B712A0FB0202900B0346AA
:102D2000DCF80010B3F1FF3218BF012209041ED4F1
:102D3000591C1CD0DCF80010002B1A4618BF0122C9
:102D4000090414D49BB1DCF800105A1E18BF0122EC
:102D500009040CD4012B0AD0DCF800109A1E18BF0D
:102D60000122090403D4022BA3F10403D8D112B326
:102D7000DCF83010421C090416D4AAB1DCF830107B
:102D8000090412D488B1DCF83010090410D40128E9
:102D90000ED0DCF83010021F090402D402281046BD
:102DA000E6D1901C10B906E0104620B10020704713
:102DB00001380028FAD10320704700004FF6FF7158
:102DC00020EA0101B1F5801F0EDBB1F5000F19DA21
:102DD000B1F5801F24D0B1F5001F37D14FF4007139
:102DE00001EA40202BE000BFB1F5803F14D0B1F5DF
:102DF000003F21D0B1F5002F28D1402101EA8010F9
:102E00001DE000BF12D0B1F1807F18BF70474FF4B2
:102E1000805101EA003012E000F007000FE000BF2F
:102E20004FF4807101EA002009E000BF4FF4006117
:102E300001EAC02003E000BF302101EA001040F6A3
:102E40000401C4F202610A68104308607047000080
:102E500040F60400C4F20260016821F400510160F0
:102E6000704700004FF6FF7120EA0101B1F5801FA5
:102E70000EDBB1F5000F19DAB1F5801F24D0B1F5E2
:102E8000001F38D14FF4007101EA40202BE000BF51
:102E9000B1F5803F14D0B1F5003F21D0B1F5002F3E
:102EA00029D1402101EA80101DE000BF12D0B1F10C
:102EB000807F18BF70474FF4805101EA003012E064
:102EC00000F007000FE000BF4FF4807101EA00201E
:102ED00009E000BF4FF4006101EAC02003E000BF39
:102EE000302101EA001040F60401C4F202610A68D0
:102EF00022EA00000860704740F60002C4F2026255
:102F00001368022161F302034EF61051CEF2000164
:102F100013600A68012842F004020A600FBF30BF44
:102F200040BF20BF20BF086820F004000860704741
:102F300040F63C00C4F20260006800F44030704784
:102F400040F62800C4F20260016841F0010101600E
:102F5000704700000279012A08D10222027102683A
:102F60001160012101710020704700BF02218160C2
:102F700001207047B0B54FF00104B0B102210171DA
:102F8000054600F015F8286840F20312016821F0A8
:102F900010010160416821F00B014160416911435A
:102FA00041610020A8602C7100242046B0BD0000C3
:102FB00070470000B0B540F6284EC4F2026EDEF84D
:102FC0000C50DEF80030DEF80010DEF80020DEF8ED
:102FD0001040D206E40804EAE272C1F3032103F0D0
:102FE00003036FF35F3201F1010C00EE102A6FF35F
:102FF0005F25B8EE400ADFE803F003030B0B00BFC8
:103000005EF8201C09025DD4DEF8CC100B045BE0F6
:1030100001EE10CA9FED472AB8EE411ADEF80C10F7
:1030200082EE011A6FF35F2102EE101A9FED403A13
:10303000B8EE422A20EE030A30EE020AB7EE002A6A
:1030400030EE020A21EE000ADEF80010C90360D556
:10305000DEF80C10C1F34621013101EE101AB8EE72
:10306000411A80EE011ABCEEC11A11EE102A02605C
:10307000DEF80010890352D5DEF80C10C1F30641CA
:10308000013101EE101AB8EE411A80EE011ABCEEC1
:10309000C11A11EE102A4260DEF80010490344D52F
:1030A000DEF80C10C1F30661013101EE101AB8EE22
:1030B000411A80EE010ABCEEC00A10EE101A8160BF
:1030C000B0BD00BF5EF8203C4BF63862190FC0F669
:1030D000000202EB810102EE10CA91ED001AB8EE77
:1030E000422AB8EE411A9FED123A81EE021A02EE20
:1030F000105A20EE030AB8EE422A30EE020AB7EE6A
:10310000002A30EE020A20EE010ADEF80010C903A0
:103110009ED400220260DEF800108903ACD40022A5
:103120004260DEF800104903BAD400218160B0BDCE
:10313000000000390024744BB0B540F62C4EC4F2A8
:10314000026EDEF81050DEF80030DEF80010DEF817
:103150000020DEF81440D206E40804EAE272C1F36B
:10316000032103F003036FF35F3201F1010C00EE62
:10317000102A6FF35F25B8EE400ADFE803F003037F
:103180000B0B00BF5EF8241C09025DD4DEF8C810EA
:103190000B045BE001EE10CA9FED472AB8EE411A1E
:1031A000DEF8101082EE011A6FF35F2102EE101AA2
:1031B0009FED403AB8EE422A20EE030A30EE020AB2
:1031C000B7EE002A30EE020A21EE000ADEF8001007
:1031D000C90360D5DEF81010C1F34621013101EEBC
:1031E000101AB8EE411A80EE011ABCEEC11A11EEA7
:1031F000102A0260DEF80010890352D5DEF81010A4
:10320000C1F30641013101EE101AB8EE411A80EE09
:10321000011ABCEEC11A11EE102A4260DEF800104D
:10322000490344D5DEF81010C1F30661013101EE07
:10323000101AB8EE411A80EE010ABCEEC00A10EE78
:10324000101A8160B0BD00BF5EF8243C4BF63862B6
:10325000190FC0F6000202EB810102EE10CA91EDD7
:10326000001AB8EE422AB8EE411A9FED123A81EEEA
:10327000021A02EE105A20EE030AB8EE422A30EE8D
:10328000020AB7EE002A30EE020A20EE010ADEF84A
:103290000010C9039ED400220260DEF800108903EA
:1032A000ACD400224260DEF800104903BAD40021F9
:1032B0008160B0BD000000390024744BB0B540F609
:1032C000304EC4F2026EDEF81450DEF80030DEF844
:1032D0000010DEF80020DEF81840D206E40804EA08
:1032E000E272C1F3032103F003036FF35F3201F1D4
:1032F000010C00EE102A6FF35F25B8EE400ADFE8FC
:1033000003F003030B0B00BF5EF8281C09025DD419
:10331000DEF8C4100B045BE001EE10CA9FED472AF3
:10332000B8EE411ADEF8141082EE011A6FF35F2135
:1033300002EE101A9FED403AB8EE422A20EE030A40
:1033400030EE020AB7EE002A30EE020A21EE000A41
:10335000DEF80010C90360D5DEF81410C1F3462171
:10336000013101EE101AB8EE411A80EE011ABCEEDE
:10337000C11A11EE102A0260DEF80010890352D53E
:10338000DEF81410C1F30641013101EE101AB8EE57
:10339000411A80EE011ABCEEC11A11EE102A4260E9
:1033A000DEF80010490344D5DEF81410C1F30661BD
:1033B000013101EE101AB8EE411A80EE010ABCEE9E
:1033C000C00A10EE101A8160B0BD00BF5EF8283C44
:1033D0004BF63862190FC0F6000202EB810102EED3
:1033E00010CA91ED001AB8EE422AB8EE411A9FEDCC
:1033F000123A81EE021A02EE105A20EE030AB8EEDB
:10340000422A30EE020AB7EE002A30EE020A20EE1F
:10341000010ADEF80010C9039ED400220260DEF823
:1034200000108903ACD400224260DEF8001049038A
:10343000BAD400218160B0BD000000390024744B73
:1034400080B584B0024647F6FF7300209B1A70EBEC
:1034500001033BDA4FF6FF73C0F23F039B1A70EB98
:1034600001036BDB4FF6FF73C0F203039B1A4FF0AF
:10347000000C7CEB010380F201814FF6FF73C0F278
:103480000F039B1A7CEB0103C0F25E8182F4802360
:103490000B4300F0798282F40022114340F006844D
:1034A00040F60040C4F20260D0F8E410026801F473
:1034B0004051920440F17C83002940F0798346F624
:1034C0000040C0F2DC2004B080BD00BFD2F17F0319
:1034D00070EB01035ADA40F2FF339B1A4FF0000CF5
:1034E0007CEB010380F29A8040F6FF739B1A7CEB21
:1034F0000103C0F2058182F480630B4300F0008277
:1035000082F40062114340F0D18340F60040C4F2DF
:103510000260D0F8E81011F4407100F0C982D0F8D0
:10352000F020B1F5807F03D112F0006240F03583C6
:103530000268B1F5007F00F0A681A8E16FF07E433C
:103540009B1A4FF0000C7CEB010380F2BB806FF004
:1035500078439B1A7CEB0103C0F2148182F0007364
:103560000B4300F0278282F08062114340F09E837B
:1035700040F60040C4F20260D0F8E410C1F30151FB
:10358000DFE811F0F00296025202F602B2F1010EEB
:1035900061F1000CDEF11F034FF0000373EB0C032D
:1035A000C0F01681DFE81EF0200082038203920142
:1035B00082038203820378018203820382038203EF
:1035C0008203820382035C018203820382038203FB
:1035D00082038203820382038203820382038203C3
:1035E000820382038203380140F60040C4F2026085
:1035F000D0F8E01001F00301012900F0B3820029A6
:1036000000F050820268022903D112F4806240F077
:10361000F682D0F8F000032991E100BF82F0800328
:103620000B4300F0598282F480730B4300F0028256
:1036300082F40072114340F0398340F60040C4F236
:103640000260D0F8E81011F4406100F0BD82D0F8BB
:10365000F020B1F5806F03D112F0006240F09D823E
:103660000268B1F5006F03D112F4806240F0C782A6
:10367000D0F8F000B1F5406F61E100BF82F4004383
:103680000B4300F0478282F480330B4300F0E48167
:1036900082F40032114340F0098340F60041C4F245
:1036A0000261D1F8E800C0F30242042A00F29082DD
:1036B0004BF68030DFE812F03E02E4019602FA0297
:1036C000640200BF82F480030B4300F0398282F46D
:1036D00000030B4300F0DA8182F08072114340F066
:1036E000E58240F60040C4F20260D0F8E010C1F379
:1036F0000141DFE811F032023702E701DD0100BFCE
:1037000082F480530B4300F0238182F40052114372
:1037100040F0CC8240F60041C4F20261D1F8E400EE
:10372000C0F34212042A00F253824BF68030DFE8E5
:1037300012F053020500A701BD02AB0201A8FFF77A
:10374000BDFD019804B080BD82F480130B4300F0EE
:103750003F8182F40012114340F0A88240F60040FD
:10376000C4F20260D0F8E410490400F18981D0F875
:10377000E010C1F38161DFE811F03701FB0157016F
:103780009B0100BF82F000630B4300F0378182F0A1
:103790008052114340F08A8240F60041C4F2026137
:1037A000D1F8E800D1F8F020920700F4004202D5E9
:1037B000002A00F0FA80D1F8F00000014FF000007C
:1037C00040F17482002A00F07182D1F8F000E6E145
:1037D00082F04002114340F0698240F60041C4F299
:1037E0000261D1F8E00000F44060B0F5806F00F0B5
:1037F000B981002800F0B1810A68B0F5006F03D1EB
:1038000012F4806240F0FB810A68B0F5406F4FF01F
:10381000000000F0418249E240F60041C4F202613A
:10382000D1F8E80000F00700012800F09B81002893
:1038300000F00C810A68022803D112F4806240F083
:10384000DE81D1F8F020032803D112F0020240F00B
:10385000AC800A6804284FF0000000F01D8225E2C9
:1038600040F60040C4F20260D0F8E01001F440716C
:10387000B1F5807F00F07681002900F06E8102684A
:10388000B1F5007F03D112F4806240F0B881D0F826
:10389000F000B1F5407F52E040F60040C4F2026013
:1038A000D0F8E01001F0C001402900F05B81002950
:1038B00000F053810268802903D112F4806240F045
:1038C0009E81D0F8F000C02939E000BF40F60040EA
:1038D000C4F20260D0F8E01001F03001102900F0CD
:1038E0004181002900F039810268202903D112F4B6
:1038F000806240F08481D0F8F00030291FE000BFE2
:1039000040F60040C4F20260D0F8E01011F440210B
:1039100000F02381D0F8F020B1F5802F03D112F010
:10392000006240F03A810268B1F5002F03D112F431
:10393000806240F06481D0F8F000B1F5402F00F0D3
:1039400002024FF0000008BF900304B080BD00BF2A
:1039500040F60041C4F20261D1F8E4000A6800F4C4
:103960000060520502D5002800F04981096800284E
:103970001CBF41F20020C0F27A0001F480610029EE
:1039800008BF084604B080BD40F60040C4F20260A3
:10399000D0F8F010D0F8F02001F44071920740F117
:1039A000F580B1F5807F40F0F1804FF4004004B025
:1039B00080BD00BF40F60040C4F20260D0F8E810BD
:1039C000C1F3C101DFE811F04200CE007E007400B7
:1039D00040F60040C4F20260D0F8E010C1F381610B
:1039E000DFE801F002C62266006846F60041800466
:1039F000C0F2DC2101EAE07004B080BD40F6004076
:103A0000C4F20260D0F8E0100068800301F040705A
:103A100002D5002800F0F380B0F1007F00F0DC80D8
:103A2000B0F1807F40F0D48001A8FFF7C3FA02987C
:103A300004B080BD40F60040C4F20260D0F8E81047
:103A4000C1F38111DFE801F0028E3E3404B0BDE81D
:103A5000804000F0B5BD00BF40F60041C4F20261F5
:103A6000D1F8E40000F00702042A00F2B1804BF61E
:103A70008030DFE812F05F000500B7001B01850011
:103A800001A8FFF797FA019804B080BD40F6004006
:103A9000C4F20260D0F8E010C1F30151DFE801F098
:103AA0000262120804B0BDE8804000F069BD00BFAA
:103AB0000168890640F18C80816809025ED4D0F8E3
:103AC000F400F1E0006842F200414005C0F2F40168
:103AD00001EAE07004B080BD40F60041C4F202612A
:103AE000D1F8E00000F44050B0F5805F3AD00028F3
:103AF00033D00A68B0F5005F03D112F4806240F061
:103B00007E800A68B0F5405F4FF0000000F0C4808E
:103B1000CCE000BF40F60041C4F20261D1F8E800F9
:103B2000C0F30232052A00F29580DFE802F0031BA1
:103B30008D93932904B0BDE8804000F0EBBC00BF3A
:103B400040F60041C4F20261D1F8E00000F44040C8
:103B5000B0F5804F06D000284AD104B0BDE88040BF
:103B600000F0EEBC04B0BDE8804000F049BD00BFED
:103B700001A8FFF7E1FA029804B080BD806898E0E0
:103B80000868800600F18B8022E000BFD0F8F020AA
:103B900012013BD5B1F5007F38D1D0F8F000C0005C
:103BA0004FF0FA0058BF4FF4FA4004B080BD00BF98
:103BB0000268920438D5B1F5805F35D143F20060D8
:103BC000C0F26E1004B080BD016889063FF574AF85
:103BD000002004B080BD00BF01A8FFF7ADFA019836
:103BE00004B080BD01A8FFF769FB029804B080BD56
:103BF0000A68B0F5004F49D112F4806246D042F213
:103C00000040C0F2F40004B080BD00BF0068B1F510
:103C1000407F00F400324FF0000004BF4AF2201051
:103C2000C0F207000CE000BF0068B1F5005F00F4CF
:103C300080624FF0000004BF42F20040C0F2F40086
:103C4000002A08BF104631E001A8FFF775FA039873
:103C500004B080BD00F4E0420B6842F20040B2F5CF
:103C6000405FC0F2F40002D113F400331ED10968A2
:103C700011F4806118BF0146B2F5804F18BF0021D2
:103C8000084604B080BD00BF08681CE70A68B0F5AC
:103C9000404F4FF0000009D112F0200206D0886892
:103CA000000205D4D1F8F400000402E004B080BDA5
:103CB0008868C0F303604BF63861C0F6000151F824
:103CC000200004B080BD00002DE9F04F81B0044613
:103CD000006840F6E046C107C4F202661CD1410705
:103CE00022D4010728D4C1062ED4810634D441063B
:103CF0003AD4010640D4C10546D441024CD48105D2
:103D000052D4410558D401055ED440F628488004B9
:103D1000C4F2026864D48CE03168226D21F00301A2
:103D2000114331604107DCD53168626D21F030010B
:103D3000114331600107D6D53168A26D21F0C00171
:103D400011433160C106D0D53168E26D21F4407174
:103D5000114331608106CAD5B168226E21F0070196
:103D60001143B1604106C4D53168626E21F44061EF
:103D7000114331600106BED53168A26E21F4405175
:103D800011433160C105B8D5B168E26E21F0C001C0
:103D90001143B1604102B2D53168226F21F4404134
:103DA000114331608105ACD5B168626F21F4406187
:103DB0001143B1604105A6D53168A26F21F44021BD
:103DC000114331600105A0D5B168E26F21F4407163
:103DD0001143B16040F628488004C4F2026828D537
:103DE000D4F88C004FEA7011042929D8DFE801F0DB
:103DF00004140C1C1C0000BF04F1080004F070FD4A
:103E00000546B8B90EE000BFD8F8001041F4803183
:103E1000C8F8001008E000BF04F12C0004F0DAFD3F
:103E2000054638B9D4F88C00716821F0E0010843E8
:103E3000706000256078000606D4284623E000BFA5
:103E4000012560780006F8D5D4F8A0004FEA30309C
:103E5000052800F2C7810228284605D0074650B140
:103E6000A178C90713D12FE004F1080004F038FD50
:103E700000280746F4D1B068D4F8A01020F4E04040
:103E80000843B06000202F46A178C9071CD0D4F8A1
:103E90008410042900F29E81DFE811F00C00060076
:103EA00088010C000C0000BFD8F8001041F48031EC
:103EB000C8F80010054640B97068D4F8841020F0A6
:103EC00007000843706000203D46A17889071DD592
:103ED000D4F888104FEA3141042900F27F81DFE8ED
:103EE00011F00B0005006F010B000B00D8F800105B
:103EF00041F48031C8F80010824640B9B068D4F867
:103F0000881020F4E0200843B0600020AA46A17881
:103F1000490701D4574659E0834656F84C0C5FEAEE
:103F200040790BD456F84C0C40F0040046F84C0C89
:103F300056F84C0C00F00400009000984FF6004733
:103F4000CFF6FF7758F8070040F0010048F8070067
:103F5000FDF768FE054600BF58F80700C00707D107
:103F6000FDF760FE401B0228F6D90320032724E05A
:103F70005846BBF1000F5F461FD1306910F4407006
:103F800012D0D4F8B81088420BD03069316920F4CF
:103F9000407041F480313161316921F48031316107
:103FA0003061C00740F026813069D4F8B81020F4A1
:103FB00040700843306100205746B9F1000F05D426
:103FC00056F84C1C21F0040146F84C1CA178C90697
:103FD00018D5D4F898104FEAB161032900F2DC80BB
:103FE000DFE801F00602CE0604F1080004F078FCD8
:103FF000024640B93068D4F8981020F04060084379
:10400000306000203A4621680B031FD5D4F8903069
:1040100033B1B3F5005F18BFB3F5805F40F0C080E7
:10402000054668B1CA0414D48A021BD40A022BD4F0
:10403000CA0132D48A0139D4490140D463E000BFB7
:10404000706820F440501843706000201546CA0480
:10405000EAD57268D4F8943022F400621A43726090
:104060008A02E3D5D4F89C20B2F5804F05D1D8F868
:10407000003043F48033C8F80030736823F4804381
:104080001A4372600A02D3D53268D4F8AC3022F4F5
:1040900040121A433260CA01CCD53268D4F8B0302D
:1040A00022F440321A4332608A01C5D5B268D4F88E
:1040B000B43022F018021A43B260490123D5D4F873
:1040C000A810B1F5401F0FD0B1F5001F05D1D8F8E9
:1040D000001041F40031C8F80010074658B1E178EB
:1040E000090714D437E000BF04F1080004F0F8FB1E
:1040F00000280746F3D17068D4F8A81020F44010C7
:104100000843706000202F46E178090723D5D4F8D2
:10411000801059B1B1F1007F10D0B1F1807F29D169
:10412000D8F8001041F40031C8F8001060B1E1780F
:10413000C90614D401B0BDE8F08F00BF04F1080037
:1041400004F0CEFB0028F2D13068D4F8801020F0C3
:104150004070084330603846E178C906EAD5B16856
:10416000D4F8A42021F400411143B16001B0BDE8AE
:10417000F08F00BF0120E178C906DBD5EFE700BF73
:10418000D8F8001041F40031C8F8001000280246A9
:104190007FF439AF2EE700BF0120012233E700BFD3
:1041A00001200125CA047FF53FAF52E704F12C003E
:1041B00004F010FC002805467FF487AE7CE600BFC3
:1041C00004F12C0004F006FC002882467FF49FAE28
:1041D00094E600BF0120012577E600BF01204FF0E3
:1041E000010A94E601200127A178C9077FF44FAEA8
:1041F0006AE600BFFDF716FD054641F2883B03273E
:10420000306980073FF5D0AEFDF70CFD411B032060
:104210005945F5D9D1E600002DE9F04F81B00028CD
:1042200000F01C8142F20008C4F202080446D8F8EB
:1042300000000D4600F00F0081420DD9D8F80000B3
:1042400020F00F002843C8F80000D8F8000000F064
:104250000F00A84240F00281206840F62049C106C4
:10426000C4F202690DD56169D9F8042002F0700228
:10427000914206D9D9F8042022F070021143C9F8FE
:10428000041001070FD52169D9F80020702303EA33
:104290001212914207D9D9F8002022F4E06242EAD2
:1042A0000111C9F8001041070DD5E168D9F80020C7
:1042B00002F07002914206D9D9F8002022F0700273
:1042C0001143C9F8001081070DD5A168D9F8002065
:1042D00002F00F02914206D9D9F8002022F00F0215
:1042E0001143C9F80010C00774D1206881070DD5AB
:1042F000A168D9F8002002F00F02914206D2D9F845
:10430000002022F00F021143C9F80010D8F8001065
:1043100001F00F018D420DD2D8F8001021F00F01ED
:104320002943C8F80010D8F8001001F00F01A94285
:1043300040F0948041070DD5E168D9F8002002F0E3
:104340007002914206D2D9F8002022F07002114387
:10435000C9F8001001070FD52169D9F80020702392
:1043600003EA1212914207D2D9F8002022F4E06247
:1043700042EA0111C9F80010C0060DD56069D9F8EC
:10438000041001F07001884206D2D9F8041021F01F
:1043900070010843C9F8040000F032F9D9F80010A0
:1043A0004BF66C5201F00F01C0F60002525C40F275
:1043B0000C01C2F20001096840F2140320FA02F273
:1043C000C2F2000308461A6001B0BDE8F04FFEF7E4
:1043D000DBB800BF606840F61C47C4F2026798B3C0
:1043E00002282BD0032835D1D9F874005FEA407A2F
:1043F0000BD4D9F8740040F00400C9F87400D9F85F
:10440000740000F0040000900098FDF70BFC4FF6DC
:10441000F03BCFF6FF7B57F80B1049036AD4BAF193
:10442000000F05D4D9F8740020F00400C9F8740016
:1044300057F81C0C800111D5606813E057F81C0C6C
:1044400080030BD502200DE057F81C0C400705D562
:10445000002007E057F81C1C490503D4012001B0D7
:10446000BDE8F08F396821F0030108433860FDF79B
:10447000D9FB61680646032941F2883A33D0022904
:1044800023D069B9386810F00C0F3FF42EAFFDF758
:10449000C9FB801B50454FF00300F3D9DFE700BF95
:1044A000386800F00C0004283FF41FAFFDF7BAFB9A
:1044B000801B50454FF00300F2D9D0E7FDF7B2FB67
:1044C000801B50454FF00300C9D8386800F00C003D
:1044D0000828F3D109E700BFFDF7A4FB801B504576
:1044E0004FF00300BBD8386800F00C000C28F3D163
:1044F000FBE600BF064600BF57F80B0040043FF53F
:104500008EAFFDF78FFB801B02284FF00300F3D91D
:10451000A5E7000080B500F073F840F62041C4F232
:10452000026109684BF66C5201F00F01C0F60002FF
:10453000515CC84040F21401C2F20001086080BD25
:1045400080B500F05DF840F62041C4F202610A68CF
:104550004BF66C5302F00F02C0F600039A5CD04099
:1045600040F21402C2F20002106009684BF67C525D
:10457000C1F30211C0F60002515CC84080BD0000CA
:1045800080B500F03DF840F62041C4F202610A68AF
:104590004BF66C5302F00F02C0F600039A5CD04059
:1045A00040F21402C2F20002106009684BF67C521D
:1045B000C1F30221C0F60002515CC84080BD00007A
:1045C00080B500F01DF840F62041C4F202610A688F
:1045D0004BF66C5302F00F02C0F600039A5CD04019
:1045E00040F21402C2F20002106049684BF67C529D
:1045F000C1F30211C0F60002515CC84080BD00004A
:1046000040F62841C4F2026151F80C0C10F00C0283
:10461000086815D00C2A04BF00F0030001280FD051
:1046200051F80C0C9FED350A00F00C00042842F202
:104630000040C0F2F4001DD0082A18BF002019E085
:1046400051F8200C000205D4D1F8CC00C0F303309F
:1046500003E000BF51F8200C000F4BF63863C0F6A2
:10466000000353F82000002A00EE100A18BF0020B3
:10467000B8EE400A0C2A18BF7047D1F800C00A688B
:104680000B68C2F303220869013201EE102AC00848
:10469000B8EE411ADB069FED1B2A00EAE3705FEAE1
:1046A0008C7258BFB0EE402A82EE010A6FF35F3081
:1046B00001EE100AC868B8EE411A6FF35F2002EEEF
:1046C000100A9FED0F3AB8EE422A21EE031AC8688D
:1046D00031EE021AB7EE002AC0F3066031EE021A7C
:1046E000013020EE010A01EE100AB8EE411A80EE08
:1046F000010ABCEEC00A10EE100A7047000000006C
:10470000000000390024744B002804BF01207047CA
:104710002DE9F04381B040F694490446C4F20269A1
:1047200059F8780C59F86C1C227800F00C07D00668
:1047300001F0030822D42078C00779D0082F73D065
:104740000C2F08BFB8F1030F6ED040F60046C4F23C
:10475000026661683068B1F5803F00F0DF82B1F534
:10476000A81F00F0D382B1F5A02F40F0E98240F4F9
:1047700080203060306820F48010CDE217B30C2F19
:1047800008BFB8F1010F1DD040F60046C4F2026622
:10479000E1693068002900F0CD8140F0010030600F
:1047A000FDF740FA054600BF3068400700F1D481AC
:1047B000FDF738FA401B02284FF00300F4D900F04F
:1047C0003ABD00BFE069002800F0D68340F60045FE
:1047D000C4F20265666AA86800025ABFD9F8600090
:1047E0000004A86800F07040864240F27781002FF4
:1047F00040F03983D9F80000400700F11983D9F857
:10480000000040F00400C9F80000D9F8000000F0F2
:10481000040000900098FEF78BFBD9F8001021F0FF
:104820000401C9F8001005E36068002800F0A483C3
:10483000207880072FD5042F20D00C2F08BFB8F187
:10484000020F1BD040F60046C4F20266E1683068F1
:10485000002900F0378240F480703060FDF7E2F903
:10486000054600BF306840050CD4FDF7DBF9401B5E
:1048700002284FF00300F5D900F0DDBCE068002805
:1048800000F07A8359F8840C216920F4F81040EA8A
:10489000014049F8840C207840F600470007C4F234
:1048A000026771D42078400700F1C6802078800626
:1048B00000F128812078000600F16281207840060E
:1048C00000F1AC81A56B002D00F0D28459F8780C72
:1048D00000F00C000C2840F0618259F86C1C59F86B
:1048E000600C012D00F04883E26B01F0030393425A
:1048F00040F04283226CC1F30323013A934240F01B
:104900003B83626C01F47041914240F03583A26CAC
:1049100001466FF35F21013A914240F02D83E16C33
:10492000C0F3462201398A4240F02683216DC0F34C
:10493000064201398A4240F01F83616DC0F3066070
:104940000139884240F0188359F85C0CE16DC0F3DE
:10495000CC00884200F08C8459F86C0C20F01000D8
:1049600049F86C0CFDF75EF90546FDF75BF9A842C6
:10497000FBD0E06DC00049F85C0C59F86C0C40F0BD
:10498000100000F073BC00BFD9F800005FEA407867
:104990000BD4D9F8000040F00400C9F80000D9F8A1
:1049A000000000F00400009000984FF62846CFF673
:1049B000FF76B859C00713D1B85940F00100B8517B
:1049C000FDF730F9054600BFB859C00708D1FDF71B
:1049D00029F9401B0228F7D9032001B0BDE8F08374
:1049E0006069D9F85C10002800F0E280A06901F04D
:1049F0008052904200F0328301F04062B2F1006FC9
:104A000000F0BA82490140F12283D9F85C0020F01D
:104A1000A050C9F85C00FDF705F90546D9F85C001F
:104A2000000140F11383FDF7FDF8401B05284FF00E
:104A30000300F3D900F0FFBBD9F800005FEA40782B
:104A40000BD4D9F8000040F00400C9F80000D9F8F0
:104A5000000000F00400009000984FF62846CFF6C2
:104A6000FF76B859C00713D1B85940F00100B851CA
:104A7000FDF7D8F8054600BFB859C00708D1FDF7C3
:104A8000D1F8401B02284FF00300F5D9D3E300BF53
:104A9000A068C10740F0A280D9F85C10002821F07E
:104AA0000101C9F85C10D9F85C1021F00401C9F8C3
:104AB0005C1040F0A180FDF7B5F8054641F288365C
:104AC000D9F85C00800740F19782FDF7ABF8401BF6
:104AD000B0424FF00300F3D9ADE300BFA868B6F1D0
:104AE000404F40F40000A860A86820F0704040EA01
:104AF0000600A860C0F0AC80E868216A20F01F00C2
:104B00000843F7E1E16A3868002900F0ED8040F4DD
:104B100080503860FDF786F8054600BF386880048D
:104B20003FF5C8AEFDF77EF8401B02284FF00300AA
:104B3000F4D980E320F001003060FDF773F80546FA
:104B4000306840077FF5F7ADFDF76CF8401B022891
:104B50004FF00300F4D96EE3B06840F40000B06099
:104B6000B168606A21F070410143B0F1404FB1601B
:104B7000C0F09880F068216A20F01F00084337E2F7
:104B8000216B3868002900F0F78040F480403860DD
:104B9000FDF748F8054600BF386800043FF58EAEC3
:104BA000FDF740F8401B02284FF00300F4D942E320
:104BB00021F0A050C9F85C00FDF734F8054600BFAD
:104BC000D9F85C00000140F15F82FDF72BF8401B33
:104BD00005284FF00300F3D92DE300BFD9F85C108E
:104BE000400705D541F00400C9F85C00D9F85C1015
:104BF00041F00100C9F85C00FDF714F8054641F2E8
:104C0000883600BFD9F85C00800731D4FDF70AF878
:104C1000401BB0424FF00300F4D90CE3606B002856
:104C200000F0F280B86840F40000B860B968D4E9D8
:104C3000090221F07061B0F1404F41EA0201B96010
:104C4000C0F04481F868216A20F01F000843DFE2C9
:104C5000B6F1FF3F40F32881E968206AB6F1804F42
:104C6000C0F0448121F4F84141EA802042E100BFD4
:104C7000A168D9F85C00090600F1B28020F080003C
:104C800041F28836C9F85C00D9F85C00000540F1B3
:104C9000B881FCF7C7FF401BB0424FF00300F3D9C7
:104CA000C9E200BFB0F1FF3F40F37281F268216AB0
:104CB000B0F1804FC0F0988122F4F84040EA8120A2
:104CC00096E100BF20F480703060FCF7ABFF054632
:104CD000306840057FF5DFADFCF7A4FF401B0228DC
:104CE0004FF00300F4D9A6E220F480503860FCF7BE
:104CF00099FF0546386880047FF5DCADFCF792FF2C
:104D0000401B02284FF00300F4D994E240F48020C5
:104D10003060306840F480103060306840F480309B
:104D20003060FCF77FFF0546306880033FF580ADBB
:104D3000FCF778FF401B64284FF00300F4D97AE2B7
:104D400020F4803030603068002920F4802030600A
:104D5000306820F480103060E3D1FCF763FF054633
:104D6000306880037FF564ADFCF75CFF401B64286E
:104D70004FF00300F4D95EE220F480403860FCF785
:104D800051FF0546386800047FF598ADFCF74AFFEF
:104D9000401B02284FF00300F4D94CE2386820F0A1
:104DA00080703860FCF73EFF022D05460CD1386854
:104DB000800140F17581FCF735FF401B02284FF060
:104DC0000300F4D937E200BF3868800140F1F68172
:104DD000FCF728FF401B02284FF00300F4D92AE219
:104DE00040F0800041F28836C9F85C00D9F85C00D8
:104DF000000500F10681FCF715FF401BB0424FF0A3
:104E00000300F3D917E200BF386820F010003860C3
:104E1000FCF708FF054600BF386880067FF552ADF5
:104E2000FCF700FF401B02284FF00300F4D902E218
:104E3000FEF77EF820F48031B1F5003F3CD100212F
:104E4000B6F1805F38BF012142F20000C4F20200D7
:104E5000026822F00F020A440260006800F00F00AE
:104E6000884240F08980A86840F40000A860A968E2
:104E7000606A21F070410143B0F1404FA96005D351
:104E8000E868216A20F01F0008438DE0B0F1FF3F81
:104E900076DDEA68216AB0F1804FC0F0818022F4AB
:104EA000F84040EA81207FE0E868216A20F47870C9
:104EB00040EA41101EE000BF0021B1EB167F40F038
:104EC000AD80B0F5803F57D10321BDE7B0F1FF3F82
:104ED00040F37C81FA68216AB0F1804FC0F0948180
:104EE00022F4F84040EA812092E100BF21F47821C9
:104EF00041EAC030002FE86057D1D9F800004007E0
:104F000014D4D9F8000040F00400C9F80000D9F822
:104F1000000000F0040000900098FEF709F8D9F8AE
:104F2000001021F00401C9F8001001E0FEF700F8BC
:104F300020F48031B1F5003F14D10021B6F1805F3B
:104F400038BF012142F20000C4F20200026822F0E0
:104F50000F020A440260006800F00F00884224D06B
:104F60000AE000BF0021B1EB167F63D1B0F5803FAE
:104F700002D10321E6E700BF012001B0BDE8F083C4
:104F8000E868216A20F4787040EA41100CE000BF24
:104F9000F068216A20F4787040EA411028E000BFF0
:104FA00022F4782040EAC130E860FFF729FB59F885
:104FB000741C4BF66C5201F00F01C0F60002515CFC
:104FC00040F2140220FA01F140F20C00C2F200009B
:104FD0000068C2F200021160FDF7D6FA002840F026
:104FE0002A81FFF7A8BB00BF22F4782040EAC13035
:104FF000F060FFF7A0BB00BFD9F85C00000600F12D
:10500000ED80B8F1000F3FF551ACD9F8000020F069
:105010000400C9F80000FFF749BC00BFB6F1005F0B
:1050200040F20C8100287FF40FAFB6F1405F98BFCB
:10503000012109E7B6F1005F40F20A8100287FF400
:1050400081AFB6F1405F98BF01217BE7A069D9F835
:105050005C1021F080510843C9F85C00D9F85C006D
:1050600040F08060C9F85C00FCF7DCFD054600BF3D
:10507000D9F85C00000107D4FCF7D4FD401B0528DB
:105080004FF00300F4D9D6E0B8F1000F3FF50AACB9
:10509000D9F8000020F00400C9F80000FFF702BCB6
:1050A000D9F800005FEA407C0BD4D9F8001041F039
:1050B0000401C9F80010D9F8001001F004010091B2
:1050C00000994FF60C48CFF6FF7857F808E057F8EC
:1050D00008304FF6037623F4802347F8083059F858
:1050E0006C3CD4E91102B343D4E90F656FF0FF01C2
:1050F0003343184301EB05214FF47E43084349F83D
:105100006C0C59F8600C0021C8F280010840511E57
:10511000E26C4FF4FE0503EB4222236D6FF35F2137
:1051200005EB0343656D92B24FF0FE4606EB056555
:10513000084403F4FE03104405F0FE4518442844D7
:1051400049F8600C59F86C0C20F0100049F86C0C10
:10515000E06DC00049F85C0C59F86C0C40F0100090
:1051600049F86C0C59F86C0CA16D20F00C00084348
:105170005FEA4E3149F86C0C05D557F8080040F449
:10518000802047F80800BCF1000F05D4D9F80000D2
:1051900020F00400C9F80000386840F080703860E2
:1051A000FCF740FD0446386880015BD4FCF73AFD0B
:1051B000001B02284FF00300F5D93CE059F86C0CB5
:1051C0004FF6FC71CFF6F87108404FE0F868216A9D
:1051D00020F4787040EA41101AE000BFD9F85C0072
:1051E00041F2883620F08000C9F85C00D9F85C00F4
:1051F00000057FF506AFFCF715FD401BB0424FF0F0
:105200000300F3D917E000BF22F4782040EAC13050
:10521000F860386840F010003860FCF703FD054680
:10522000386880063FF54EABFCF7FCFC401B0228BB
:105230004FF00300F4D901B0BDE8F083B6F1805F10
:105240001AD10221B0F5803F08BF0121FCE500BF63
:10525000B6F1805F12D10221B0F5803F08BF012175
:1052600070E600BF59F86C0C40F4802049F86C0CD3
:10527000002001B0BDE8F0830121E5E5012161E6F0
:105280004EF21000CEF20000016841F00201016010
:1052900070470000042888BF7047DFE800F0031B58
:1052A00013352D004EF21000CEF20000016821F0FF
:1052B0000401016040F6E040C4F20260016821F49C
:1052C000400120E04EF21000CEF200000168022200
:1052D00006E000BF4EF21000CEF20000016801228D
:1052E00021F00401016040F6E040C4F20260016870
:1052F00062F3975107E000BF4EF21000CEF20000BB
:10530000016841F00401016070470000411E002067
:10531000B0EB116F1CBF012070474EF21002CEF2AD
:10532000000251609060116841F003011160704704
:105330004EF21000CEF200000068400744BF042087
:10534000704740F6E040C4F20260006802A1C0F37A
:10535000815051F82000704700000000010000005B
:1053600002000000000000004EF21000CEF200002B
:10537000016821F0020101607047000090F884107C
:10538000012904BF022070472421C0F88810016859
:105390000A680B6822F0005223F001030B6000231F
:1053A00043660A602021C0F8881080F8843000200D
:1053B00070470000704700007047000090F884209C
:1053C000012A04BF02207047B0B52422C0F888200B
:1053D0000268D0F864E0D2F800C01368BEF1000F94
:1053E00023F001031360936823F0606341EA030133
:1053F000916019D0936891684BF6B06E490FC0F672
:10540000000E4BF6B8651EF80140C0F60005C3F368
:105410004263695CE400B4FBF1F11EF80340EB5C0D
:10542000E500B5FBF3F301E001210123A0F86A10C8
:105430002021A0F86830C2F800C0C0F88810002110
:1054400080F884100020B0BD90F88420012A04BFA9
:1054500002207047B0B52422C0F888200268D0F836
:1054600064E0D2F800C01368BEF1000F23F001031E
:105470001360936823F0604341EA0301916019D0FF
:10548000936891684BF6B06E490FC0F6000E4BF66C
:10549000B8651EF80140C0F60005C3F34263695CBD
:1054A000E400B4FBF1F11EF80340EB5CE500B5FB52
:1054B000F3F301E001210123A0F86A102021A0F8F4
:1054C0006830C2F800C0C0F88810002180F884104D
:1054D0000020B0BD704700007047000010B500BF4D
:1054E000016851E8001F026821F4907142E800133E
:1054F000DBB1016851E8001F026821F4907142E8B5
:10550000001393B1016851E8001F026821F4907103
:1055100042E800134BB1016851E8001F026821F412
:10552000907142E80013002BDAD14FF6FE71CEF6EF
:10553000FF7100BF026852E8022F03680A4043E887
:105540000224C4B1026852E8022F03680A4043E80B
:10555000022484B1026852E8022F03680A4043E83B
:10556000022444B1026852E8022F03680A4043E86B
:105570000224002CDED1C16E012924D1016851E83A
:10558000001F026821F0100142E80013DBB101683E
:1055900051E8001F026821F0100142E8001393B1A6
:1055A000016851E8001F026821F0100142E8001371
:1055B0004BB1016851E8001F026821F0100142E878
:1055C0000013002BDAD101688A6852060AD400223F
:1055D0000F23A0F85E2082650B622021C0F88C109A
:1055E000C26646E0016851E8021F026821F04001EE
:1055F00042E80213DBB1016851E8021F026821F0A2
:10560000400142E8021393B1016851E8021F0268A9
:1056100021F0400142E802134BB1016851E8021F3A
:10562000026821F0400142E80213002BDAD1D0F8E1
:10563000801079B1044649F6C100C0F60000C86682
:105640000846FBF7C9FFB0B1D4F88000C16E8847A7
:10565000002010BD0021A0F85E1002680F238165B4
:105660001362936943F0080393612022C0F88C20F1
:10567000C166FFF731FF002010BD00007047000039
:1056800070B5026840F62F04D369116896681C4013
:10569000202C0BD101F0200406F080552D1916D0D6
:1056A000416F61B3BDE87040084700BF40F60F0589
:1056B0002B420CD00125C1F2000506EA050C40F290
:1056C0002015C0F200450D4015EB0C0556D1C46EF7
:1056D000DD0615D5012C13D111F0100510D01021C5
:1056E00011629168490655D4B0F85C10B0F85E209C
:1056F000B0F85E30002B18BF914240F0578270BD69
:105700001A0606D501F0800206F40006921940F050
:105710001B815A0640F1008111F0400200F0FC802C
:10572000016851E8001F026821F0400142E80013BF
:10573000DBB1016851E8001F026821F0400142E836
:10574000001393B1016851E8001F026821F0400185
:1057500042E800134BB1016851E8001F026821F0D4
:10576000400142E80013002BDAD12021C0F8881054
:1057700000218167BDE8704000F01EBDDD0718BF45
:1057800011F4807540F0F4809D0706F0010E00F1E1
:10579000FB8004E1D0F8802011688B6CB0F85C408D
:1057A00099B2002900F0C280A14280F0BF80A0F829
:1057B0005E30116D812900F0A38000BF016851E8BF
:1057C000001F026821F4807142E80013E3B1016810
:1057D00051E8001F026821F4807142E800139BB178
:1057E000016851E8001F026821F4807142E800134B
:1057F00053B1016851E8001F026821F4807142E84A
:105800000013002BDAD100BF016851E8021F0268C3
:1058100021F0010142E80213BBB3016851E8021F05
:10582000026821F0010142E8021373B3016851E8F4
:10583000021F026821F0010142E802132BB3016844
:1058400051E8021F026821F0010142E80213002B17
:10585000DAD11AE0016851E8021F026821F0400124
:1058600042E80213DBB1016851E8021F026821F02F
:10587000400142E8021393B1016851E8021F026837
:1058800021F0400142E802134BB1016851E8021FC8
:10589000026821F0400142E80213002BDAD12021F6
:1058A000C0F88C100021C166016851E8001F026831
:1058B00021F0100142E80013DBB1016851E8001F3C
:1058C000026821F0100142E8001393B1016851E829
:1058D000001F026821F0100142E800134BB101687B
:1058E00051E8001F026821F0100142E80013002B6C
:1058F000DAD1D0F8801004460846FBF719FE20469E
:1059000002210167B0F85C10B0F85E20891A89B2F4
:10591000BDE87040FFF74EBD1A021DD511F0804260
:105920001AD0BDE87040FFF7D5BD00BF8C427FF4B0
:10593000E6AE126D812A7FF4E2AE02220267BDE874
:105940007040FFF737BD00BF816F00293FF4D7AE2D
:10595000BDE87040084700BFDA017FF5D0AEB1F175
:10596000FF3FC8BF70BDBDE87040FFF725BD00BF59
:1059700001251562D0F8905045F00105C0F890500F
:105980009D0706F0010E0AD5BEF1000F07D00224D4
:105990001462D0F8904044F00404C0F890405C07D2
:1059A0000AD5BEF1000F07D004251562D0F890503B
:1059B00045F00205C0F890501D070CD501F02005F8
:1059C00055EA0C0507D008251562D0F8905045F02F
:1059D0000805C0F890501D050BD511F0806508D062
:1059E0004FF400651562D0F8905045F02005C0F8DE
:1059F0009050D0F89050002D3FF481AE9B060BD50F
:105A000001F0200106F08053C91805D0416F19B18B
:105A10000446884722682046D0F89010926801F02A
:105A2000280102F04002891806D10446FFF726FE3D
:105A30000020C4F8900070BD016851E8001F0268A2
:105A400021F4907142E80013DBB1016851E8001FB6
:105A5000026821F4907142E8001393B1016851E8A3
:105A6000001F026821F4907142E800134BB10168F5
:105A700051E8001F026821F4907142E80013002BE6
:105A8000DAD14FF6FE71CEF6FF7100BF026852E820
:105A9000022F03680A4043E80226C6B1026852E8B2
:105AA000022F03680A4043E8022686B1026852E8E2
:105AB000022F03680A4043E8022646B1026852E812
:105AC000022F03680A4043E80226002EDED1C16E91
:105AD000012924D1016851E8001F026821F010015A
:105AE00042E80013DBB1016851E8001F026821F0B1
:105AF000100142E8001393B1016851E8001F0268E9
:105B000021F0100142E800134BB1016851E8001F79
:105B1000026821F0100142E80013002BDAD12021A5
:105B2000C0F88C100021C16602684167916849067F
:105B300040F1BC80016851E8021F026821F0400179
:105B400042E80213DBB1016851E8021F026821F04C
:105B5000400142E8021393B1016851E8021F026854
:105B600021F0400142E802134BB1016851E8021FE5
:105B7000026821F0400142E80213002BDAD1D0F88C
:105B80008010002900F0928049F6B502C0F60002AC
:105B900004460846CA66FBF71FFD00283FF4AFAD78
:105BA000D4F88000C16EBDE870400847891A00BF74
:105BB000026852E8002F036822F4907243E800263E
:105BC000DEB1026852E8002F036822F4907243E8C5
:105BD000002696B1026852E8002F036822F4907202
:105BE00043E800264EB1026852E8002F036822F411
:105BF000907243E80026002EDAD14FF6FE72CEF600
:105C0000FF7200BF036853E8023F0668134046E88E
:105C10000235C5B1036853E8023F0668134046E801
:105C2000023585B1036853E8023F0668134046E831
:105C3000023545B1036853E8023F0668134046E861
:105C40000235002DDED12022C0F88C200022C26651
:105C5000426700BF026852E8002F036822F010027A
:105C600043E80026DEB1026852E8002F036822F004
:105C7000100243E8002696B1026852E8002F03683C
:105C800022F0100243E800264EB1026852E8002FCD
:105C9000036822F0100243E80026002EDAD1022227
:105CA00089B20267BDE87040FFF784BBBDE8704071
:105CB000FFF7E4BC10B5D8B10446D0F8880028B985
:105CC000002084F88400204600F026F82420C4F840
:105CD00088002068A16A0268002922F0010202609F
:105CE0001CBF204603F0BCFC204604F0DFFA08B1DC
:105CF000012010BD2168486820F490404860886801
:105D000020F02A008860086840F0010220460A60FE
:105D1000BDE8104003F018BDB0B5B8B0044600258A
:105D200002A8C0213795CDE93555CDE93355FAF7AD
:105D3000EBFA206844F60001C4F20001884237D033
:105D400043F60001C4F20101884268D10120002419
:105D5000029002A80394FDF7B7FF002818BFFAF7D6
:105D6000CBFE40F68C40C4F20260816941F4804170
:105D70008161816901F4804101910199016841F0DB
:105D800001010160006833A900F001000190019851
:105D90004FF4C06033900220CDE9340407203790DF
:105DA0000020C4F202203694FBF71AFE38B0B0BDD2
:105DB0000420029002A80395FDF786FF002818BF73
:105DC000FAF79AFE40F68C40C4F20260016941F491
:105DD00080210161016901F480210191019901682B
:105DE00041F001010160006833A900F00100019059
:105DF0000198A0203390022034900020CDE9350096
:105E0000072037900020C4F20220FBF7E9FD3F2075
:105E100000210022FCF7B4FE3F20FCF79FFE38B0C3
:105E2000B0BD00002DE9F04381B00446D0F88C00ED
:105E300020281EBF022001B0BDE8F0830E460029D5
:105E40004FF0010018BF002A02D101B0BDE8F08375
:105E5000002022219946C4F89000C4F88C10E06616
:105E60001546FBF7DFFEA4F85C50A4F85E50A1686D
:105E70008046C9B1B1F1805F12D0B1F5805F17D112
:105E80002069FF27014600281CBF31460026002854
:105E900008BF40F2FF17A4F8607035460E4617E0C1
:105EA000206918B13F2706E0206918B17F2702E07A
:105EB000002700E0FF270025A4F8607008E000BF7D
:105EC000384006F8010BB4F85E000138A4F85E0013
:105ED000B4F85E0090B12046202100224346CDF860
:105EE000009004F003FC88B92068002E406AE7D1D6
:105EF000384025F8020B0026E5E700BF00202021EE
:105F0000C4F88C1001B0BDE8F08300BF032020214D
:105F1000C4F88C1001B0BDE8F0830000D0F88C30DC
:105F2000202B1CBF0220704700294FF0010318BF2F
:105F3000002A01D11846704780B50023C366D0F807
:105F400000C042F200434CF0805EC5F200639E4503
:105F500006D104F099FA0023BDE880401846704746
:105F6000DCF804301B02F4D5036853E800CFD0F806
:105F700000E04CF080634EE8003CBCF1000FE8D03C
:105F8000036853E800CFD0F800E04CF080634EE89F
:105F9000003CBCF1000FDCD0036853E800CFD0F820
:105FA00000E04CF080634EE8003CBCF1000FD0D024
:105FB000036853E800CFD0F800E04CF080634EE86F
:105FC000003CBCF1000FCFD1C3E70000006844F6ED
:105FD0000001C4F20001884218BF704710B540F6B6
:105FE0004804C2F20004217840F23800C2F20000F6
:105FF00003F03AF840F23430C2F2000021460122A8
:10600000BDE81040FFF78ABF2DE9F04381B0044698
:10601000D0F8880020281EBF022001B0BDE8F08320
:1060200000294FF0010018BF002A03D101B0BDE8DC
:10603000F08300BF0020C4F8900021201D460E46CA
:10604000C4F888001746FBF7EDFDA4F85470A4F8D7
:106050005670A1688146B1F5805F02D120690028A1
:1060600066D037460020B4F856202168002A67D051
:106070006A1C28D0002D53D0804600BFC869000696
:106080000AD4FBF7CFFDA0EB0900A84200F2848000
:1060900021680868F2E700BF17B117F8010B04E0A8
:1060A00038F8020B00276FF35F208862B4F85600BF
:1060B0000138A4F85600B4F856000028DED13FE0BD
:1060C000CA69120609D4CA69120606D4CA69120638
:1060D0005CBFCA695FEA0262F2D51FB117F8012BF3
:1060E00005E000BF30F8022B00276FF35F228A62C1
:1060F000B4F85620013AA4F85620B4F85620002AE5
:10610000E1D11DE030F8022B00276FF35F228A6295
:10611000B4F85620013AA4F85620B4F856207AB1C3
:10612000CA69120636D5002FECD017F8012BEEE71E
:1061300000273046B4F856202168002A7FF498AF33
:10614000C86940061ED42DB3681C14D1C869400626
:106150002AD4C869400627D4C869400624D4C8692F
:1061600040064FF00000F1D50DE000BF2068016847
:10617000C069400618D4FBF755FDA0EB0900A84202
:10618000F4D909E000202021C4F8881001B0BDE84E
:10619000F08300BFFBF746FD03202021C4F88810E0
:1061A00001B0BDE8F08300BF00202021C4F88810B2
:1061B00001B0BDE8F083000070470000FEE700007A
:1061C00080B540F28010C2F20000FBF7A1FD00286C
:1061D00008BF80BDBDE88040FAF78EBC80B540F2B4
:1061E000801042F6000240F61453C2F20000002173
:1061F000C4F200624FF0010CC0F21003C0E90023AA
:10620000C0E9021CC0E90411C0E906110162FBF7F4
:10621000DBFD002818BFFAF76FFC40F28010C2F2D5
:1062200000000021FBF704FD002818BFFAF764FC0A
:1062300040F28010C2F200000021FBF71FFD002891
:1062400008BF80BDBDE88040FAF756BC40F2801020
:10625000C2F20000006800281ABF40F28010C2F2AB
:1062600000007047FBF776BD40F28010C2F20000DC
:10627000006800281ABF40F28010C2F20000704788
:10628000FBF798BDC06D816B00291CBF0022CA6658
:10629000C16B00291CBF0022CA6690F84110002281
:1062A000602911BF7021202180F841107421026300
:1062B000415880F840200847F0B581B00446006896
:1062C00012EA01078569866909D0F90644BF1021E1
:1062D000C161B90606D4780612D4380721D400204B
:1062E00001B0F0BD2021C161E16D00291CBF204635
:1062F0008847216E00291CBF204688477806ECD5C8
:106300002068616D4268002942F4804242601CBFEF
:1063100020468847A16D00291CBF204688473807C2
:10632000DDD5A36F20680821002BC161D7D0FE20E6
:10633000C5F3004100EA164220469847002001B00C
:10634000F0BD000010B5002304460022CFF6FF7315
:1063500090F8410084F84220E3626285626C114348
:106360006164A0F1280194F8410002291ED894F834
:1063700041106FF0F60301F02801282908BF6FF0E3
:106380004603216800F02800282808686FF0F6020C
:1063900008BF6FF04602104018400860282084F8BB
:1063A000410046F62D20C0F6000028E094F8410098
:1063B0002168086820F0FE0008608869800744BFF3
:1063C000002088628869C00703D1886940F0010015
:1063D000886194F84100602810D0202084F84100A2
:1063E000886980060AD58869C00605D51020C8616D
:1063F000606C40F0040060642020C861002060638D
:10640000226BA06B00B3212A18BF112A1CD10A6885
:10641000520403D50A6822F480420A60FBF70EF9A1
:10642000012822D0A06B46F28521C0F60001C1668A
:10643000002184F84010FBF7CFF800283CD0A06B77
:10644000C16EBDE810400847E06B70B1222A18BF4A
:10645000122A0AD10A68120403D50A6822F40042FB
:106460000A60FBF7EBF8012812D194F8410060288C
:1064700004D1202084F84100742000E07020002125
:1064800021632258204684F84010BDE81040104790
:10649000E06B46F28521C0F60001C166002184F858
:1064A0004010FBF799F8002808BF10BDE06BC16EE3
:1064B000BDE81040084700BF10BD00002DE9F041C5
:1064C000044600680D460768D4F82C8094F84120F3
:1064D000202302F0F7012129C36105D0222907D129
:1064E00022216FF0FC020AE06FF0FA0207E000BF21
:1064F000282A0AD194F8411000216FF0FE0294F886
:10650000413003681A400260216341684EF6000280
:1065100041F4004141604168CFF6006211404160A2
:106520008169890744BF002181628169C90703D15C
:10653000816941F001018161790409D4390413D5DD
:10654000016821F400410160E06B38B90CE000BF44
:10655000016821F480410160A06B28B101688E6C54
:10656000FAF7E6FA3044608568070FD52068616A5B
:10657000406A25F004050870606A411C208D616244
:1065800020B101382085608D01386085608D18B19B
:10659000606C40F004006064E80640F1A48017F0ED
:1065A000100000F0A080608D90B120681021C161C2
:1065B000606C6FF0807118EA010F40F004006064B5
:1065C00040F09180616C2046FFF7BCFE8BE000BF7D
:1065D00094F8410000212828CFF6FF7108BFB8F1D8
:1065E000007F1FD094F8412020681023292AC3611E
:1065F00079D1884577D08169890744BF00218162BC
:106600008169C90703D1816941F001018161016894
:1066100000224B0484F842202ED4090431D56FF4B3
:1066200000412BE0E16200202021206384F841102A
:10663000690784F84200606311D52168626A496A7B
:106640001170626A218D0132626241B10139218586
:10665000618D01396185616C41F00401616494F8D8
:10666000411094F8411021680A6822F0FE020A6085
:106670001022CA61616E32E06FF4804102681140FD
:10668000016094F84110292910D1282184F8411083
:106690002121216394F8411001F028026FF0F201EA
:1066A000282A08BF6FF042015C2213E094F84110E1
:1066B0002A2918D1282184F841102221216394F835
:1066C000411001F028026FF0F401282A08BF6FF092
:1066D00044016022036819400160A158002084F839
:1066E000400020468847002084F842006063606CC8
:1066F000B0B3616C2046FFF725FE94F841002828CE
:1067000018BFBDE8F0810020CFF6FF70E0620020E6
:106710002021206384F84110690784F842006063F7
:1067200011D52168626A496A1170626A218D01324D
:10673000626241B101392185618D01396185616CE8
:1067400041F00401616494F8411094F8411021680B
:106750000A6822F0FE020A601022CA6163E000BFEC
:10676000E06A10F5803F11D1202094F8411084F8A0
:1067700041000020206384F840005C20222908BFEB
:10678000602021582046BDE8F041084720680025D8
:10679000016800224B04CFF6FF7584F8422005D42F
:1067A000090408D56FF4004102E000BF6FF4804196
:1067B00002681140016094F84110292910D1282164
:1067C00084F841102121216394F8411001F028023E
:1067D0006FF0F201282A08BF6FF042015C2213E03B
:1067E00094F841102A2918D1282184F84110222137
:1067F000216394F8411001F028026FF0F401282A77
:1068000008BF6FF044016022036819400160002056
:10681000A15884F84000204688472020E56284F88B
:1068200041000020206384F8400064202158204665
:10683000BDE8F0410847000001684FF0000C0A680D
:1068400080F842C0530405D4120408D56FF4004206
:1068500002E000BF6FF480420B681A400A6090F8B3
:106860004120292A12D1282280F8412021220263C6
:1068700090F841204FF05C0C02F028036FF0F20218
:10688000282B08BF6FF0420216E000BF90F84120AD
:106890002A2A18BF7047282280F84120222202634A
:1068A00090F841204FF0600C02F028036FF0F402E2
:1068B000282B08BF6FF044020B681A400A6050F89A
:1068C0000C20002180F840101047000070B50446ED
:1068D000006815468369DA0602D40021002266E0CA
:1068E0000E461021C161816989065CD4711C50D0AB
:1068F0002EBBFBF797F92068426894F84210836931
:106900001B040BD512F4804208D1202906D041681F
:1069100041F480414160FBF785F9054620688169B3
:10692000890605D4FBF77EF9401B1A28F6D328E028
:1069300081698906DDD536E08169890633D4FBF7A4
:1069400071F9411B2068B142F6D9426894F84210AF
:1069500083691B040CD512F4804209D1202907D089
:10696000416841F480414160FBF75CF9054600BF96
:10697000206881698906DFD4FBF754F9401B1A2887
:10698000F6D3206801228169242110E081698906FB
:1069900009D48169890606D4816989065CBF816949
:1069A0005FEA8161F2D52021C1610122042183695E
:1069B000DE0505D54FF4807241F00101C26101226C
:1069C0005E0507D49B050CD4002A04BF002070BDCF
:1069D0000CE000BF41F008014FF480629B05C261EA
:1069E00004D541F002014FF40072C261826992073E
:1069F00044BF002282628269D20703D1826942F0D9
:106A00000102826142684EF60003CFF600631A402D
:106A10004260606C08436064202084F841000020DC
:106A200084F8420084F84000012070BD10B5D0F811
:106A30002CC090F84040012C04BF022010BD0A4039
:106A40000124930680F840401CD4D30624D4510777
:106A500036D411077CD4910718D5418D002900F058
:106A60001D81416A036811F8012B9A624162418DD0
:106A700001394185018D01390185002180F84010DF
:106A8000002010BD0446FFF719FD2046002180F8C4
:106A90004010002010BD00BF428DBAB30168102223
:106AA000CA61416C6FF080721CEA020F41F0040170
:106AB0004164EBD1416C0446FFF744FCE5E700BFBD
:106AC000418D61B10168426A496A1170416A028D63
:106AD00001314162511E0185418D01394185418D50
:106AE0000029D3D10021CFF6FF718C45CED00168AB
:106AF00000230A6880F84230540400F187801204B1
:106B000040F189806FF4004282E000BF90F841209C
:106B1000282A40F2000208BFBCF1007FCFF6FF72C6
:106B20003CD090F8413001681024292BCC61ADD1C4
:106B30009445ABD08A69920744BF00228A628A6971
:106B4000D20740F0B1808A6942F001028A61ABE06D
:106B500090F84110036801F0280128294CD1996967
:106B6000D3F818E09A68D3F80CC0C468C1F30041A8
:106B7000022C4FEA1E4440F0838084EAD21414F0C1
:106B8000060F00F095801C680CF0FE0224F0B8049B
:106B90001C600024836F80F840407BE0C2620022CA
:106BA00020234907026380F8413080F84220426385
:106BB00011D50168436A496A1970436A018D01332E
:106BC000436241B101390185418D01394185416CF3
:106BD00041F00401416490F8411090F841100168BF
:106BE00004460B6823F0FE030B601023CB61416E5B
:106BF00080F84020884748E70821D961002180F8C3
:106C00004010002180F84010002010BD6FF4804239
:106C10000B681A400A6090F84120292A10D12822D6
:106C200080F841202122026390F8412002F02803DD
:106C30006FF0F202282B08BF6FF042025C2314E0D1
:106C400090F841202A2A7FF421AF282280F84120A1
:106C50002222026390F8412002F028036FF0F40230
:106C6000282B08BF6FF0440260230C6822400A60A2
:106C7000C258002180F840100446904705E700BF45
:106C80001A6822F0B8021A600022836F80F8402050
:106C900004F0FE0204469847F7E600BF6FF08071EB
:106CA0001CEA010F7FF4F2AE0446FFF7C5FDECE6E7
:106CB000846C01348464846C022C7FF4E7AE4FF062
:106CC000000C0824C0F848C0DC61836F6FF39F227A
:106CD00080F840C0DEE700002DE9F041044600687E
:106CE00080690840401AB0FA80F0400982423BD1E6
:106CF000DDF8188015460E461F46581C20D0002F80
:106D00003ED100BF204600214246FFF7DFFD0028AC
:106D10001CBF0120BDE8F081FAF784FF206881697B
:106D20003140891BB1FA81F149098D4241D0806916
:106D30003040801BB0FA80F040098542E2D013E079
:106D400020464FF0FF314246FFF7C0FD00281CBF30
:106D50000120BDE8F081206880693040801BB0FAD6
:106D600080F040098542EBD00020BDE8F08100BFF3
:106D700080693040801BB0FA80F040098542F3D131
:106D8000204639464246FFF7A1FD00281CBF0120DE
:106D9000BDE8F081FAF746FFA0EB08012068B94290
:106DA000E6D981693140891BB1FA81F149098D42E7
:106DB000DED1606C40F020006064202084F8410047
:106DC000002084F8420084F840000120BDE8F081F2
:106DD00070B5044600688069800635D415460E46B5
:106DE00019B928E0806980062ED4204631462A460B
:106DF000FFF76CFD30BBFAF715FF411B2068B1426D
:106E0000F0D981698906EDD4606C40F0200060649F
:106E1000202084F84100002084F8420084F84000DB
:106E2000012070BDFAF7FEFE206881698906EBD566
:106E30008069800608D4204600212A46FFF746FDD7
:106E40000028EFD0012070BD002070BD70B5044651
:106E500000688069800727D415460E46481C15D067
:106E60003EBB00BF204600212A46FFF72FFD002829
:106E70001CBF012070BDFAF7D5FE20688169890723
:106E800029D580698007EDD50EE000BF20464FF080
:106E9000FF312A46FFF71AFD00281CBF012070BDF4
:106EA000206880698007F1D5002070BD8069800767
:106EB000FAD4204631462A46FFF708FD00281CBFB9
:106EC000012070BDFAF7AEFE411B2068B142EDD93A
:106ED00081698907EAD4606C40F02000606420205A
:106EE00084F84100002084F8420084F8400001202A
:106EF00070BD000040F2C830C2F20000602100F016
:106F000085BD0000B0B586B0054600284FF00100F1
:106F10001CBF0C46002901D106B0B0BD68684FF413
:106F20000072002102234FF4003CC4E90002C4E9CE
:106F300002128206C4E90411C4E9063C616306D565
:106F400001224FF08043C4E90922E362A1634FF0BC
:106F5000404280072263E163616405D50120C4E9F2
:106F60001301C4E91511E16501A9284600F02AF8CA
:106F70000028D1D12868052812D0042806D001287D
:106F800017D1DDE901016060E16012E0019808219C
:106F900060604FF48060C4E90301002007E000BF97
:106FA00001984FF4002160600020E0606161A06101
:106FB000E06103AA07CA04F1600307C3002006B01A
:106FC000B0BD000002684FF40073052A0B604B60EF
:106FD00084BF022070472DE9F043DFE802F0034B45
:106FE000293921874269136890F83470012F40F0E5
:106FF0009380076A3B4343F00103BE0648BF23F07A
:1070000000433E0748BF23F080437F0654BF00265D
:10701000012640F20417C2F200073E707EE000BF76
:10702000D0E9042305278A600F6003F1280263E09A
:10703000C268C3694769136000688A604BF69E5254
:10704000C0F6000232F8203002EB8000FA18E4E0CB
:107050004269476AD36A002F70D0D0E90A7643EAC2
:107060000743012E1ABF022767F3155343F4401359
:1070700066E000BF06220A604269C368546890F85F
:1070800037C044F48047ACF10106012E1F6051D88F
:10709000B0F830E0458E4EEA05452C4390F8365066
:1070A00044F04074012D44F410560FD190F83A404A
:1070B00024B9446A002C18BF26F4005690F83B40CF
:1070C00024B926F000764FF480644C6090F8358047
:1070D000B8F1010F42D0002D26F0807458D090F8FE
:1070E0003B50012D54D126F0407480E0D0E90423B8
:1070F00004270F6024338B60CA6090F83520438EDC
:10710000012A0B6140F08C8090F83900002800F0D3
:107110008780FF2083E000BF23F0010390F83770E1
:10712000082F14BF042F23F01003C7683B600068CA
:107130008F6069E027F4004763E000BF23F4001389
:10714000C7683B6000684BF69E53C0F600038F6033
:1071500033F8207003EB80003A445EE090F838404A
:10716000012C02BF4FF480644C6026F4005690F866
:107170003940012C02D146F47F0429E026F08074C6
:1071800035B190F83B70012F12D126F040741FE00A
:1071900040F20417C2F2000715683F7826F04076E7
:1071A000FF0718BF34466D0648BF34461FE000BFD6
:1071B00040F20417C2F20007D2F800903F7826F0A0
:1071C0004076FF0718BF34465FEA496748BF344638
:1071D000012D0CD1BCF1020F08BFB8F1010F06D18F
:1071E00090F83A50012D04BF4FF480654D608769D7
:1071F000BCF1010F08BF24F4806444EAC72747EAC2
:107200000E071F6000688B604BF69E53C0F60003AC
:1072100033F8207003EB80003A444088CA6008616C
:107220000020BDE8F0830000B0B586B00546002818
:107230004FF001001CBF0C46002901D106B0B0BDC3
:1072400068684FF400720021C4E90002C4E9021228
:107250004FF44002226200F0210202234FF4003C6E
:10726000212AC4E90411C4E9063C616306D1012264
:107270004FF08043C4E90922E362A16300F02200D9
:107280004FF0404222282263E163616405D101206E
:10729000C4E91301C4E91511E16501A9284600F00C
:1072A0003BF80028CAD1286805282DD8DFE800F06F
:1072B0000C040416242000BF0198082160604FF4DC
:1072C0008060C4E903011AE00198B0F5007F6060B6
:1072D0001CBF4FF48060E06007E000BF0198082108
:1072E00060604FF48060C4E903010020002109E0E0
:1072F000019860600020E0604FF4002060614FF46E
:1073000080310120C4E9060103AA07CA04F1600321
:1073100007C3002006B0B0BD0268072A84BF022060
:10732000704780B5DFE802F0047C28441E9EAE6AF8
:10733000D0F814C0DCF8103090F82520012A40F075
:10734000B98090F824204FF4007E012AC1F800E0B3
:1073500040F0D080026A002A14BF43F0050343F0D6
:107360000303C9E0D0E90423006B40001C33C1E9EA
:1073700002320861002080BDD0E9043E44F2004C96
:10738000C4F2006C1022E64508BF0D220A60002BF3
:1073900008BFC3688B6082693423012A08BF1423A5
:1073A00003EB0E02CA60C06A40000861002080BD85
:1073B000426944F2004CD0F81CE0C4F2006C102387
:1073C000624508BF0D23BEF1010F08BF4FF40073E3
:1073D0000B6002694BF6906C002A08BFC2688A6095
:1073E0000268C0F6000C40693CF822300CEB8202C7
:1073F00003445088CB600861002080BDC2688023B0
:107400001360D0F814C000688A604BF69062C0F632
:10741000000232F8203002EB80000CEB030279E02E
:10742000426944F2004CD0F81CE0C4F2006C102316
:10743000624508BF0D23BEF1010F08BF4FF4007372
:107440000B6002694BF6906C002A08BFC2688A6024
:107450000268C0F6000C43693CF82220C06A1A4456
:1074600042E000BFD0E9053244F2004CC4F2006CA7
:10747000012A2FD103F114028A600E22634508BF4E
:107480000B222EE0D0F814E0C268D0F828C0DEF855
:10749000083043EA0C03136000688A604BF6906280
:1074A000C0F6000232F8203002EB800003EB0E023F
:1074B00030E000BFC26923F00103012A1CD144F26D
:1074C0000042C4F20062944514BF10220D220A60EB
:1074D00012E000BF03F134028A600F22634508BF47
:1074E0000C220A600269006BCA604000086100203B
:1074F00080BD00BF43F00103C268136000688A606A
:107500004BF69062C0F6000232F8203002EB8000A9
:1075100003EB0C024088CA600861002080BD0000B7
:10752000B0B59CB0054601A80C46F9F753FC0028FD
:107530001EBF01201CB0B0BD287D2146012804BF1C
:1075400028680590687D012804BF68680690A87DBA
:10755000012804BFA8680790E87D012804BFE868F7
:107560000890287E012804BF28690D9001A8F9F72A
:10757000E5FA002818BF01201CB0B0BDB0B59CB022
:10758000054601A80C46F9F725FC00281EBF01207E
:107590001CB0B0BD95E8070011AB07C301A8214698
:1075A000F9F7CCFA002818BF01201CB0B0BD0000CC
:1075B000B0B543F6FC50C2F60000002140F20815B9
:1075C00001700171C2F2000595F85400012820D025
:1075D0002868416941F006014161FAF723FB04463E
:1075E00028684169C90705D0FAF71CFB001B65280C
:1075F000F6D328684FF4F851C16000210122A96533
:1076000085F854206B6F13B11A731961816485F882
:107610004C1040F2081047F6D512C2F20000C0F636
:107620000002FAF7E3F8002818BFF9F765FA40F20C
:107630000814C2F2000447F6C5122046C0F6000244
:107640000221FAF7D3F8002818BFF9F755FA206895
:107650000022416941F4E851416172200021FBF7A9
:107660008FFA7220FBF77AFA5820FBF761FA59205B
:10767000FBF75EFA40F20425C2F200052868C16AF1
:1076800089075CBFC16A5FEA81313BD5016941F07E
:10769000010101611021416040F26D218161FAF721
:1076A000C1FA044628680168C90605D4FAF7BAFA8F
:1076B000001B6528F6D328684FF49B714161C16AAD
:1076C00089075CBFC16A5FEA813121D5C16A890738
:1076D0005CBFC16A5FEA813120D5C16821F48011A5
:1076E000C160C16A41F00201C16240F20810C2F2F9
:1076F0000000F9F7C9FE002808BFB0BDBDE8B040E2
:10770000F9F7FAB9016921F001010161BEE700BF93
:10771000016921F001010161D8E700BF016921F091
:1077200001010161D9E700002DE9F04FC5B042F633
:107730000004C4F20064002743F6FC5604F50A3046
:107740000DF1DC091B974FF01108C2F600061B90E3
:1077500009F108003021CDF86880CDE91877CDE92E
:107760001677CDE91477CDE91277CDE91077CDE919
:107770000E77CDE90C77CDE90A77CDE90877CDE929
:107780000677CDE90477CDE90277C6E90277C6E945
:107790000477B761F761F8F7B7FD1CAD28466C2197
:1077A000F8F7B2FD04F5E0503C9043F68450C2F681
:1077B00000006C303A904FF48070ADF800014846FC
:1077C0002946CDE93778FFF72FFD002818BFF9F7D4
:1077D00093F943F684511CA8C2F60001F9F7AEF9FB
:1077E000002818BFF9F788F943F6845406F1080514
:1077F000C2F6000428462146F9F724FD002818BFE8
:10780000F9F77AF90620379004F170003A900020D9
:10781000419037A81CA9FFF707FD002818BFF9F70A
:107820006BF904F124061CA83146F9F787F9002802
:1078300018BFF9F761F928463146F9F703FD00282A
:1078400018BFF9F759F90020379004F174003A9005
:1078500040F20110ADF8000101203F9037A81CA9AB
:10786000FFF7E2FC002818BFF9F746F948341CA8D6
:107870002146F9F763F9002818BFF9F73DF92846C2
:107880002146F9F7DFFC002818BFF9F735F94FF06A
:1078900080700390042043F684524FF00008049057
:1078A00002A8C2F600020021CDF80880F8F77CFF9C
:1078B000002818BFF9F720F90CA840F2000B00F1DE
:1078C00014094FF0010AC2F6000B0826002700BF7A
:1078D00040F28040C2F600001890D420C0F20100AF
:1078E000199040F28440C2F60000C41942F600002C
:1078F000C4F200601AA913AA2346CDF84C80CDE942
:10790000168A0095F8F75EFE002818BFF9F7F4F81C
:107910000CA801212246ADF866A0CDE90C68CDE99E
:107920000E88C9F8008089F80480F8F721FF002844
:1079300018BFF9F7E1F84FF08070CDE9030602A80F
:1079400000212246CDF80880F8F72EFF002818BF46
:10795000F9F7D2F808A880E8000DD420C0F20C0096
:107960000B9042F20410C2F60000C41942F6000067
:10797000C4F200601AA905AA2346CDF81480009528
:10798000F8F752FD002818BFF9F7B6F80C20ADF84B
:107990002E004FF400200D900CA801212246CDF8B6
:1079A0003080F8F7E5FE002818BFF9F7A5F84C3746
:1079B000B7F5E45F0BF10C0B04BF45B0BDE8F08FE9
:1079C00086E7000043F6FC50C2F600000121017179
:1079D000017070470068C16F01B17047806C00286A
:1079E00018BF704743F6FC50C2F600000121017039
:1079F0007047000043F6FC50C2F600000079704763
:107A000043F6FC50C2F6000000787047002800F0F2
:107A100091804A1E5F2A88BF704770B540F2000E01
:107A2000032A01F0030CC2F6000E01D200213FE050
:107A3000C1F38401002201EB41010B01002100BFD1
:107A40003EF8026085180EEB0204EE806688043171
:107A50002E81A6886E81E6888652268930326E8015
:107A600066899342AE80A6896E82E689AE82268AB6
:107A7000EE82668AAE81A68AEE81E68A2E82268B07
:107A8000EE83668B2E84A68B6E84E68B2E83268CEB
:107A90006E83668CAE83A68C6E85E68CAE85268D55
:107AA000EE85668DAE84A68DEE84E48D2C85C7D1DF
:107AB000BCF1000F3CD001EB4101BCF1010F00EB28
:107AC00081023EF821300EEB8104D380D4F80230DD
:107AD000E588936020F8215023895380638993803F
:107AE00026D0CA1C00EB82033EF822400EEB820532
:107AF000DC80D5F80240EE889C6020F822602A895C
:107B0000BCF1020F5A806A899A8011D0063100EBCD
:107B100081023EF821300EEB8106D380D6F8023088
:107B2000F588936020F821503089508070899080CA
:107B3000BDE8704070470000B0B540F20424C2F2C6
:107B4000000420460021FAF78FFF2068816821F0A9
:107B5000020181604320FAF7EBFF40F20815C2F200
:107B6000000595F85400012808BFB0BD2868416998
:107B700041F006014161FAF755F804462868416969
:107B8000C90705D0FAF74EF8001B6528F6D3286818
:107B90004FF4F851C16000210122A96585F85420F5
:107BA0006B6F13B11A731961816485F84C10B0BD05
:107BB00040F20810C2F20000F9F744BD80B584B06D
:107BC00000208DF80F0001200DF10F01CDE900100C
:107BD00040F280104FF0640CC2F20000D421452224
:107BE0000123CDF808C0FAF78BF904B080BD00007E
:107BF0002DE9F04387B040F2801401250DF111000A
:107C0000C2F200044FF080084FF47A77CDE9000506
:107C10002046D421012201238DF811800297FAF722
:107C20008DFA0DF112004FF00009CDE90005204654
:107C3000D4210D2201238DF812900297FAF77EFAD3
:107C40000DF11300CDE900052046D42101220123C6
:107C50008DF813900297FAF771FA34208DF814001A
:107C600005A8CDE900052046D4215422012302971E
:107C7000FAF764FA0DF11500CDE900052046D4218C
:107C8000562201238DF815900297FAF757FA0DF155
:107C900016000226CDE900052046D4215B220123EF
:107CA0008DF816600297FAF749FA0DF11700CDE941
:107CB00000052046D4215C2201238DF8176002972D
:107CC000FAF73CFA20208DF8180006A8CDE9000547
:107CD0002046D4215E2201230297FAF72FFA0DF1F4
:107CE000190000902046D421502201238DF81980DC
:107CF00002970195FAF722FA0A20F9F78DFD0DF1A6
:107D00001A006426CDE900052046D421452201232E
:107D10008DF81A900296FAF7F3F80DF11B00CDE9F1
:107D200000052046D4211D2201238DF81B900296C8
:107D3000FAF7E6F807B0BDE8F08300002DE9F04F50
:107D400085B00446F9F76EFF0546F9F76BFF401B57
:107D50004FF00008A0424FF0000722D240F28016F8
:107D60004FF064094FF0010A0DF1130BC2F2000647
:107D70003046D4210F2201238DF81380CDE900BABB
:107D8000CDF80890FAF7BCF89DF81370781EFE281D
:107D900007D31420F9F740FDF9F744FF401BA04238
:107DA000E6D3384605B0BDE8F08F000080B584B05A
:107DB00002468DF80F1001200DF10F01CDE90010E2
:107DC00040F280104FF47A7CC2F20000D4210123EB
:107DD000CDF808C0FAF7B2F904B080BDB0B54BF6E3
:107DE00016750024C0F6000504EB440029184878F5
:107DF0008978FFF7DBFF0134E02CF5D11420F9F787
:107E00000BFD0020B0BD0000B0B59EB040F60044B0
:107E1000C4F20264D4F8880046F2C00140F4003095
:107E2000C4F88800D4F88800C4F2020100F40030DD
:107E30000090009840F29420C2F200000160FBF72D
:107E400099F8002818BFF8F757FE40F29420C2F2C4
:107E5000000000210025FBF77DF8002818BFF8F787
:107E60004BFE68466021CDE91C55CDE91A55CDE998
:107E70001855F8F749FAA06A00F00300012810D15C
:107E8000E06900F00C000C280BD1012018900020B4
:107E9000199018A80421FCF7BFF9002818BFF8F7BB
:107EA0002BFEFBF74DF8D4F8F000022161F3C4007B
:107EB000C4F8F0005C200090812002904FF08060B8
:107EC00001214FF080420590079110210992002274
:107ED0000A906846089106920D91FCF715FC00285F
:107EE00018BFF8F709FEE06920F01000E061206893
:107EF00020F002002060206820F400702060D4F898
:107F0000940040F00400C4F89400D4F8940000F009
:107F10000400009000984FF00110FAF7A3FF02242C
:107F2000C0F201042046FAF79DFFA01CFAF79AFF61
:107F30000124C0F202042046FAF740FF4FF002107D
:107F4000FAF73CFF04F5F010FAF738FF04F57E006D
:107F5000FAF734FF04F5FC00FAF730FF04F5C0200F
:107F6000FAF780FF04F56020FAF77CFF0220FAF7A9
:107F70004DFE002818BFF8F7BFFDFAF769FF002093
:107F8000FAF73AFE1EB0B0BD70B582B042F60004FA
:107F900040F2801048F2D922C4F20064C2F200001C
:107FA000C0F6000209210460FAF74AFA002818BF57
:107FB000F8F7A2FD40F28015C2F2000548F28D22CA
:107FC0002846C0F600020A21FAF73AFA002818BF3C
:107FD000F8F792FD0020012140F61452C0F2100281
:107FE000C5E90201C5E90400C5E906002862284682
:107FF000C5E90042F9F7E8FE002818BFF8F77CFD54
:1080000040F28010C2F200000021F9F711FE0028B2
:1080100018BFF8F771FD40F28010C2F20000002195
:10802000F9F72CFE002818BFF8F766FD40F2801023
:10803000C2F20000F9F746FE002818BFF8F75CFD11
:108040002046F8F7D5F9002818BFF8F755FD40F29B
:108050008010C2F20000F8F783FB002818BFF8F781
:108060004BFD0020CDE9000040F2042048F25942C7
:1080700004F5E055C2F20000C0F6000200210560E0
:10808000FAF71CFD002818BFF8F736FD40F204246B
:10809000C2F2000448F235422046C0F60002012137
:1080A000FAF70CFD002818BFF8F726FD4FF6FF7011
:1080B0000026606140F23F10C4E908062046C4E98A
:1080C0000056A660C4E90A66C4E90C66FAF7C4FA69
:1080D000002818BFF8F710FD9F20CDE9000640F2F8
:1080E0000420C2F2000069460022FAF709FC0028C9
:1080F00018BFF8F701FD40F6D840C4F2026050F80E
:108100001C1C41F4007140F81C1C016841F08051B6
:10811000016050F81C1C41F0004140F81C1C016833
:1081200041F00041016050F8081C41F0800140F826
:10813000081C016841F08001016050F8081C41F4FE
:10814000006140F8081C016841F40061016050F8CA
:10815000241C41F0020140F8241C50F8081C41F096
:10816000020140F8081C02B070BD000010B582B0DA
:1081700040F69441C4F202610A68044642F4007277
:108180000A60096801F40070019001980020C4E9B8
:108190000E004FF040408021C4E911012046F8F75D
:1081A000C5FE002818BFF8F7A7FC43F60461C2F625
:1081B00000012046F9F7F0F8002818BFF8F79CFCFA
:1081C000206848F2C1524169C0F6000241F4E8510A
:1081D000416120460221F9F709FB002818BFF8F792
:1081E0008BFC48F2C5522046C0F600020021F9F788
:1081F000FDFA002818BFF8F77FFC20684AF6B07136
:10820000CBF6FD1108444FEAF0117222042938BF61
:1082100002EBF01254B2002120460022FAF7B0FC23
:10822000204602B0BDE81040FAF798BC80B586B091
:1082300000200590CDE90300CDE9010040F68C4017
:10824000C4F20260016841F001010160016801F0BF
:10825000010100910099016841F00201016000688C
:1082600001A900F002000090009810200190002069
:10827000C1F2120002900220039040F20040C4F2CA
:108280000220F9F7ADFB06B080BD0000006842F6A1
:108290000001C4F20061884218BF704710B540F673
:1082A000A840C4F20260016840F6000421F0800199
:1082B000C4F20224016020460121F9F7C1FA2046E8
:1082C0000221F9F7BDFA5820FAF732FC5920BDE82F
:1082D0001040FAF72DBC0000B0B5B8B0044602A8B3
:1082E00000250830B8213795CDE93555CDE933550E
:1082F000F8F70AF8206842F60001C4F200618842EB
:1083000002D038B0B0BD00BF4FF480700290C020E2
:108310001D9002A80395FBF7D7FC002818BFF8F7BB
:10832000EBFB40F68C44C4F20264206833A940F0B1
:1083300004002060206800F00400019001980320F0
:108340003390122034900020CDE93500042037907E
:1083500040F60000C4F20220F9F742FBE069002178
:1083600040F08000E061E069002200F080000190B0
:1083700001985820FAF704FC5820FAF7EFFB59202F
:1083800000210022FAF7FCFB5920FAF7E7FB38B08E
:10839000B0BD000080B50020FAF7A0F8002818BF93
:1083A000F8F7AAFBFAF7AAF8002808BF80BDBDE8D5
:1083B0008040F8F7A1BB000010B582B040F69440B1
:1083C000C4F202600168002241F40071016000689B
:1083D000002100F400700190019872200024FAF747
:1083E000CFFB7220FAF7BAFB40F2081045F25001B9
:1083F000C2F20000C4F2026101604FF040418022ED
:10840000C0E90E44C0E91112F8F790FD002818BF2A
:10841000F8F772FB40F20810C2F200001021F9F7E1
:10842000EFF8002804BF02B010BD02B0BDE8104054
:10843000F8F762BB006844F20041C4F20061884270
:1084400018BF704740F6A840C4F20260016821F4EA
:10845000006101607047000010B5B2B0044602A888
:108460000830B821F7F750FF206844F20041C4F209
:108470000061884202D032B010BD00BF00200390DE
:108480004FF4007002904FF440601F9002A8FBF779
:108490001BFC002818BFF8F72FFB40F6A840C4F2D9
:1084A0000260016841F400610160006800F400604E
:1084B0000190019832B010BD80B540F2A02043F683
:1084C00000034FF4E131C2F200000022C4F20103C4
:1084D0004FF00C0CC0E90031C0E90222C0E9042CC5
:1084E000C0E90622C0E908228262FDF7E3FB00280A
:1084F00018BFF8F701FB40F2A020C2F200000021F3
:10850000FCF7A2FF002818BFF8F7F6FA40F2A02007
:10851000C2F200000021FCF751FF002818BFF8F755
:10852000EBFA40F2A020C2F20000FCF727FF00287F
:1085300008BF80BDBDE88040F8F7DEBA80B540F2E4
:10854000343044F600034FF41651C2F2000000220A
:10855000C4F200034FF00C0CC0E90031C0E9022264
:10856000C0E9042CC0E90622C0E908228262FDF7B6
:10857000A1FB002818BFF8F7BFFA40F23430C2F26E
:1085800000000021FCF760FF002818BFF8F7B4FADC
:1085900040F23430C2F200000021FCF70FFF002847
:1085A00018BFF8F7A9FA40F23430C2F20000FCF725
:1085B000E5FE002808BF80BDBDE88040F8F79CBA02
:1085C0007047000070470000FEE7000080B502F031
:1085D0007FFE002818BF4FF0FF3080BD2DE9F04F1F
:1085E00083B0002302934FF0FF3319B1002818BF66
:1085F000002A03D1184603B0BDE8F08F4B1E4FF0A0
:10860000FF3A01F00308032B4FF000090AD24FF0A4
:10861000FF314FF0000EB8F1000F019240F0828060
:10862000E4E000BFCDF8048021F0030800F1280B3E
:108630004FF0FF314FF0000E3BF9283C3BF9267C10
:1086400083FB03543BF9243CC7FB0754C3FB03548F
:108650003BF91C3CBAEB050771EB04074FF0000730
:10866000B8BF0127002F08BF0C463BF91A1C83FB3B
:1086700003733BF9186C08BF5546C1FB017318BF63
:10868000F146C6FB0673E91B74EB03014FF00001D2
:10869000B8BF012138BF0EF1010900293BF9101CB8
:1086A0003BF90EAC81FB01C63BF90C1C08BF23460D
:1086B000CAFB0AC608BF2F460024C1FB01C6B7EBA0
:1086C0000C0173EB0601B8BF012438BF0EF102099B
:1086D0003BF9041C3BF9025C81FB01A1002CC5FBAA
:1086E00005A13BF9304B08BF1E4608BFBC46C4FB82
:1086F00004A1BCEB0A0376EB01034FF00003B8BF03
:10870000012338BF0EF10309002B04BFE2463146B6
:108710000EF1040EC6458FD1DDF80480B8F1000FCC
:10872000019263D00EEB4E0200EB820630F922205C
:10873000B6F9024082FB0237B6F90420C4FB0437C5
:10874000C2FB0237BAEB030271EB0702B8BFF14676
:10875000B8F1010F4AD0BAEB03020EF1010C71EB34
:1087600007020CEB4C024FF00005B8BF012500EBEF
:10877000820630F92220B6F902B082FB0224002DD5
:10878000CBFB0B24B6F9045018BF394618BF9A46E4
:108790000027C5FB0524BAEB020371EB040338BFC5
:1087A000E146B8F1020F21D0BAEB02060EF1020C3D
:1087B00071EB0406B8BF01270CEB4C06002F00EB51
:1087C000860530F92660B5F902E086FB0663B5F947
:1087D000047018BF2146CEFB0E6318BF9246C7FB3C
:1087E0000763BAEB0602994138BFE14609EB49013C
:1087F00040F2980430F9212000EB810000EE102AAD
:10880000B0F90210B0F9042001EE101AB0F90630E8
:10881000B0F90870B8EEC11AB0F90A00C2F200044B
:10882000B8EEC00A02EE102A03EE103A04EE107AF7
:1088300084ED011A84ED000A01EE100AB8EEC22A96
:10884000B8EEC33AB8EEC40AB8EEC11A04F1180182
:1088500084ED022A02AA84ED033A204684ED040A3C
:1088600084ED051A02F00EFD30B14FF0FF331846CB
:1088700003B0BDE8F08F00BF0298052806D94FF07D
:10888000FF33184603B0BDE8F08F00BF04EB800152
:108890009FED0F1A91ED060A9FED0E2A20EE010AB8
:1088A000DDF8048080FE020A002380FE410AB6EE55
:1088B000001A30EE010AA8F80000BDEEC00A10EE62
:1088C000100A88F80200184603B0BDE8F08F00BF18
:1088D0000000C84200000000FEE7000070470000F2
:1088E00070B540F62C46C4F2026656F82C1C0446BD
:1088F00021F0806046F82C0CF9F794F9054600BF8A
:1089000056F82C0C000105D5F9F78CF9401B02280C
:10891000F6D95CE0306840F60371884394E80E10A5
:108920006FF0FF0505EB0222084310433060306909
:108930000021C8F2800100EA010E591E4FF47E4268
:10894000236902EB4C224FF4FE0505EB03436569F6
:108950006FF35F2192B24FF0FE4000EB056071446F
:1089600003F4FE03114400F0FE4019440844306152
:108970003068A16920F00C0008433060206A31683B
:108980000843306030684FF6F87120F01000306016
:108990007069E269884340EAC2007061306840F063
:1089A0001000306056F82C0C40F0806046F82C0C1B
:1089B000F9F738F9044600BF56F82C0C000144BF03
:1089C000002070BDF9F72EF9001B0328F4D3032013
:1089D00070BD000070B540F63046C4F2026656F82D
:1089E000301C044621F0805046F8300CF9F71AF993
:1089F000054600BF56F8300C800005D5F9F712F98E
:108A0000401B0228F6D95CE0306840F603718843C9
:108A100094E80E106FF0FF0505EB022208431043A7
:108A2000306070690021C8F2800100EA010E591E11
:108A30004FF47E42236902EB4C224FF4FE0505EB16
:108A4000034365696FF35F2192B24FF0FE4000EB84
:108A50000560714403F4FE03114400F0FE40194424
:108A6000084470613068A16920F00C000843306050
:108A7000206A31680843306030684FF6F87120F0A2
:108A800010003060B069E269884340EAC200B0611A
:108A9000306840F01000306056F8300C40F08050E4
:108AA00046F8300CF9F7BEF8044600BF56F8300C13
:108AB000800044BF002070BDF9F7B4F8001B032804
:108AC000F4D3032070BD00007047000070B582B081
:108AD000044600284FF001001CBF0D46002901D1BB
:108AE00002B070BD201D3421F7F70EFC0A200126CC
:108AF000A0604F202560267184F83000002084F8A3
:108B000031004FF4FA70F8F787FE286808210162F7
:108B1000042101620221016206620DF1070600BF15
:108B20002846314601220123FDF77CF90028F7D0C1
:108B300028680821042202230126016202620362DE
:108B4000066201620262036206620DF106012846B6
:108B500001226423FDF766F910B1002002B070BD58
:108B60009DF8060084F83000002002B070BD0000BF
:108B7000002804BF0020704710B5044690F831006B
:108B800001284ED1F9F74EF8616B421AE08DA18DA4
:108B900092084A2A18D8884243D004F10C000121D7
:108BA000E28D825C4E2A84F8302008BF84F83210AF
:108BB000E28D013202F01F02E285E28DA38D9A421E
:108BC00004BF002010BDEBE7884214D004F10C0074
:108BD000012100BFE28D825C4E2A84F8302008BF5C
:108BE00084F83210E28D013202F01F02E285E28D3C
:108BF000A38D9A42EED194F830004E2804BF012094
:108C000084F8320094F830004F2806D1F9F70AF8BA
:108C1000616B401A80084A2815D8204600F0C0F938
:108C200010B1002010BD00BF94F8301000204E2974
:108C300010D04F2918BF10BDF8F7F4FF616B401A30
:108C4000B0F5967FEDD30021012084F8311084F82F
:108C5000321010BD012184F8321010BD002808BF69
:108C60007047B0B582B00468DCB1206808210162A9
:108C7000042101620221016201210DF10705016257
:108C80002046294601220123FDF7CCF80028F7D021
:108C90002068082101620421016202210162012190
:108CA000016202B0BDE8B040704700002DE9F04F0E
:108CB000C3B0044600284FF001001CBF0E46002937
:108CC00002D143B0BDE8F08FA2F1C90189B290464C
:108CD0004FF638729142F4D32079012807D120460B
:108CE00041F2883100F0FCF9A068F8F795FD2068A2
:108CF000002800F0918001F099FE2768082138686B
:108D00000DF20B15016204210162022101620121B1
:108D1000016200BF3846294601220123FDF782F88F
:108D20000028F7D03868082101620421016202217D
:108D3000016201210162FD20ADF80B0008F1030082
:108D40008DF80D0040F201100DF10B09ADF80E0089
:108D500009F1050031464246F7F7BDFA08F1050E64
:108D60000EF4FE720EF0030C564200226FF0030365
:108D700009EB030528796979AF795040ED794840CE
:108D800004337840F118043185EA0002F0D1BCF1D7
:108D9000000F0ED04B441879BCF1010F82EA00029B
:108DA00007D05879BCF1020F82EA00021CBF987903
:108DB000424008F10601206809F80E208AB24946AF
:108DC000C823FDF721F9054601F036FE2846002D9F
:108DD0007FF477AF2068082201684FF4FA730A62C3
:108DE00004220A6202220A6201220A620DF20B11B7
:108DF000FDF718F80146012000297FF462AF9DF8C5
:108E00000B014E2884F8300004D1012184F832107F
:108E100006E000BF452803D1012043B0BDE8F08F34
:108E20004E38B0FA80F040092579012184F83110DC
:108E300084F83200F8F7F6FE012D60631EBF0020B3
:108E400043B0BDE8F08FF8F7EDFE216800296FD040
:108E5000054604F10C07002041F287364FF0040B61
:108E60004FF0020A4FF001090DF10B0801900FE0DD
:108E700020680822016864230A62C1F820B0C1F8A2
:108E800020A0C1F8209041460122FCF7CBFF38B367
:108E9000F8F7C8FE401BB0424AD800BFE08DA18D54
:108EA000884210D0E08D385C4E2884F8300008BF2E
:108EB00084F83290E08D013000F01F00E085E08DF5
:108EC000A18D8842EED194F830004F28D0D1F8F728
:108ED000A9FE616B401A80084A28C9D928E000BF62
:108EE0009DF80B004F2884F8300005D04E2819D18A
:108EF00084F832900BE000BFF8F794FE616B401AE3
:108F000080084A2814D89DF80B004E280AD1F8F79B
:108F100089FE019951B1401A40F6B9318842B7D360
:108F200006E000BF00200190B2E700BF0190AFE76C
:108F3000002084F8310084F8320043B0BDE8F08F9F
:108F4000002812BF002901207047B0B5044608462A
:108F50000D46F7F7E4F982B2204629460023BDE822
:108F6000B040FFF7A3BE0000C8B1C18D828D914211
:108F700008BF704700F10C014FF0010CC38DCB5CB2
:108F80004E2B80F8303008BF80F832C0C38D0133DB
:108F900003F01F03C385C38D828D9342EED17047CA
:108FA000002804BF012070472DE9F04383B0044638
:108FB0000068C8B301F03AFD2568082128680DF162
:108FC0000B0601620421016202210162012101629A
:108FD0002846314601220123FCF724FF0028F7D060
:108FE00028684FF008084FF0040902260127C0F84E
:108FF0002080C0F8209006620762FD20C2F20210B5
:10900000CDF80600DE2120688DF80A100DF106016A
:109010000522C823FCF7F8FF054601F00DFD2846A0
:1090200035B103B0BDE8F083012003B0BDE8F083A3
:109030002068012201684FF4FA73C1F82080C1F85A
:1090400020900E620F620DF10501FCF7EBFE002887
:109050004FF00100E5D19DF8050084F830000020B4
:1090600003B0BDE8F083000068B1828DC38D01328A
:1090700002F01F029A4208BF7047838D03441973A0
:10908000828580F8301070474FF0010230B310290C
:1090900024D8B0B582B047F25B620A290446ADF825
:1090A000002005D331208DF802000A39032000E0AA
:1090B000022041F030016D462A1829545D20A2F8A3
:1090C00001002846F7F72BF982B2204629460023F3
:1090D000FFF7ECFD024602B0BDE8B0401046704715
:1090E0002DE9F04F81B00C460546F8F79BFD002DA9
:1090F00043D00646F8F796FD801BA0423DD205F10D
:109100000C074FF0040A4FF0020B4FF001090DF16C
:1091100003080CE0E88D385C4E2885F8300008BF65
:1091200085F83290E88D013000F01F00E885E88D69
:10913000A98D8842EED195F830004F2822D02868BA
:109140000822016832230A62C1F820A0C1F820B0C9
:10915000C1F8209041460122FCF764FE28B99DF831
:1091600003004F2885F830000CD00220F8F754FB9C
:10917000F8F758FD801BA042D9D3002001B0BDE80C
:10918000F08F00BF012001B0BDE8F08F2DE9F04164
:10919000CAB0002800F08880984604460B4605298E
:1091A00000F28E8001EB83020020042654A1DFE848
:1091B00003F00F030B83070D082657A108E000BF3B
:1091C000062652A104E000BF52A101E006264DA1EF
:1091D0004BF6B550ADF80C004EF6BC40CEF2B220C6
:1091E000029002A806303246F7F775F8B01D81B23A
:1091F00002AF4AF6A342B8F1FF3F00F102057A52EE
:1092000002DD434608E000BF79291CD8A9B2C51C7D
:109210002D20C8F10003785422AE4CF2493230467A
:10922000C0F60002102102F0EDF93046F7F777F8AA
:1092300082B212FA85F67F2E05D8A8B222A9384448
:10924000F7F749F83546D4E90061A8B24DF2B762A4
:109250003A5217FA85F041446160002181701EB3D3
:1092600002AD4BF60871C0F6000128460D22F7F753
:109270005DF8E8B14CF251324BF6087322A8C0F603
:109280000002A021C0F60003009502F0BBF90146E0
:1092900001284FF001000FDB4FF6E07211409F29CB
:1092A0000AD8206822A905E001204AB0BDE8F08173
:1092B00002A93046FFF744FE4AB0BDE8F08100BF86
:1092C0004BF6B550ADF80C004EF6BC40CEF2B220D5
:1092D00022AE4CF2493202903046C0F60002102114
:1092E00002F090F93046F7F71AF882B2792A05D8D9
:1092F000064602A8063022A976E700BF062076E7D8
:10930000BFDBC9B1B8DFD4B6C7F20000C6BDB3E950
:10931000C7F20000CCF4C7F2B7B4CAD6CCF4C7F297
:10932000002814BF4068002070470000B0B5A8B006
:109330000C46014600284FF0010018BF002C01D157
:1093400028B0B0BD081D0D464421F6F7DDFF2046CC
:1093500010212C60FFF798FE286888B35D218DF8F6
:109360000C1045F65D31C3F27451029145F65D3142
:10937000C3F26D01019147F25B61C3F2316100916B
:109380004BF2BB61CAF6D351CDF80D104BF6CA11A2
:10939000CCF2D331CDF811104CF2D671CDF6C441D8
:1093A000CDF815104DF6B131CFF6B401CDF8191046
:1093B00069461D220123FFF779FC28B0B0BD00BF2C
:1093C000012028B0B0BD0000002808BF7047006829
:1093D000002818BFFFF7C8BD70470000F9F798B81C
:1093E000B0B59EB006A804303421F6F78DFF4FF4D7
:1093F0004030F9F765FCD8B140F2A02072B6C2F255
:109400000000006843F60001C4F2010188420DD15A
:1094100040F2A0204BF68451C2F20000C0F60001D9
:1094200019224FF47A73FCF7EFFD00BFFEE700BF8F
:10943000102001214FF400520690CDE90D100220BA
:1094400017920A220024CDE91401CDE91820CDE9B4
:109450001A010C200325CDE91C0406A80F941695CB
:10946000FBF752F9D0B140F2A02072B6C2F2000070
:10947000006843F60001C4F2010188420CD140F2B9
:10948000A0204BF68451C2F20000C0F60001192260
:109490004FF47A73FCF7B8FDFEE700BF1F20CDE95B
:1094A000000568460421CDE90244CDE90444FAF7F9
:1094B000B3FE002804BF1EB0B0BD40F2A02072B6BB
:1094C000C2F20000006843F60001C4F201018842C4
:1094D0000CD140F2A0204BF68451C2F20000C0F63D
:1094E000000119224FF47A73FCF78EFDFEE70000AD
:1094F000B0B59EB006A804303421F6F705FF00246D
:109500004FF44030CDE90444CDE90244CDE90044B4
:10951000F9F7D6FBD0B140F2A02072B6C2F200003B
:10952000006843F60001C4F2010188420CD140F208
:10953000A0204BF68451C2F20000C0F600011922AF
:109540004FF47A73FCF760FDFEE700BF1021142092
:10955000CDE90E14812106900120089102210D9081
:10956000CDE914104FF40052CDE91A100C201792D7
:1095700003250A22CDE91C0406A81695CDE9182179
:10958000FBF7C2F8D0B140F2A02072B6C2F20000E0
:10959000006843F60001C4F2010188420CD140F298
:1095A000A0204BF68451C2F20000C0F6000119223F
:1095B0004FF47A73FCF728FDFEE700BF1F20CDE9CA
:1095C00000050020CDE90200CDE904006846042131
:1095D000FAF722FE002804BF1EB0B0BD40F2A02062
:1095E00072B6C2F20000006843F60001C4F2010145
:1095F00088420DD140F2A0204BF68451C2F2000007
:10960000C0F6000119224FF47A73FCF7FDFC00BF8D
:10961000FEE700004EF6885CCEF2000CDCF800108D
:10962000012241F47001CCF8001040F60041C4F270
:1096300002610A600022CA610A624A620B684FF640
:10964000FF70CEF6F620184008608A62086820F4A1
:10965000802008604FF000600A654CF8800C70476D
:10966000816A0A070CD4CA0715D18A071ED44A0793
:1096700027D4CA0630D48A0639D44A0642D457E0E1
:109680000268D0F838C0536823F4004343EA0C035F
:109690005360CA07E9D00268D0F82CC0536823F49D
:1096A000003343EA0C0353608A07E0D50268D0F820
:1096B00030C0536823F4803343EA0C0353604A07F5
:1096C000D7D50268D0F834C0536823F4802343EA26
:1096D0000C035360CA06CED50268D0F83CC093682C
:1096E00023F4805343EA0C0393608A06C5D50268CD
:1096F000D0F840C0936823F4005343EA0C0393600E
:109700004A0615D5D0F800C0436CDCF80420B3F548
:10971000801F22F4801242EA0302CCF8042007D111
:10972000DCF80420836C22F4C0021A43CCF8042035
:10973000090658BF70470168C06C4A6822F40022CD
:109740001043486070470000B0B582B00446002066
:10975000C4F89000F8F766FA216805460A6812070F
:1097600037D56FF07E4C20464FF4001100222B4677
:10977000CDF800C000F0BAFF50B300BF206850E839
:10978000000F216820F0800041E80002DAB1206873
:1097900050E8000F216820F0800041E8000292B1FB
:1097A000206850E8000F216820F0800041E80002A6
:1097B0004AB1206850E8000F216820F0800041E89D
:1097C0000002002ADAD10320202188226BE000BFAA
:1097D0002168086840075DD56FF07E4C20464FF445
:1097E000800100222B46CDF800C000F07FFF00284A
:1097F00050D000BF206850E8000F216820F490701E
:1098000041E80002BAB3206850E8000F216820F454
:10981000907041E8000272B3206850E8000F2168A0
:1098200020F4907041E800022AB3206850E8000F4D
:10983000216820F4907041E80002002ADAD11AE091
:10984000206850E8020F216820F0010041E8020280
:10985000DAB1206850E8020F216820F0010041E8E9
:10986000020292B1206850E8020F216820F0010046
:1098700041E802024AB1206850E8020F216820F056
:10988000010041E80202002ADAD1032020218C22C3
:1098900009E000BF2020C4F88800C4F88C00002133
:1098A00070220020E166A150002184F8841002B0EB
:1098B000B0BD0000C06D0021A0F85E10FBF7DEBE59
:1098C000C06D0021A0F85E1002680F231362936937
:1098D00043F0080393612022C0F88C20C166FBF797
:1098E000FBBD0000B0F860200168D0F88C30222B5E
:1098F00040F0A280496A836D114023F8021B836502
:10990000B0F85E100139A0F85E10B0F85E100029C2
:1099100018BF7047016851E8001F026821F4907178
:1099200042E80013E3B1016851E8001F026821F426
:10993000907142E800139BB1016851E8001F026872
:1099400021F4907142E8001353B1016851E8001FFF
:10995000026821F4907142E80013002BDAD100BFB5
:10996000016851E8021F026821F0010142E8021378
:10997000DBB1016851E8021F026821F0010142E8F1
:10998000021393B1016851E8021F026821F001013E
:1099900042E802134BB1016851E8021F026821F04E
:1099A000010142E80213002BDAD12021C0F88C100B
:1099B000002141670167016842F2004341F0805293
:1099C000C5F200639A423DD1C16E012918BFFCF770
:1099D000FDBA0021C16600BF016851E8001F02689E
:1099E00021F0100142E80013DBB1016851E8001FCB
:1099F000026821F0100142E8001393B1016851E8B8
:109A0000001F026821F0100142E800134BB1016809
:109A100051E8001F026821F0100142E80013002BFA
:109A2000DAD10168CA69D20644BF10220A62B0F8CE
:109A30005C10FBF7BFBC00BF886940F0080088617C
:109A4000704700BF49680902BED500BF016851E8F0
:109A5000001F026821F0806142E80013002BB3D0A0
:109A6000016851E8001F026821F0806142E800139C
:109A7000002BA9D0016851E8001F026821F0806125
:109A800042E80013002B9FD0016851E8001F0268D4
:109A900021F0806142E80013002BD7D194E7000049
:109AA0002DE9F04F81B004460068B4F86050C669F3
:109AB00001688268D4F88C30222B40F04381B4F8DE
:109AC0006800002800F0E48001F4807802F00107CB
:109AD0004FF000094FF0020B4FF0010A04E000BF05
:109AE000B4F85E0000285CD0B00640F1D180206858
:109AF000A16D426A2A4021F8022BA165B4F85E10DC
:109B00000139A4F85E10C6697107E9D0F20718BFE1
:109B1000B8F1000F02D1B2070AD412E0C0F820A0B9
:109B2000D4F8902042F00102C4F89020B20708D582
:109B30003FB1C0F820B0D4F8902042F00402C4F83D
:109B40009020002908D53FB104210162D4F890008B
:109B500040F00200C4F89000D4F890000028BFD074
:109B60002046FBF78BFDC4F89090B9E7206850E8D9
:109B7000000F216820F4807041E80002DAB120680B
:109B800050E8000F216820F4807041E8000292B193
:109B9000206850E8000F216820F4807041E800023E
:109BA0004AB1206850E8000F216820F4807041E835
:109BB0000002002ADAD14FF6FE70CEF6FF7000BF29
:109BC000216851E8021F2268014042E80213C3B134
:109BD000216851E8021F2268014042E8021383B164
:109BE000216851E8021F2268014042E8021343B194
:109BF000216851E8021F2268014042E80213002B4D
:109C0000DED12020C4F88C00002060672067206827
:109C100042F2004240F08051C5F20062914240F0B1
:109C2000A180E06E012840F095800020E06600BF32
:109C3000206850E8000F216820F0100041E8000281
:109C4000DAB1206850E8000F216820F0100041E8E8
:109C5000000292B1206850E8000F216820F0100047
:109C600041E800024AB1206850E8000F216820F066
:109C7000100041E80002002ADAD12068C169C90653
:109C800044BF10210162B4F85C102046FBF792FB40
:109C9000B4F85E00002852D0B4F8681088424ED262
:109CA000206850E8020F216820F0805041E802024D
:109CB000DAB1206850E8020F216820F0805041E8B6
:109CC000020292B1206850E8020F216820F0805013
:109CD00041E802024AB1206850E8020F216820F0F2
:109CE000805041E80202002ADAD149F6E500C0F6C8
:109CF00000006067206850E8000F216840F02000F5
:109D000041E80002DAB1206850E8000F216840F015
:109D1000200041E8000292B1206850E8000F21685D
:109D200040F0200041E800024AB1206850E8000FEE
:109D3000216840F0200041E80002002ADAD101B099
:109D4000BDE8F08F816941F00801816101B0BDE893
:109D5000F08F00BF2046FCF739F9B4F85E00002808
:109D60009AD1ECE7406800027FF55BAF206850E8CD
:109D7000000F216820F0806041E80002002A3FF4D3
:109D800050AF206850E8000F216820F0806041E863
:109D90000002002A3FF445AF206850E8000F216818
:109DA00020F0806041E80002002A3FF43AAF2068CA
:109DB00050E8000F216820F0806041E80002002A8E
:109DC000D4D12EE7B0F860100268D0F88C30222B86
:109DD00040F0A480526A836D11401970816D013189
:109DE0008165B0F85E100139A0F85E10B0F85E1021
:109DF000002918BF704700BF016851E8001F0268C2
:109E000021F4907142E80013E3B1016851E8001FAA
:109E1000026821F4907142E800139BB1016851E897
:109E2000001F026821F4907142E8001353B10168E9
:109E300051E8001F026821F4907142E80013002BE2
:109E4000DAD100BF016851E8021F026821F0010168
:109E500042E80213DBB1016851E8021F026821F0F9
:109E6000010142E8021393B1016851E8021F026840
:109E700021F0010142E802134BB1016851E8021FD1
:109E8000026821F0010142E80213002BDAD12021FF
:109E9000C0F88C10002141670167016842F200435D
:109EA00041F08052C5F200639A423DD1C16E012952
:109EB00018BFFCF78BB80021C16600BF016851E8EC
:109EC000001F026821F0100142E80013DBB10168B5
:109ED00051E8001F026821F0100142E8001393B11D
:109EE000016851E8001F026821F0100142E80013E8
:109EF0004BB1016851E8001F026821F0100142E8EF
:109F00000013002BDAD10168CA69D20644BF1022BF
:109F10000A62B0F85C10FBF74DBA00BF906940F0E0
:109F200008009061704700BF49680902BED500BFB4
:109F3000016851E8001F026821F0806142E80013C7
:109F4000002BB3D0016851E8001F026821F0806146
:109F500042E80013002BA9D0016851E8001F0268F5
:109F600021F0806142E80013002B9FD0016851E886
:109F7000001F026821F0806142E80013002BD7D156
:109F800094E700002DE9F04F81B004460068B4F872
:109F90006050C66901688268D4F88C30222B40F08A
:109FA0004581B4F86800002800F0E68001F4807B69
:109FB00002F001074FF000084FF0020A4FF00109CC
:109FC00004E000BFB4F85E0000285ED0B00640F1A7
:109FD000D3802068A16D406A28400870A16D206878
:109FE0000131A165B4F85E100139A4F85E10C669AC
:109FF0007107E7D0F20718BFBBF1000F02D1B2071B
:10A000000AD412E0C0F82090D4F8902042F0010267
:10A01000C4F89020B20708D53FB1C0F820A0D4F80A
:10A02000902042F00402C4F89020002908D53FB1E6
:10A0300004210162D4F8900040F00200C4F89000BE
:10A04000D4F890000028BDD02046FBF717FBC4F8D9
:10A050009080B7E7206850E8000F216820F48070F6
:10A0600041E80002DAB1206850E8000F216820F4CE
:10A07000807041E8000292B1206850E8000F21682A
:10A0800020F4807041E800024AB1206850E8000FD7
:10A09000216820F4807041E80002002ADAD14FF6EE
:10A0A000FE70CEF6FF7000BF216851E8021F2268E3
:10A0B000014042E80213C3B1216851E8021F22683F
:10A0C000014042E8021383B1216851E8021F22686F
:10A0D000014042E8021343B1216851E8021F22689F
:10A0E000014042E80213002BDED12020C4F88C008E
:10A0F000002060672067206842F2004240F08051F3
:10A10000C5F20062914240F0A180E06E012840F06B
:10A1100095800020E06600BF206850E8000F2168AD
:10A1200020F0100041E80002DAB1206850E8000F8A
:10A13000216820F0100041E8000292B1206850E848
:10A14000000F216820F0100041E800024AB12068A9
:10A1500050E8000F216820F0100041E80002002ABA
:10A16000DAD12068C169C90644BF10210162B4F880
:10A170005C102046FBF71EF9B4F85E00002852D0B0
:10A18000B4F8681088424ED2206850E8020F216867
:10A1900020F0805041E80202DAB1206850E8020F56
:10A1A000216820F0805041E8020292B1206850E816
:10A1B000020F216820F0805041E802024AB1206875
:10A1C00050E8020F216820F0805041E80202002A86
:10A1D000DAD149F6C550C0F600006067206850E843
:10A1E000000F216840F0200041E80002DAB1206849
:10A1F00050E8000F216840F0200041E8000292B1D1
:10A20000206850E8000F216840F0200041E800027B
:10A210004AB1206850E8000F216840F0200041E872
:10A220000002002ADAD101B0BDE8F08F816941F067
:10A230000801816101B0BDE8F08F00BF2046FBF747
:10A24000C5FEB4F85E0000289AD1ECE74068000231
:10A250007FF55BAF206850E8000F216820F0806038
:10A2600041E80002002A3FF450AF206850E8000F98
:10A27000216820F0806041E80002002A3FF445AFE9
:10A28000206850E8000F216820F0806041E800025B
:10A29000002A3FF43AAF206850E8000F216820F010
:10A2A000806041E80002002AD4D12EE770B5044650
:10A2B0002269D4E90213006811436269E6690568FE
:10A2C000114346F6F312CCF6FF722A401143314394
:10A2D000016041684FF2FF4521F44051194341604C
:10A2E00042F20041A26940F08053C5F200618B4206
:10A2F0001CBF236A1A438368C1F2FF152B401A431F
:10A300008260C26A636A22F00F021A4343F2FF734B
:10A31000C4F201039842C2621ADC44F60001C4F29E
:10A32000000188422AD044F60041C4F2000188426C
:10A3300070D045F20001C4F20001884262D11020C1
:10A340000021F9F77DF8B6F5004F1ED041E000BFBF
:10A3500043F60002C4F20102904233D042F20042BE
:10A36000C4F2006290425DD088424BD100200021AF
:10A37000F9F766F800285BD142E000BF0420002115
:10A38000F9F75EF8B6F5004F23D1C8B3616A4BF612
:10A390007862C0F6000232F811106268B0FBF1F08A
:10A3A000510801EB4000B0FBF2F04FF6EF72A0F164
:10A3B0001001914260D84FF6F071C0F3420208409C
:10A3C00010441BE001200021F9F73AF8B6F5004FE0
:10A3D000DBD0A8B1616A4BF67862C0F6000232F8B1
:10A3E00011106268B0FBF1F000EB5200B0FBF2F02C
:10A3F0004FF6EF72A0F1100191423DD82168C8607C
:10A4000000203AE000200021F9F71AF8B6F5004FD5
:10A41000DFD1BAE708200021F9F712F8B6F5004FAE
:10A42000B3D0D6E720200021F9F70AF80028E7D0BA
:10A43000616A4BF67862C0F6000232F81110626869
:10A44000B0FBF1F102EB420081424FF0010014D366
:10A450001303994211D808020B0E10EB520043F17E
:10A4600000010023F5F706FF4FF60052A0F54071FA
:10A47000C0F20F029142C1D301204FF00111A16639
:10A480000021C4E91D1170BD8165A0F85C20A0F811
:10A490005E2081680023436771B1B1F1805F07D00E
:10A4A000B1F5805F0ED1016951B940F2FF110AE0A8
:10A4B000016919B13F2106E0016909B17F2102E07C
:10A4C000FF2100E00021A0F860100021C0F89010EA
:10A4D0002221C0F88C1000BF016851E8021FD0F89B
:10A4E00000C041F001014CE80213F3B1016851E8EA
:10A4F000021FD0F800C041F001014CE80213A3B1E3
:10A50000016851E8021FD0F800C041F001014CE899
:10A51000021353B1016851E8021FD0F800C041F0A6
:10A5200001014CE80213002BD6D1416EB1F1005F5E
:10A5300003D1B0F868108A4240D282680169B2F54E
:10A54000805F07D1002947D049F6C551C0F6000108
:10A55000416707E049F6C552C0F60002002942678C
:10A5600040D000BF016851E8001F026841F49071BB
:10A5700042E80013002B00F0B680016851E8001F8C
:10A58000026841F4907142E80013002B00F0AB80A8
:10A59000016851E8001F026841F4907142E800131D
:10A5A000002B00F0A080016851E8001F026841F410
:10A5B000907142E80013002BD4D194E082680169C5
:10A5C000B2F5805F38D1002962D049F68571C0F6B6
:10A5D0000001416736E000BF49F6E501C0F6000121
:10A5E000416700BF016851E8001F026841F0200187
:10A5F00042E80013002B76D0016851E8001F026882
:10A6000041F0200142E80013002B6CD0016851E8B2
:10A61000001F026841F0200142E80013002B62D0C5
:10A62000016851E8001F026841F0200142E8001370
:10A63000002BD7D157E000BF49F68572C0F6000263
:10A64000426759B3016851E8001F026841F4807104
:10A6500042E8001313B3016851E8001F026841F497
:10A66000807142E80013CBB1016851E8001F026815
:10A6700041F4807142E8001383B1016851E8001F82
:10A68000026841F4807142E80013002BDAD105E042
:10A6900049F6A121C0F60001416700BF016851E8F9
:10A6A000021F026841F0805142E80213DBB10168E9
:10A6B00051E8021F026841F0805142E8021393B151
:10A6C000016851E8021F026841F0805142E802131C
:10A6D0004BB1016851E8021F026841F0805142E825
:10A6E0000213002BDAD10020704700002DE9F04161
:10A6F000804600681546C2690E461140891BB1FAB2
:10A7000081F149098D4223D1069C2CB3611C29D1CA
:10A71000C1693140891BB1FA81F149098D4217D1D4
:10A72000C1693140891BB1FA81F149098D420FD1CC
:10A73000C1693140891BB1FA81F149098D4207D1C4
:10A74000C1693140891BB1FA81F149098D42DFD0DD
:10A750000020BDE8F08100BFF7F764FA0320BDE8F0
:10A76000F08100BF1F4607E0C0693040801BB0FA8F
:10A7700080F040098542EBD1F7F754FAC01BA042A4
:10A7800084BF0320BDE8F081D8F8000001684907C4
:10A79000EAD5402E18BF802EE6D0C169090700F126
:10A7A000A180C1690905DFD54FF400610162D8F8C5
:10A7B000000050E8000FD8F8001020F4907041E835
:10A7C00000020AB3D8F8000050E8000FD8F80010D3
:10A7D00020F4907041E80002B2B1D8F8000050E8CF
:10A7E000000FD8F8001020F4907041E800025AB130
:10A7F000D8F8000050E8000FD8F8001020F490704E
:10A8000041E80002002AD2D14FF6FE70CEF6FF706A
:10A81000D8F8001051E8021FD8F80020014042E8A3
:10A820000213F3B1D8F8001051E8021FD8F8002045
:10A83000014042E80213A3B1D8F8001051E8021F0A
:10A84000D8F80020014042E8021353B1D8F80010B4
:10A8500051E8021FD8F80020014042E80213002B03
:10A86000D6D1D8F86C0001282CD1D8F8000050E8D7
:10A87000000FD8F8001020F0100041E800020AB3E1
:10A88000D8F8000050E8000FD8F8001020F01000B1
:10A8900041E80002B2B1D8F8000050E8000FD8F843
:10A8A000001020F0100041E800025AB1D8F8000072
:10A8B00050E8000FD8F8001020F0100041E8000226
:10A8C000002AD2D120200021C8F88C00C8F86C10D2
:10A8D000C8F87410C8F89000032088F88410BDE808
:10A8E000F08100BF08210162D8F8000050E8000F95
:10A8F000D8F8001020F4907041E800020AB3D8F8AC
:10A90000000050E8000FD8F8001020F4907041E8E3
:10A910000002B2B1D8F8000050E8000FD8F80010DB
:10A9200020F4907041E800025AB1D8F8000050E8D5
:10A93000000FD8F8001020F4907041E80002002ABF
:10A94000D2D14FF6FE70CEF6FF70D8F8001051E865
:10A95000021FD8F80020014042E80213F3B1D8F8F2
:10A96000001051E8021FD8F80020014042E802130D
:10A97000A3B1D8F8001051E8021FD8F80020014018
:10A9800042E8021353B1D8F8001051E8021FD8F87A
:10A990000020014042E80213002BD6D1D8F86C0009
:10A9A00001282CD1D8F8000050E8000FD8F800108A
:10A9B00020F0100041E800020AB3D8F8000050E887
:10A9C000000FD8F8001020F0100041E80002B2B1EA
:10A9D000D8F8000050E8000FD8F8001020F0100060
:10A9E00041E800025AB1D8F8000050E8000FD8F84A
:10A9F000001020F0100041E80002002AD2D12020EF
:10AA0000C8F88C0000200821C8F86C00C8F8740051
:10AA1000C8F8901088F884000120BDE8F08100009B
:10AA200040F23430C2F20000FAF72ABE40F234306D
:10AA3000C2F20000FAF752BD40F2343040F648014D
:10AA4000C2F20000C2F200010122FBF767BA000067
:10AA500040F2343040F64801C2F20000C2F2000178
:10AA60000122FBF75BBA0000FEE700002DE9F04F82
:10AA700081B02DED028B90B01C9C0A91012CC0F28C
:10AA8000598100689A46009080681746002B029012
:10AA900040F3168104EB44000A999FEDD68A01EB3E
:10AAA00080000AF0030E06904FF6FC70C7F6FF70A8
:10AAB00000EA0A00C0F1000801EBC4004FEA0419E3
:10AAC000059001EB84000026002304900197CDE956
:10AAD0000CAE10E004210CEB8200A1EB8201F5F733
:10AAE00013FCDDF834E0039B019F0133A34206F120
:10AAF000040600F01F81029807EB830C50F8232016
:10AB00000393002AE6DD00981546D0E900010A9A71
:10AB100000EB830702EB830201EB83030C380B93FA
:10AB200013462A46A1F110054FF0000B0790CDE91E
:10AB30000EC2CDE9087311E0534627467446DDE99D
:10AB40000CAEDDF838C00F9A0CEB8B000BF1010B4B
:10AB5000934580ED000A05F10405C4D0BAF1040F55
:10AB600006D20020B0EE480ABEF1000F5AD1EBE742
:10AB7000DDE90502DDF81CE0DDF810C00A99B0EE51
:10AB8000480A4FF0000A2F468B1993ED001A0EEB7E
:10AB9000060393ED032A93ED043A93ED054A93EDF2
:10ABA000065A0CEB060331EE421A93ED002ABB194C
:10ABB00093ED046A93ED057A21EE061A32EE432AEC
:10ABC000D3ED060A93ED076A831930EE010A22EEEF
:10ABD000071A93ED002A931930EE010A32EE441A57
:10ABE00093ED002A21EE201A32EE452A30EE010ABA
:10ABF00022EE061AAAF1040A30EE010A4A44494438
:10AC000048441037CC44D0450EF1100EBCD1CAF1E7
:10AC10000000DDE90CAEDDE90EC2DDE90873BEF12E
:10AC2000000F91D000FB04F107EB800203EB8101E0
:10AC300092ED002A91ED001A0B9931EE421A01EBC8
:10AC40008B01BEF1010F01EB800292ED002A21EE93
:10AC5000021A30EE010A3FF476AF421CF446A646D3
:10AC60009A4602FB0EF33C460AEB830307EB82078E
:10AC700093ED001A97ED002A01EB820231EE421AA1
:10AC800092ED002ABCF1020F21EE021A30EE010A09
:10AC90003FF452AF023000FB0EF204EB80030AEBEC
:10ACA000820293ED002A92ED001A01EB800031EE52
:10ACB000421A90ED002A21EE021A30EE010A3BE71B
:10ACC000042C04F003083BD20026B8F1000F31D069
:10ACD000029850F8261007EB860000294FEA810100
:10ACE000DCBF0844C1F10401F5F70EFBB8F1010F18
:10ACF00020D00299701C51F8201007EB8000002929
:10AD00004FEA8101DCBF0844C1F10401F5F7FCFA08
:10AD1000B8F1020F0ED00299B01C51F8201007EBC9
:10AD2000800000294FEA8101DCBF0844C1F1040121
:10AD3000F5F7EAFA10B0BDEC028B01B0BDE8F08F78
:10AD40004FF6FC70C7F6FF7004EA000900260C24D9
:10AD500008E000BF5046F5F7D7FA0436B14504F1D4
:10AD60001004B2D0029807EB040A204450F80C0CEF
:10AD700001284FEA800103DBAAF10C0005E000BFC7
:10AD8000781800EB8600C1F10401F5F7BDFA0298CE
:10AD900007EB860B00EB8605686800284FEA800108
:10ADA00002DD0BF1040005E0781800EB8600C1F12C
:10ADB00004010430F5F7A8FAA86800284FEA8001DA
:10ADC00002DD0BF1080005E0781800EB8600C1F108
:10ADD00004010830F5F798FA0298005900284FEA64
:10ADE0008001B7DC781800EB8600C1F104010C305B
:10ADF000B1E700BF0000000070B590ED000A4C1EE6
:10AE000010D08E1E032E04F0030E13D24FF0000C50
:10AE1000B0EE401ABEF1000F48D182ED000AC3F82F
:10AE200000C070BD4FF0000C82ED000AC3F800C0F6
:10AE300070BD00BF24F003054FF0000C002600BFDA
:10AE400090ED011A90ED022AB4EE410A80FE010A4B
:10AE500090ED033AF1EE10FAB4EE420A80FE020AD7
:10AE600090ED044AB8BF06F1010CF1EE10FAB4EE11
:10AE7000430A80FE030AB8BF06F1020CF1EE10FA95
:10AE8000B8BF06F1030CB4EE440A043680FE040A8F
:10AE9000F1EE10FAB8BFB446B54200F11000CFD1C0
:10AEA000A41BB0EE401ABEF1000FB6D090ED010A1F
:10AEB000091BB4EE401A81FE000AF1EE10FAB8BF89
:10AEC0008C46BEF1010FA8D090ED021AB4EE410AF3
:10AED00080FE010AF1EE10FAB8BF01F1010CBEF1DB
:10AEE000020F9AD090ED031AB4EE410A80FE010AD7
:10AEF000F1EE10FAB8BF01F1020C82ED000AC3F8BE
:10AF000000C070BD002A4ED012F003030CD090EDAB
:10AF1000001A012B20EE011A81ED001A06D104302F
:10AF20000431531E19E000BF134616E090ED011ADC
:10AF3000022B20EE011A81ED011A03D108300831ED
:10AF4000931E0AE090ED021A01F10C0C20EE011A9A
:10AF50000C30D31E81ED021A6146042A38BF7047B7
:10AF6000A0F11002A1F1100092ED041A00F11001FD
:10AF700020EE011A043B80ED041A92ED051A20EE32
:10AF8000011A80ED051A92ED061A20EE011A80EDE5
:10AF9000061A92ED071A02F1100220EE011A80ED56
:10AFA000071A0846E0D1704780B582B0019040F2A0
:10AFB000A020C2F2000001A901224FF0FF33FBF7ED
:10AFC00023F8019802B080BD98B0F7F7AFFA0220DD
:10AFD000F7F71CFED0B140F2A02072B6C2F200001A
:10AFE000006843F60001C4F2010188420CD140F22E
:10AFF000A0204BF68451C2F20000C0F600011922D5
:10B000004FF47A73FBF700F8FEE700BFFEF7E8F9AC
:10B01000FDF70CF9FDF7D0F9FDF7BCF9FDF74CFA97
:10B02000FBF7DCF84FF47A70FCF788FE044672A058
:10B0300000F072FE77A0214600F0D4FAFCF7CEFEB5
:10B04000F0B17AA000F068FE40F2A02072B6C2F221
:10B050000000006843F60001C4F2010188420DD1EE
:10B0600040F2A0204BF68451C2F20000C0F600016D
:10B0700019224FF47A73FAF7C7FF00BFFEE700BF4B
:10B0800040F6F045C4F20265FCF7B2FDFCF796FD10
:10B09000FBF796F8FCF7B8FE6CA000F03DFE4FF40D
:10B0A0007A70F6F7B9FBF6F7BDFD044642F2117669
:10B0B0002868800704D4F6F7B5FD001BB042F7D32B
:10B0C0002868800752D46C4620466021F5F71CF9A9
:10B0D00064A000F021FEF7F733FF286840F0180065
:10B0E000286004200090002002902046F9F70CFB15
:10B0F000C820F6F791FB812002902046F9F704FB67
:10B100004FF47A70F6F788FBF6F78CFD044642F2AE
:10B11000117600BF2868800704D4F6F783FD001B72
:10B12000B042F7D32868800720D44CF20630C0F62E
:10B13000000000F0F1FD40F2A02072B6C2F2000063
:10B14000006843F60001C4F2010188420CD140F2CC
:10B15000A0204BF68451C2F20000C0F60001192273
:10B160004FF47A73FAF750FFFEE700BF4CF2383025
:10B17000C0F6000000F0D0FDFEF7BAF94FF496706B
:10B18000F6F74AFBFCF700FFFCF7CEFA40F2081096
:10B19000C2F20000F5F788FDD0B140F2A02072B6EF
:10B1A000C2F20000006843F60001C4F201018842C7
:10B1B0000CD140F2A0204BF68451C2F20000C0F640
:10B1C000000119224FF47A73FAF71EFFFEE700BF61
:10B1D00040F20810C2F20000FCF7C8FFFDF76CF95E
:10B1E000F5F7F6FA4CF2E420C0F6000000F094FD0A
:10B1F000F5F7F6FAFCE700BF0D0A3D3D3D20626120
:10B20000645F66696E616C20626F6F74203D3D3DC6
:10B210000D000000626F6F743A20696D75206964DB
:10B220003D3078253032580D0A0000004641544127
:10B230004C3A204D4C435F4C6F6164436F6E6669BE
:10B2400067206661696C65640D000000626F6F7451
:10B250003A2077616974696E67204C53452E2E2E13
:10B260000D000000626F6F743A204C5345207265E8
:10B27000747279202864726976653D686967682907
:10B280000D00000070B540F2C805C2F200052B7831
:10B29000012B1CBF022070BD034600284FF00300A5
:10B2A00008BF70BD002918BF002A01D170BD00BFC2
:10B2B000281D0C461946164600F02CF8014605F1EB
:10B2C0002000224600F072F83060002070BD0000BF
:10B2D00010B540F2C804C2F200044CF2B811201DAF
:10B2E000C0F6000100F024F84CF2843104F1200093
:10B2F000C0F6000100F06CF901210020217010BDA2
:10B3000005288FBF002040F21801C2F2000151F859
:10B310002000704710B582B0041D4FF0060C224685
:10B320000123CDF800C0FFF7A1FB204602B010BDFD
:10B33000016070472DE9F0412DED068B82B06A4621
:10B3400001ABB0EE408A88460546FFF755FDB8F1DF
:10B35000000F17D09DED00AA9FED139A2E1F4746B0
:10B3600096ED010A341D30EE4A0A28EE000A00F07C
:10B3700077F939EE009A013F86ED010A2646EFD1B2
:10B3800002E000BF9FED089AB7EE000A284680EE63
:10B39000090A29464246FFF7B5FD019802B0BDEC07
:10B3A000068BBDE8F08100BF000000002DE9F041F0
:10B3B000836994464FF07C52C0E90022C0E9022222
:10B3C0000261426103F56C3202F59E6E03F10802E0
:10B3D00000230EE000EB850496ED040A94ED001ABC
:10B3E00030EE010A84ED000A0533B3F5F07F00F07A
:10B3F000DD800EEB0314D4F80C802646356805EB8F
:10B40000850502EB85073E4656F8085F013504BF07
:10B41000FD6815F1010511D03D68002D18D401EB30
:10B42000850597ED011A95ED000AB4EE410AF1EE9B
:10B4300010FAA8BF07F10C06E0E700BF00EB880593
:10B4400097ED040A95ED001A30EE010A85ED000A29
:10B45000D4F81C8004F11006356805EB850502EB75
:10B4600085073E4656F8085F013504BFFD6815F1B3
:10B47000010511D03D68002D18D401EB850597ED2D
:10B48000011A95ED000AB4EE410AF1EE10FAA8BFD8
:10B4900007F10C06E0E700BF00EB880597ED040A12
:10B4A00095ED001A30EE010A85ED000AD4F82C80E3
:10B4B00004F12006356805EB850502EB85073E465D
:10B4C00056F8085F013504BFFD6815F1010511D07C
:10B4D0003D68002D18D401EB850597ED011A95ED17
:10B4E000000AB4EE410AF1EE10FAA8BF07F10C060B
:10B4F000E0E700BF00EB880597ED040A95ED001A20
:10B5000030EE010A85ED000AD4F83C8004F13006E3
:10B51000356805EB850502EB85073E4656F8085F62
:10B52000013504BFFD6815F1010511D03D68002DFE
:10B5300018D401EB850597ED011A95ED000AB4EEDC
:10B54000410AF1EE10FAA8BF07F10C06E0E700BFD0
:10B5500000EB880597ED040A95ED001A30EE010A1C
:10B5600085ED000AE56C4034246804EB840402EBAA
:10B570008406344654F8087F013704BFF76817F192
:10B5800001073FF427AF3768002F3FF52DAF01EBE0
:10B59000870796ED011A97ED000AB4EE410AF1EE25
:10B5A00010FAA8BF06F10C04DEE700BFD0E904657D
:10B5B000B1EE040A90E88E00CCF810608CE88E00A2
:10B5C00060460621CCF81450BDE8F041FFF7B2BE4A
:10B5D0000022C0E90022C0E90222C0E90422816100
:10B5E000704700000FB4054B10B503A9044A029838
:10B5F00000F056F910BC5DF814FB0000A9AF00087C
:10B60000000000200FB47CB50C0009AD01D0611E14
:10B6100000E00021CDE90001064B6A462946089862
:10B6200000F03EF9002C02D0009A002111707CBC81
:10B630005DF814FB03BD00084100080218BF042098
:10B640000A0E18BF40F001004FF07F4232EA0101BC
:10B6500008BF40F00200012808BF05207047000025
:10B6600010B510EE104A4FF019406949002200EB66
:10B6700044002DED028B884257D8DFED660A14F0A6
:10B68000004F60EE200A14BFBEEE001AB6EE001A9C
:10B6900071EE200AFDEEE00A10EE900A00EE900A2C
:10B6A000F8EEE00A9FED5C1A00EEC10A9FED5B1A0E
:10B6B00000EEC10ADFED5A0A9FED5A1A00EE201A79
:10B6C000DFED590A40EE010A9FED581A584B00F081
:10B6D000030100EE201A21EE000A7B4403EB8103F4
:10B6E000D3ED000A534B7B4403EB810393ED001A27
:10B6F000514B41EE000A7B4403EB8101801091ED38
:10B70000000A70EE800AEABB00EE100AB8EEC01A1A
:10B71000DFED4A1A9FED4A0ABDEC028B01EE210AC9
:10B72000BCEEC00A20EE200A10BD4FF0FF40A0433F
:10B730001DD04FF0CE40B0EB440F81BFF7EE000AB2
:10B7400030EE200ABDEC028B10BD3E48B0EB440F3A
:10B7500028BF012291D2022000F09CF814F0004F83
:10B7600015D0BDEC028BBDE8104000F07BB814F59D
:10B77000000F02BF9FED340ABDEC028B10BDBDEC83
:10B78000028B00E009E0BDE8104000F05FB8BDECBE
:10B79000028BBDE8104000F05DB800EBD07359108B
:10B7A0004FF07E5202EBC15100EE101AA0EB630085
:10B7B00002EBC05060EE200A00EE100A20EE208A54
:10B7C00018EE100A88B118EE100AB0F1FF4F15D02C
:10B7D00018EE100AFFF730FF042808BF00F042F807
:10B7E000B0EE480ABDEC028B10BD022000F052F80A
:10B7F000BDEC028BBDE8104000F034B8022000F030
:10B8000049F8BDEC028BBDE8104000F023B8000001
:10B810000000501E3BAAB8400070313EF4FD0537D1
:10B8200012BB2A3D12BB2A3EFFFFFF3EFFFF7F3FB8
:10B830006E06000072060000420600000000004B89
:10B8400000007E4E0000A0850000000030EE000ADF
:10B85000704700009FED020A20EE000A70470000CA
:10B86000000000709FED020A20EE000A7047000001
:10B870000000001002E008C8121F08C1002AFAD117
:10B8800070477047002001E001C1121F002AFBD160
:10B890007047000001490860704700000400002064
:10B8A0002DE9FF4F8DB00F460546002606E02528FE
:10B8B0000BD0DDE90F1290476D1C761C287800280C
:10B8C000F5D111B03046BDE8F08F0024A246A14664
:10B8D0000122EC4900E0044315F8013F203B02FA45
:10B8E00003F00842F7D128782A2810D06FF02F02F1
:10B8F0002878A0F13001092914D80AEB8A0102EB5B
:10B90000410144F0020400EB010A6D1CF0E701CF95
:10B910005FEA000A03D544F40054CAF1000A44F077
:10B9200002046D1C28782E2817D115F8010F44F059
:10B9300004042A280ED06FF02F022878A0F13001DD
:10B9400009290AD809EB890102EB410100EB010941
:10B950006D1CF2E757F8049B6D1C28786C280FD0FB
:10B9600006DC4C2817D068280DD06A2814D104E0D2
:10B97000742810D07A280FD10DE044F400140AE0A6
:10B9800044F4801401E044F440146978814202D107
:10B9900004F580146D1C6D1C2A786E2A1FD00CDCF7
:10B9A000632A31D004DC002A8BD0582A11D1A3E0BD
:10B9B000642A68D0692A0CD165E0732A2ED004DC91
:10B9C0006F2A73D0702A04D19BE0752A6FD0782A31
:10B9D0006ED01046DDE90F129047761C50E1C4F39B
:10B9E0000250022806D0032809D0042801CF09D02C
:10B9F000066045E101CFF117C0E9006140E101CFE8
:10BA000006803DE106703BE117F8040B8DF800005D
:10BA100000208DF80100EB46012003E057F804BB3D
:10BA20004FF0FF3061074FF0000102D40DE008F144
:10BA30000101884649450FDA8045F8DB1BF80810FC
:10BA40000029F4D108E008F1010188468142FADBBF
:10BA50001BF808100029F6D1DDE90F23AAEB080036
:10BA60008146214600F036F9304400EB080604E038
:10BA7000DDE90F121BF8010B9047B8F10108F7D26E
:10BA800021464846F7E00A21C4F302534FF0000B69
:10BA90000891022B04D001CFC117032B09D00AE073
:10BAA000FF1D27F00707F7E8020108E032E01FE07A
:10BAB00020E000B2C117042B01D140B2C117031E10
:10BAC00071F1000307DA4FF0000CD0EB0C006CEBC7
:10BAD00001012D2302E0230504D52B238DF824300A
:10BAE000012303E0E30701D02023F7E7984658E05D
:10BAF0000A2110E010210EE010204FF0000B0890FA
:10BB00000CE010214FF0000B44F004044FF0080942
:10BB1000089103E008214FF0000B0891C4F3025391
:10BB2000022B04D001CF0021032B06D006E0FF1D1D
:10BB300027F00707F7E8020103E080B2042B00D1E9
:10BB4000C0B24FF0000823072BD5702A07D0DDF8CC
:10BB500020C08CF0100C5CEA0B0C05D00EE04023EA
:10BB60008DF82430012308E050EA010306D0302389
:10BB70008DF824308DF8252002239846DDF820C06A
:10BB80008CF0080C5CEA0B0C0BD150EA010301D1DC
:10BB9000630706D530238DF824304FF00108A9F152
:10BBA0000109582A04D038A20B9208AA0A920BE085
:10BBB0003AA2F9E75B46089AF4F75CFB0B9B9B5CA7
:10BBC0000A9A521E0A92137050EA0102F2D10A98A0
:10BBD000ADEB000000F1200B600702D524F48034A7
:10BBE00001E04FF00109D94502DDA9EB0B0000E0AF
:10BBF000002000EB0B0141440890AAEB010AE0038E
:10BC000006D4DDE90F232146504600F063F80644D0
:10BC10004FF0000908E009A911F80900DDE90F1249
:10BC2000904709F10109761CC145F4DBE0030CD50E
:10BC3000DDE90F232146504600F04CF8064404E0AD
:10BC4000DDE90F1230209047761C0899481E0890B5
:10BC50000029F5DC08E00A980A990078491C0A9145
:10BC6000DDE90F129047761CBBF10001ABF1010B2F
:10BC7000F1DC21465046DDE90F2300F019F80644B7
:10BC80006D1C1BE60928010030313233343536375C
:10BC90003839616263646566000000003031323318
:10BCA00034353637383941424344454600000000B8
:10BCB0002DE9F041044600251E461746880404D4A9
:10BCC00005E039462020B0476D1C641EF9D5284692
:10BCD000BDE8F0812DE9F041044600251E4690465E
:10BCE000C80301D5302700E02027880404D505E0EB
:10BCF00041463846B0476D1C641EF9D52846BDE85C
:10BD0000F0814A68002A06D00A68531C0B60107044
:10BD10004868401E4860704710B5044601E0FFF7D0
:10BD200043F914F8010B04490028F8D1BDE810408C
:10BD30000A20FFF739B90000000000200000803F12
:10BD40000030983F0000B53F0040D73F00000000A2
:10BD5000320A7E397F661E395B991F390000803FA9
:10BD6000F037983FF304B53FFD44D73F0000000093
:10BD7000000000000102030406070809000000009B
:10BD8000010203040D0A5B464154414C5D2045729B
:10BD9000726F725F48616E646C65720D0A0000001C
:10BDA000040004000400100004002C00040028001B
:10BDB000000024000000000000000242010000001A
:10BDC00000000242030000000000024206000000E2
:10BDD0000004024201000000000402420A000000C8
:10BDE0000008024202000000000C02420D000000A8
:10BDF000000C024202000000000802420A0000009B
:10BE00000004024200000000000802420C00000092
:10BE1000000402420300000000040242040000008B
:10BE20000010024200000000001002420200000068
:10BE30000010024203000000006CDC0200366E01BC
:10BE40000024F400001BB70000093D0080841E00A0
:10BE5000504B140040420F0000E02E00007017000D
:10BE600000A00F0000B80B00801A0600400D030070
:10BE700088070200A08601000100020004000600FD
:10BE800008000A000C0010002000400080000001A3
:10BE90001000010018000200140002002800010038
:10BEA0001C0000001400000008000400040004004E
:10BEB0000101010307010000080402040801010157
:10BEC0000000803F0000803F0000803F0000803F76
:10BED0000000803F0000803F317E11C49E600E4410
:10BEE0001799E3C37EB7A0414C99D1BF6D0F3EC1F6
:10BEF000010000000100000001000000010000003E
:10BF000001000000010000005B7631365D5B6D30A2
:10BF10005D5B74355D0002100002110002018002B9
:10BF200004000205000217400202110208E802099B
:10BF30000002093C0202110208F102090102022179
:10BF40000208000209000202110208EA0209CC02FA
:10BF500009030209E80209030209010209000209B2
:10BF6000140202110208F202091E0202110208FA6A
:10BF700002095C02090302090E02090402091A02FD
:10BF8000090402023102085C0209000209000209E8
:10BF9000000209000209000209000209000209006A
:10BFA00002090302090002090002090002093F0216
:10BFB000090002090002090502090002090002093C
:10BFC0000002090902090002090002090002090D24
:10BFD0000209000209000209000209150209000213
:10BFE00009000209010209290209000209000209E7
:10BFF0000002090002090102090502090002090004
:10C0000002090002090002090102090902090002ED
:10C01000090002090002090002090102090D0209D2
:10C0200000020900020900020900020901020914C4
:10C0300002090002090002090002090002090202C5
:10C04000091802090002090002090202091C02097A
:10C050000002090002090202092002090002090087
:10C06000020902020928020900020900020902026B
:10C070000914020900020900020903020904020965
:10C08000000209FC02090002097C020903020908F6
:10C090000209000209FC02090002097C02090302EC
:10C0A000090C0209000209FC02090002097C0209CC
:10C0B000030209140209000209FC02090002097CBA
:10C0C0000209030209280209000209FC0209000210
:10C0D000097C02091F02090002024102080E02093E
:10C0E0000002090002090002090002090002090019
:10C0F00002090002092102090002090002090002E6
:10C10000010002018002174002024102081A0209DE
:10C110009802095502090302098A0209200209B896
:10C120000209200209A00209B602096602091002EA
:10C1300009EC02096A0209390209070209870209A2
:10C14000C90209380209500209A10209DA02095696
:10C150000209600209B20209FB0209B902091402CC
:10C1600009E20209020209620209500209AA02094F
:10C170001B0209BC0209940209C202099302093890
:10C180000209540209E102018002170002040002C0
:10C190000510020201020100025E02020180020D8E
:10C1A000010260150245020201000210040211049E
:10C1B0000215040217030000D8BE0008C0BE000824
:10C1C000F0BE0008696E6665723A206D6F64656C3A
:10C1D0003D256C756D7320616374696F6E3D2573C9
:10C1E000206C6162656C3D2575202869646C652C46
:10C1F00020736B697020766F696365290D0A006C86
:10C200007062616D2073616D706C6520646F6E6526
:10C2100020282575206672616D6573290D0A0069F5
:10C220006E6665723A206D6F64656C3D256C756D48
:10C230007320766F6963653D256C756D732061634E
:10C2400074696F6E3D2573206C6162656C3D257568
:10C250002073636F72653D256420746F74616C3D5B
:10C26000256C64207474733D25642073743D3078AC
:10C27000253032580D0A0077616974696E67206D48
:10C280006F74696F6E2073746172742028494E5404
:10C29000312D3E504234292E2E2E0D00766F6963CB
:10C2A000653A2077616974696E672069646C652EF0
:10C2B0002E2E0D006D6F64656C20696E66657220B0
:10C2C0006661696C65640D006C7062616D207361FC
:10C2D0006D706C65206572726F720D00756E6B6E9D
:10C2E0006F776E00626F6F743A206C7062616D20C0
:10C2F0007265616479202877616B652D75702049BE
:10C300004E5431290D00464154414C3A204C53457E
:10C31000206E6F742072656164792028636865639C
:10C320006B20504331342F504331352033322E3778
:10C3300036386B487A290D00626F6F743A204C537F
:10C34000452072656164790D005B6E325D256C6419
:10C350000025732573006C6966745F3030310069A5
:10C36000646C653200647269766500736D61736830
:10C3700000636C656172006C6966745F73686F74EA
:10C3800000000000010000000600000004000000A2
:10C390007BA45EC30100000002000000000000C09A
:10C3A00003000000F9CBAAC1030000000400000054
:10C3B000000000C004000000D7531943050000002E
:10C3C00006000000000000C002000000E966C0C3D3
:10C3D0000700000008000000000000C0000000008E
:10C3E0003C0745C3090000000A000000000000C02F
:10C3F00004000000878B9FC20B0000000C000000AF
:10C40000000000C00300000040ADEFC10D000000BF
:10C410000E000000000000C002000000743312C4CF
:10C420000F00000010000000000000C0000000002D
:10C4300062FCE7431100000012000000000000C091
:10C4400002000000E966DDC31300000014000000D4
:10C45000000000C003000000F8F5FD4215000000D8
:10C4600016000000000000C0020000001799C4433D
:10C470001700000018000000000000C002000000CB
:10C48000D2CD31C3190000001A000000000000C026
:10C4900000000000183FAB441B0000001C0000001F
:10C4A000000000C00000000088F1A9421D0000004B
:10C4B0001E000000000000C0FEFFFFFF000000C0E3
:10C4C000FFFFFFFFFFFFFFFFC74107BEFEFFFFFFAC
:10C4D000000000C0FFFFFFFFFFFFFFFF6847913D27
:10C4E000FEFFFFFF000000C0FFFFFFFFFFFFFFFF99
:10C4F0006ECF4F3FFEFFFFFF000000C0FFFFFFFFBA
:10C50000FFFFFFFF4C2D053EFEFFFFFF000000C0B8
:10C51000FFFFFFFFFFFFFFFF2A344BBDFEFFFFFFC2
:10C52000000000C0FFFFFFFFFFFFFFFF8F1E0A3F5D
:10C53000FEFFFFFF000000C0FFFFFFFFFFFFFFFF48
:10C540003ED03E3FFEFFFFFF000000C0FFFFFFFFA9
:10C55000FFFFFFFF8B05B43EFEFFFFFF000000C0A2
:10C56000FFFFFFFFFFFFFFFF90BA39BBFEFFFFFF9A
:10C57000000000C0FFFFFFFFFFFFFFFF8A97DA3ECA
:10C58000FEFFFFFF000000C0FFFFFFFFFFFFFFFFF8
:10C59000A121333DFEFFFFFF000000C0FFFFFFFFB2
:10C5A000FFFFFFFF72C30FBEFEFFFFFF000000C0D2
:10C5B000FFFFFFFFFFFFFFFFC840A3BDFEFFFFFF20
:10C5C000000000C0FFFFFFFFFFFFFFFF7019333EB9
:10C5D000FEFFFFFF000000C0FFFFFFFFFFFFFFFFA8
:10C5E0005920E43DFEFFFFFF000000C0FFFFFFFFFA
:10C5F000FFFFFFFF0E853D3F020000008C8C1F44B3
:10C600002000000021000000000000C00300000026
:10C61000428F44C32200000023000000000000C03D
:10C6200000000000F01C70C2240000002500000083
:10C63000000000C0020000005C64CA422600000046
:10C6400027000000000000C001000000621F044439
:10C650002800000029000000000000C000000000C9
:10C660003C072DC32A0000002B000000000000C082
:10C6700000000000317E78442C0000002D000000F6
:10C68000000000C002000000D2CD76C32E000000E2
:10C690002F000000000000C000000000780EF0C273
:10C6A0003000000031000000000000C00200000067
:10C6B0001719E4433200000033000000000000C0FE
:10C6C000020000002E3260433400000035000000FC
:10C6D000000000C0FEFFFFFF000000C0FFFFFFFFE3
:10C6E000FFFFFFFFEDB01EBE01000000C4BE8F4380
:10C6F0003600000037000000000000C0010000000C
:10C700009E2062C43800000039000000000000C014
:10C7100000000000183F8C443A0000003B0000007D
:10C72000000000C0FEFFFFFF000000C0FFFFFFFF92
:10C73000FFFFFFFFDB5C28BEFEFFFFFF000000C025
:10C74000FFFFFFFFFFFFFFFF00000080FEFFFFFF76
:10C75000000000C0FFFFFFFFFFFFFFFF573424BEB4
:10C76000FEFFFFFF000000C0FFFFFFFFFFFFFFFF16
:10C77000A5C5233FFEFFFFFF000000C0FFFFFFFF36
:10C78000FFFFFFFF193329BEFEFFFFFF000000C0BF
:10C79000FFFFFFFFFFFFFFFFC98398BDFEFFFFFF05
:10C7A000000000C0FFFFFFFFFFFFFFFFD40AEEBD48
:10C7B000FEFFFFFF000000C0FFFFFFFFFFFFFFFFC6
:10C7C000607C933EFEFFFFFF000000C0FFFFFFFF05
:10C7D000FFFFFFFF64518B3DFEFFFFFF000000C025
:10C7E000FFFFFFFFFFFFFFFFD506133FFEFFFFFF29
:10C7F000000000C0FFFFFFFFFFFFFFFFE29883BCC8
:10C80000FEFFFFFF000000C0FFFFFFFFFFFFFFFF75
:10C8100064F83E3FFEFFFFFF000000C0FFFFFFFF88
:10C82000FFFFFFFF00000080FEFFFFFF000000C0D1
:10C83000FFFFFFFFFFFFFFFF770616BE04000000AB
:10C8400001A0DAC23D0000003E000000000000C070
:10C850000100000062DF25443F00000040000000AE
:10C86000000000C00000000062FCC743410000005F
:10C8700042000000000000C0000000003C075FC351
:10C880004300000044000000000000C0040000005D
:10C890003E5A15C34500000046000000000000C0DD
:10C8A0000100000020F64942470000004800000057
:10C8B000000000C0010000003C41B6C34900000078
:10C8C0004A000000000000C004000000A44036C37D
:10C8D0004B0000004C000000000000C0FEFFFFFF06
:10C8E000000000C0FFFFFFFFFFFFFFFFFA922ABE1C
:10C8F000FEFFFFFF000000C0FFFFFFFFFFFFFFFF85
:10C90000BEFC1FBE01000000B10F84444D000000BA
:10C910004E000000000000C000000000780EB6C20B
:10C920004F00000050000000000000C000000000A8
:10C93000408C6F415100000052000000000000C018
:10C9400004000000B49ECC415300000054000000DD
:10C95000000000C0FEFFFFFF000000C0FFFFFFFF60
:10C96000FFFFFFFF0F1A23BEFEFFFFFF000000C006
:10C97000FFFFFFFFFFFFFFFFA1E52ABEFEFFFFFF56
:10C98000000000C0FFFFFFFFFFFFFFFF78D582BD63
:10C99000FEFFFFFF000000C0FFFFFFFFFFFFFFFFE4
:10C9A00058BC183FFEFFFFFF000000C0FFFFFFFF65
:10C9B000FFFFFFFF00000080FEFFFFFF000000C040
:10C9C000FFFFFFFFFFFFFFFFF3D790BDFEFFFFFF5D
:10C9D000000000C0FFFFFFFFFFFFFFFF73422A3E82
:10C9E000FEFFFFFF000000C0FFFFFFFFFFFFFFFF94
:10C9F000A2E0DB3EFEFFFFFF000000C0FFFFFFFFE5
:10CA0000FFFFFFFFB9A6DABBFEFFFFFF000000C07B
:10CA1000FFFFFFFFFFFFFFFF86ECCD3DFEFFFFFFA7
:10CA2000000000C0FFFFFFFFFFFFFFFF99782BBE54
:10CA3000000000003C072DC3560000005700000016
:10CA4000000000C005000000C7D578425800000073
:10CA500059000000000000C00000000010E36F4219
:10CA60005A0000005B000000000000C0050000004C
:10CA70000217C8C15C0000005D000000000000C09B
:10CA800005000000542889425E0000005F0000009D
:10CA9000000000C0040000003F2A88C260000000BF
:10CAA00061000000000000C0FEFFFFFF000000C0AA
:10CAB000FFFFFFFFFFFFFFFF69C02ABE0500000068
:10CAC000257C5AC26200000063000000000000C024
:10CAD00004000000C495A4C26400000065000000CA
:10CAE000000000C0040000000F57B6C1660000003F
:10CAF00067000000000000C0FEFFFFFF000000C054
:10CB0000FFFFFFFFFFFFFFFF1E8625BE03000000A3
:10CB1000065249436800000069000000000000C0A0
:10CB200005000000257C06C26A0000006B000000C2
:10CB3000000000C0FEFFFFFF000000C0FFFFFFFF7E
:10CB4000FFFFFFFFB46A24BEFEFFFFFF000000C02E
:10CB5000FFFFFFFFFFFFFFFFB821113EFEFFFFFFBA
:10CB6000000000C0FFFFFFFFFFFFFFFF499385B9F3
:10CB7000FEFFFFFF000000C0FFFFFFFFFFFFFFFF02
:10CB8000F00E3D3FFEFFFFFF000000C0FFFFFFFF74
:10CB9000FFFFFFFFEA45B6BDFEFFFFFF000000C03C
:10CBA000FFFFFFFFFFFFFFFFC7C2A53DFEFFFFFF27
:10CBB000000000C0FFFFFFFFFFFFFFFFA44828BEEB
:10CBC000FEFFFFFF000000C0FFFFFFFFFFFFFFFFB2
:10CBD00000000080FEFFFFFF000000C0FFFFFFFF1E
:10CBE000FFFFFFFFE8D70CBEFEFFFFFF000000C005
:10CBF000FFFFFFFFFFFFFFFF6C6AEE3D020000003A
:10CC00005C6486426D0000006E000000000000C001
:10CC100004000000ECE16EC36F0000007000000033
:10CC2000000000C004000000490190C27100000033
:10CC300072000000000000C004000000B96E7AC35A
:10CC40007300000074000000000000C0020000003B
:10CC5000BA79B7C47500000076000000000000C07B
:10CC600000000000F01C70C2770000007800000097
:10CC7000000000C000000000E8C0B2C4790000005D
:10CC80007A000000000000C0010000009E601BC48C
:10CC90007B0000007C000000000000C001000000DC
:10CCA000887D60437D0000007E000000000000C021
:10CCB00000000000185FA1447F0000008000000019
:10CCC000000000C0040000008F32774381000000A4
:10CCD00082000000000000C001000000887D654364
:10CCE0008300000084000000000000C0000000007D
:10CCF00020C6A7418500000086000000000000C09B
:10CD0000010000004F30BEC4870000008800000012
:10CD1000000000C000000000CF4112C489000000E4
:10CD20008A000000000000C0FEFFFFFF000000C0FE
:10CD3000FFFFFFFFFFFFFFFF00000080FEFFFFFF80
:10CD4000000000C0FFFFFFFFFFFFFFFF435B12BEBD
:10CD5000FEFFFFFF000000C0FFFFFFFFFFFFFFFF20
:10CD6000FACDE13CFEFFFFFF000000C0FFFFFFFF28
:10CD7000FFFFFFFF3EA207BEFEFFFFFF000000C057
:10CD8000FFFFFFFFFFFFFFFF85FD0ABEFEFFFFFF66
:10CD9000000000C0FFFFFFFFFFFFFFFF44EB323E3C
:10CDA000FEFFFFFF000000C0FFFFFFFFFFFFFFFFD0
:10CDB00019DD423EFEFFFFFF000000C0FFFFFFFF46
:10CDC000FFFFFFFFAC50103FFEFFFFFF000000C061
:10CDD000FFFFFFFFFFFFFFFF4949CF3EFEFFFFFFC1
:10CDE000000000C0FFFFFFFFFFFFFFFF1E6455BDF7
:10CDF000FEFFFFFF000000C0FFFFFFFFFFFFFFFF80
:10CE0000969B2F3CFEFFFFFF000000C0FFFFFFFFCF
:10CE1000FFFFFFFF3A2522BEFEFFFFFF000000C01C
:10CE2000FFFFFFFFFFFFFFFF3E2C2C3FFEFFFFFF3A
:10CE3000000000C0FFFFFFFFFFFFFFFFA5B6263D7C
:10CE4000FEFFFFFF000000C0FFFFFFFFFFFFFFFF2F
:10CE50007E49063CFEFFFFFF000000C0FFFFFFFF12
:10CE6000FFFFFFFF0A9310BE02000000E9E688C33F
:10CE70008C0000008D000000000000C000000000D9
:10CE8000C4F827438E0000008F000000000000C09F
:10CE900000000000313E444490000000910000007A
:10CEA000000000C002000000E9E6C5C392000000D7
:10CEB00093000000000000C00300000050EB81C29E
:10CEC0009400000095000000000000C00300000076
:10CED00089921CC49600000097000000000000C06A
:10CEE00005000000A454ECC3980000009900000065
:10CEF000000000C0030000002D2133C39A00000091
:10CF00009B000000000000C005000000430179C242
:10CF10009C0000009D000000000000C00500000013
:10CF20004CC11A429E0000009F000000000000C09B
:10CF30000000000018DF9144A0000000A1000000E4
:10CF4000000000C0050000008FB40CC4A200000067
:10CF5000A3000000000000C002000000483763C2C8
:10CF6000A4000000A5000000000000C000000000B8
:10CF700018FF9944A6000000A7000000000000C0B0
:10CF8000020000001719FA43A8000000A9000000E1
:10CF9000000000C0FEFFFFFF000000C0FFFFFFFF1A
:10CFA000FFFFFFFF3C7768BDFEFFFFFF000000C0F2
:10CFB000FFFFFFFFFFFFFFFF5CE4033FFEFFFFFFFC
:10CFC000000000C0FFFFFFFFFFFFFFFF8E38FABD2C
:10CFD000FEFFFFFF000000C0FFFFFFFFFFFFFFFF9E
:10CFE00030C9E03DFEFFFFFF000000C0FFFFFFFF74
:10CFF000FFFFFFFFE420CBBDFEFFFFFF000000C0EE
:10D00000FFFFFFFFFFFFFFFF35A4583FFEFFFFFFBD
:10D01000000000C0FFFFFFFFFFFFFFFFB10B8FBD50
:10D02000FEFFFFFF000000C0FFFFFFFFFFFFFFFF4D
:10D0300041E4043FFEFFFFFF000000C0FFFFFFFFD1
:10D04000FFFFFFFF00000080FEFFFFFF000000C0A9
:10D05000FFFFFFFFFFFFFFFFD21C323FFEFFFFFF7E
:10D06000000000C0FFFFFFFFFFFFFFFF902084BD17
:10D07000FEFFFFFF000000C0FFFFFFFFFFFFFFFFFD
:10D08000A4A129BEFEFFFFFF000000C0FFFFFFFFBD
:10D09000FFFFFFFF46B197BDFEFFFFFF000000C08E
:10D0A000FFFFFFFFFFFFFFFF27592B3DFEFFFFFFA5
:10D0B000000000C0FFFFFFFFFFFFFFFFBCE0513F8C
:10D0C000FEFFFFFF000000C0FFFFFFFFFFFFFFFFAD
:10D0D0000978DC3E0400000033C351C3AB000000FC
:10D0E000AC000000000000C005000000885BA94201
:10D0F000AD000000AE000000000000C00400000011
:10D10000EAB1CE42AF000000B0000000000000C055
:10D1100001000000E0095AC2B1000000B2000000A6
:10D12000000000C001000000887D3E43B300000005
:10D13000B4000000000000C00500000014F2ACC301
:10D14000B5000000B6000000000000C005000000AF
:10D150007C2B8CC1B7000000B8000000000000C0AC
:10D1600004000000906A96C3B9000000BA000000F5
:10D17000000000C00000000031BE0144BB00000000
:10D18000BC000000000000C00400000090EA92C350
:10D19000BD000000BE000000000000C00100000053
:10D1A000B18FC144BF000000C0000000000000C0FB
:10D1B00000000000183F8C44C1000000C2000000C5
:10D1C000000000C004000000C495A4C2C300000019
:10D1D000C4000000000000C0040000007ACCFD4341
:10D1E000C5000000C6000000000000C000000000F4
:10D1F000780EC2C2C7000000C8000000000000C0D6
:10D20000FEFFFFFF000000C0FFFFFFFFFFFFFFFF6B
:10D21000ED82AB3EFEFFFFFF000000C0FFFFFFFFFF
:10D22000FFFFFFFF00000080FEFFFFFF000000C0C7
:10D23000FFFFFFFFFFFFFFFFF056EA3EFEFFFFFF8D
:10D24000000000C0FFFFFFFFFFFFFFFF6A83AA3D52
:10D25000FEFFFFFF000000C0FFFFFFFFFFFFFFFF1B
:10D2600000000080FEFFFFFF000000C0FFFFFFFF87
:10D27000FFFFFFFFCAFB1DBEFEFFFFFF000000C057
:10D28000FFFFFFFFFFFFFFFF77A18D3EFEFFFFFFC8
:10D29000000000C0FFFFFFFFFFFFFFFFAEFF56BD16
:10D2A000FEFFFFFF000000C0FFFFFFFFFFFFFFFFCB
:10D2B000EC5C373FFEFFFFFF000000C0FFFFFFFFF9
:10D2C000FFFFFFFFFFEFA03DFEFFFFFF000000C0DC
:10D2D000FFFFFFFFFFFFFFFF84C91B3DFEFFFFFFB6
:10D2E000000000C0FFFFFFFFFFFFFFFF2269EEBD50
:10D2F000FEFFFFFF000000C0FFFFFFFFFFFFFFFF7B
:10D300003060FEBCFEFFFFFF000000C0FFFFFFFF1C
:10D31000FFFFFFFF3777AE3EFEFFFFFF000000C0BC
:10D32000FFFFFFFFFFFFFFFF9B81E33CFEFFFFFFCF
:10D33000000000C0FFFFFFFFFFFFFFFF9628D73E62
:10D34000020000008C4C1544CA000000CB00000015
:10D35000000000C0020000002E326043CC0000003C
:10D36000CD000000000000C004000000C495A4C26D
:10D37000CE000000CF000000000000C0010000004F
:10D3800062DF3844D0000000D1000000000000C07F
:10D3900001000000C4BE8943D2000000D300000099
:10D3A000000000C003000000A7D9A443D40000007F
:10D3B000D5000000000000C0010000009E2077C4DE
:10D3C000D6000000D7000000000000C003000000ED
:10D3D0006B6B3DC3D8000000D9000000000000C006
:10D3E0000200000048370BC2DA000000DB0000003A
:10D3F000000000C0030000008CD981C3DC000000E5
:10D40000DD000000000000C0030000005AC2EBC2B3
:10D41000DE000000DF000000000000C0030000008C
:10D420008CD981C3E0000000E1000000000000C0D2
:10D4300001000000C4BEBB43E2000000E3000000A6
:10D44000000000C004000000DAE320C2E400000095
:10D45000E5000000000000C0020000008CCC4F443A
:10D46000E6000000E7000000000000C0FEFFFFFF34
:10D47000000000C0FFFFFFFFFFFFFFFF75B237BDD9
:10D48000FEFFFFFF000000C0FFFFFFFFFFFFFFFFE9
:10D49000EAA628BEFEFFFFFF000000C0FFFFFFFF5F
:10D4A000FFFFFFFFA6BF0DBEFEFFFFFF000000C095
:10D4B000FFFFFFFFFFFFFFFF3498523DFEFFFFFF1E
:10D4C000000000C0FFFFFFFFFFFFFFFF7CEE743E88
:10D4D000FEFFFFFF000000C0FFFFFFFFFFFFFFFF99
:10D4E000FF7CFCBDFEFFFFFF000000C0FFFFFFFF51
:10D4F000FFFFFFFF2B34B13EFEFFFFFF000000C027
:10D50000FFFFFFFFFFFFFFFFA716C73DFEFFFFFF67
:10D51000000000C0FFFFFFFFFFFFFFFF00000080D3
:10D52000FEFFFFFF000000C0FFFFFFFFFFFFFFFF48
:10D53000F3952ABEFEFFFFFF000000C0FFFFFFFFC4
:10D54000FFFFFFFF00000080FEFFFFFF000000C0A4
:10D55000FFFFFFFFFFFFFFFF2798733EFEFFFFFF68
:10D56000000000C0FFFFFFFFFFFFFFFF0000008083
:10D57000FEFFFFFF000000C0FFFFFFFFFFFFFFFFF8
:10D58000366E24BEFEFFFFFF000000C0FFFFFFFF5E
:10D59000FFFFFFFFBE1F333EFEFFFFFF000000C086
:10D5A000FFFFFFFFFFFFFFFFEC48BB3E0500000051
:10D5B00053304B43E9000000EA000000000000C0C7
:10D5C00005000000ACD780C2EB000000EC000000BA
:10D5D000000000C000000000C4F84143ED0000005E
:10D5E000EE000000000000C00400000079F4A54235
:10D5F000EF000000F0000000000000C0010000008B
:10D600009E2013C4F1000000F2000000000000C0E2
:10D6100004000000E31ABCC2F3000000F4000000A4
:10D62000000000C0050000000AD38743F500000099
:10D63000F6000000000000C000000000627C834390
:10D64000F7000000F8000000000000C00400000027
:10D65000EAB1CE42F9000000FA000000000000C06C
:10D660000400000017EE02C2FB000000FC000000F6
:10D67000000000C00100000062DF3D44FD0000002A
:10D68000FE000000000000C0050000000AD3874330
:10D69000FF00000000010000000000C001000000C9
:10D6A000B18FC1440101000002010000000000C070
:10D6B000FEFFFFFF000000C0FFFFFFFFFFFFFFFFB7
:10D6C000535D15BE01000000625F3344030100009A
:10D6D00004010000000000C0FEFFFFFF000000C0CA
:10D6E000FFFFFFFFFFFFFFFFEC44E33EFEFFFFFFF6
:10D6F000000000C0FFFFFFFFFFFFFFFF824CBEBC2A
:10D70000FEFFFFFF000000C0FFFFFFFFFFFFFFFF66
:10D71000B5C266BCFEFFFFFF000000C0FFFFFFFFB9
:10D72000FFFFFFFF31C32EBEFEFFFFFF000000C062
:10D73000FFFFFFFFFFFFFFFF9D6905BEFEFFFFFF2D
:10D74000000000C0FFFFFFFFFFFFFFFF765C9B3E76
:10D75000FEFFFFFF000000C0FFFFFFFFFFFFFFFF16
:10D7600019E4E4BDFEFFFFFF000000C0FFFFFFFF64
:10D77000FFFFFFFF4E48F33CFEFFFFFF000000C02D
:10D78000FFFFFFFFFFFFFFFF8DB8D5BDFEFFFFFFCF
:10D79000000000C0FFFFFFFFFFFFFFFF292CAE3D91
:10D7A000FEFFFFFF000000C0FFFFFFFFFFFFFFFFC6
:10D7B0003874113FFEFFFFFF000000C0FFFFFFFFB6
:10D7C000FFFFFFFF00000080FEFFFFFF000000C022
:10D7D000FFFFFFFFFFFFFFFF2183523EFEFFFFFF22
:10D7E000000000C0FFFFFFFFFFFFFFFF0000008001
:10D7F00002000000B8C84442060100000701000012
:10D80000000000C002000000D2CD3EC308010000AD
:10D8100009010000000000C00100000010FB96425A
:10D820000A0100000B010000000000C0FEFFFFFF26
:10D83000000000C0FFFFFFFFFFFFFFFFFD302ABE1B
:10D840000100000020F649420C0100000D0100001B
:10D85000000000C003000000CCFFD1C20E01000098
:10D860000F010000000000C001000000887D4F4350
:10D870001001000011010000000000C004000000C1
:10D880003553D4C21201000013010000000000C093
:10D89000FEFFFFFF000000C0FFFFFFFFFFFFFFFFD5
:10D8A00061C71FBE020000001799EC43140100007D
:10D8B00015010000000000C00300000089855442EB
:10D8C0001601000017010000000000C00300000066
:10D8D000849E97C21801000019010000000000C0DA
:10D8E00001000000C4BEC7431A0100001B01000074
:10D8F000000000C0FEFFFFFF000000C0FFFFFFFFB1
:10D90000FFFFFFFFDF23E1BDFEFFFFFF000000C0C0
:10D91000FFFFFFFFFFFFFFFF5E42103EFEFFFFFF26
:10D92000000000C0FFFFFFFFFFFFFFFF2339B03CF7
:10D93000FEFFFFFF000000C0FFFFFFFFFFFFFFFF34
:10D9400016FE0FBEFEFFFFFF000000C0FFFFFFFF3F
:10D95000FFFFFFFF15B39C3EFEFFFFFF000000C06E
:10D96000FFFFFFFFFFFFFFFFDFCE26BCFEFFFFFF35
:10D97000000000C0FFFFFFFFFFFFFFFF2D4510BEAF
:10D98000FEFFFFFF000000C0FFFFFFFFFFFFFFFFE4
:10D9900048A1053DFEFFFFFF000000C0FFFFFFFFA5
:10D9A000FFFFFFFF6F1CECBDFEFFFFFF000000C08C
:10D9B000FFFFFFFFFFFFFFFFCDE427BE05000000D4
:10D9C00002F085421D0100001E010000000000C0A1
:10D9D0000400000082AB7C421F0100002001000017
:10D9E000000000C00400000017EE02C22101000088
:10D9F00022010000000000C000000000CFC107C4E9
:10DA00002301000024010000000000C0000000000D
:10DA100062FCD8432501000026010000000000C080
:10DA200001000000788275C3270100002801000072
:10DA3000000000C00000000031FE0B44290100007E
:10DA40002A010000000000C00500000028E40EC309
:10DA50002B0100002C010000000000C005000000A8
:10DA6000751D1E422D0100002E010000000000C0A7
:10DA700005000000DE8AFFC22F0100003001000017
:10DA8000000000C0050000008C94554131010000E9
:10DA900032010000000000C0000000009E03DEC351
:10DAA0003301000034010000000000C0010000004C
:10DAB000C43EC0433501000036010000000000C034
:10DAC00001000000B16FD0443701000038010000B0
:10DAD000000000C004000000B8CE0143390100007E
:10DAE0003A010000000000C0FEFFFFFF000000C080
:10DAF000FFFFFFFFFFFFFFFF6579D1BDFEFFFFFFC7
:10DB0000000000C0FFFFFFFFFFFFFFFF838B413ED0
:10DB1000FEFFFFFF000000C0FFFFFFFFFFFFFFFF52
:10DB200050C70CBEFEFFFFFF000000C0FFFFFFFF5D
:10DB3000FFFFFFFF2C7401BDFEFFFFFF000000C0D0
:10DB4000FFFFFFFFFFFFFFFF0873383EFEFFFFFFF1
:10DB5000000000C0FFFFFFFFFFFFFFFF326ACEBDE6
:10DB6000FEFFFFFF000000C0FFFFFFFFFFFFFFFF02
:10DB7000849BC53EFEFFFFFF000000C0FFFFFFFFCC
:10DB8000FFFFFFFF00000080FEFFFFFF000000C05E
:10DB9000FFFFFFFFFFFFFFFF54E4963EFEFFFFFF86
:10DBA000000000C0FFFFFFFFFFFFFFFF375AB5BDBA
:10DBB000FEFFFFFF000000C0FFFFFFFFFFFFFFFFB2
:10DBC0009E79D23EFEFFFFFF000000C0FFFFFFFF77
:10DBD000FFFFFFFFCE698ABDFEFFFFFF000000C010
:10DBE000FFFFFFFFFFFFFFFFF8E2D9BDFEFFFFFFD2
:10DBF000000000C0FFFFFFFFFFFFFFFF1B88193E73
:10DC0000FEFFFFFF000000C0FFFFFFFFFFFFFFFF61
:10DC100064355E3EFEFFFFFF000000C0FFFFFFFF18
:10DC2000FFFFFFFFDB8503BE00000000313E5E44C6
:10DC30003C0100003D010000000000C004000000A5
:10DC4000E31AE6C23E0100003F010000000000C0F0
:10DC500004000000D683834240010000410100001F
:10DC6000000000C00300000041A44E424201000039
:10DC700043010000000000C0040000006F9DE74267
:10DC80004401000045010000000000C00500000044
:10DC90008FB40CC44601000047010000000000C022
:10DCA00004000000CDBC2B434801000049010000E6
:10DCB000000000C0050000009E792F424A010000CC
:10DCC0004B010000000000C000000000408C1F411C
:10DCD0004C0100004D010000000000C003000000E6
:10DCE0003AF303444E0100004F010000000000C061
:10DCF0000000000088F18142500100005101000045
:10DD0000000000C0FEFFFFFF000000C0FFFFFFFF9C
:10DD1000FFFFFFFF7E3AB0BD050000002A541A4302
:10DD20005201000053010000000000C00500000087
:10DD3000A454ECC35401000055010000000000C0D1
:10DD4000030000002D5347C4560100005701000096
:10DD5000000000C0FEFFFFFF000000C0FFFFFFFF4C
:10DD6000FFFFFFFFD12F323DFEFFFFFF000000C08D
:10DD7000FFFFFFFFFFFFFFFF03B4D23EFEFFFFFFE9
:10DD8000000000C0FFFFFFFFFFFFFFFFEA7864BC59
:10DD9000FEFFFFFF000000C0FFFFFFFFFFFFFFFFD0
:10DDA000582622BEFEFFFFFF000000C0FFFFFFFF5E
:10DDB000FFFFFFFF40BF00BEFEFFFFFF000000C0EF
:10DDC000FFFFFFFFFFFFFFFF78DB973EFEFFFFFF38
:10DDD000000000C0FFFFFFFFFFFFFFFF12EF5D3EEF
:10DDE000FEFFFFFF000000C0FFFFFFFFFFFFFFFF80
:10DDF000AE3298BDFEFFFFFF000000C0FFFFFFFF37
:10DE0000FFFFFFFF54D2DE3EFEFFFFFF000000C019
:10DE1000FFFFFFFFFFFFFFFF00000080FEFFFFFF8F
:10DE2000000000C0FFFFFFFFFFFFFFFF78F664BCAC
:10DE3000FEFFFFFF000000C0FFFFFFFFFFFFFFFF2F
:10DE40001D5B3A3EFEFFFFFF000000C0FFFFFFFF2B
:10DE5000FFFFFFFFB0DB843DFEFFFFFF000000C0BF
:10DE6000FFFFFFFFFFFFFFFF4E1610BE0100000087
:10DE700020F67142590100005A010000000000C064
:10DE800004000000859B35435B0100005C0100003D
:10DE9000000000C00200000048370BC25D01000016
:10DEA0005E010000000000C005000000B842BBC3D6
:10DEB0005F01000060010000000000C005000000DC
:10DEC00011CE66C26101000062010000000000C0C6
:10DED000050000003623A642630100006401000033
:10DEE000000000C004000000E31AE6C26501000063
:10DEF00066010000000000C004000000CDBC2B4300
:10DF00006701000068010000000000C0040000007C
:10DF10003E128DC3690100006A010000000000C0CC
:10DF20000400000033FF1D446B0100006C01000081
:10DF3000000000C0040000008F3277436D01000034
:10DF40006E010000000000C001000000621F1944C3
:10DF50006F01000070010000000000C0040000001C
:10DF600099C941437101000072010000000000C026
:10DF70000200000046E6D544730100007401000071
:10DF8000000000C004000000859B354375010000BF
:10DF900076010000000000C0FEFFFFFF000000C08F
:10DFA000FFFFFFFFFFFFFFFF828EFA3EFEFFFFFF36
:10DFB000000000C0FFFFFFFFFFFFFFFF0000008029
:10DFC000FEFFFFFF000000C0FFFFFFFFFFFFFFFF9E
:10DFD00050570F3EFEFFFFFF000000C0FFFFFFFF96
:10DFE000FFFFFFFFCD9F02BEFEFFFFFF000000C04E
:10DFF000FFFFFFFFFFFFFFFF7609BFBDFEFFFFFF33
:10E00000000000C0FFFFFFFFFFFFFFFF7E80653EB7
:10E01000FEFFFFFF000000C0FFFFFFFFFFFFFFFF4D
:10E020000C44E23DFEFFFFFF000000C0FFFFFFFFCA
:10E03000FFFFFFFF3DD6AB3EFEFFFFFF000000C02D
:10E04000FFFFFFFFFFFFFFFF4D98B83EFEFFFFFF02
:10E05000000000C0FFFFFFFFFFFFFFFFB3B8C83D98
:10E06000FEFFFFFF000000C0FFFFFFFFFFFFFFFFFD
:10E0700072ADDDBCFEFFFFFF000000C0FFFFFFFF31
:10E08000FFFFFFFF109BA13EFEFFFFFF000000C04F
:10E09000FFFFFFFFFFFFFFFF1914C53EFEFFFFFF5D
:10E0A000000000C0FFFFFFFFFFFFFFFF0000008038
:10E0B000FEFFFFFF000000C0FFFFFFFFFFFFFFFFAD
:10E0C000008BCDBDFEFFFFFF000000C0FFFFFFFF84
:10E0D000FFFFFFFF42EE633E0000000020C6A741A5
:10E0E0007801000079010000000000C0000000007D
:10E0F0003C0710C37A0100007B010000000000C053
:10E1000004000000878B9FC27C0100007D0100009D
:10E11000000000C0FEFFFFFF000000C0FFFFFFFF88
:10E12000FFFFFFFF489620BE040000005BE1DCC05B
:10E130007E0100007F010000000000C0050000001B
:10E1400072F559438001000081010000000000C009
:10E15000040000001D65BA42820100008301000036
:10E16000000000C00100000062DF3D4484010000A7
:10E1700085010000000000C005000000F066C23FFD
:10E180008601000087010000000000C004000000BC
:10E19000F7C8B6C28801000089010000000000C075
:10E1A00004000000D7330BC38A0100008B0100007C
:10E1B000000000C000000000313E5E448C01000001
:10E1C0008D010000000000C00000000020C6E741F3
:10E1D0008E0100008F010000000000C0FEFFFFFF65
:10E1E000000000C0FFFFFFFFFFFFFFFFADDF1EBE0F
:10E1F000FEFFFFFF000000C0FFFFFFFFFFFFFFFF6C
:10E2000000000080FEFFFFFF000000C0FFFFFFFFD7
:10E21000FFFFFFFF3E64CBBDFEFFFFFF000000C01D
:10E22000FFFFFFFFFFFFFFFF8BE2603EFEFFFFFFF0
:10E23000000000C0FFFFFFFFFFFFFFFF143528BEF7
:10E24000FEFFFFFF000000C0FFFFFFFFFFFFFFFF1B
:10E250006FD971BDFEFFFFFF000000C0FFFFFFFF91
:10E26000FFFFFFFFA23DACBCFEFFFFFF000000C0B0
:10E27000FFFFFFFFFFFFFFFF8FAD1B3EFEFFFFFF16
:10E28000000000C0FFFFFFFFFFFFFFFF15B0703E63
:10E29000FEFFFFFF000000C0FFFFFFFFFFFFFFFFCB
:10E2A0001C0CE0BDFEFFFFFF000000C0FFFFFFFFF2
:10E2B000FFFFFFFF00000080FEFFFFFF000000C027
:10E2C000FFFFFFFFFFFFFFFF78D424BE0200000026
:10E2D000E9E688C39101000092010000000000C03F
:10E2E00002000000E966CCC3930100009401000025
:10E2F000000000C0020000008C0C2A4495010000C0
:10E3000096010000000000C0FEFFFFFF000000C0FB
:10E31000FFFFFFFFFFFFFFFF61621EBE0000000066
:10E3200080E7E0C09701000098010000000000C0F5
:10E33000010000009EA000C4990100009A010000A5
:10E34000000000C0000000009E83BBC39B010000D2
:10E350009C010000000000C001000000788275C32D
:10E360009D0100009E010000000000C001000000AF
:10E37000C43EFC439F010000A0010000000000C05B
:10E38000000000009E83A4C3A1010000A2010000C0
:10E39000000000C001000000887D2F43A3010000A1
:10E3A000A4010000000000C00200000046A6AB442B
:10E3B000A5010000A6010000000000C0010000004F
:10E3C0009E603AC4A7010000A8010000000000C040
:10E3D000FEFFFFFF000000C0FFFFFFFFFFFFFFFF8A
:10E3E000D34E05BEFEFFFFFF000000C0FFFFFFFF92
:10E3F000FFFFFFFFA1F5813DFEFFFFFF000000C012
:10E40000FFFFFFFFFFFFFFFF0ACB21BEFEFFFFFF65
:10E41000000000C0FFFFFFFFFFFFFFFF00000080C4
:10E42000FEFFFFFF000000C0FFFFFFFFFFFFFFFF39
:10E4300022F9133CFEFFFFFF000000C0FFFFFFFFBB
:10E44000FFFFFFFFEB70D63EFEFFFFFF000000C0A6
:10E45000FFFFFFFFFFFFFFFFC2401E3AFEFFFFFF6F
:10E46000000000C0FFFFFFFFFFFFFFFF6639273EF0
:10E47000FEFFFFFF000000C0FFFFFFFFFFFFFFFFE9
:10E4800033F87D3EFEFFFFFF000000C0FFFFFFFFEF
:10E49000FFFFFFFF2B57DDBDFEFFFFFF000000C0A9
:10E4A000FFFFFFFFFFFFFFFFF371B93CFEFFFFFF20
:10E4B000000000C0FFFFFFFFFFFFFFFFC0E01CBE2A
:10E4C000000000003C0709C3AA010000AB010000E6
:10E4D000000000C005000000C7D57842AC01000074
:10E4E000AD010000000000C00000000020C6A741F0
:10E4F000AE010000AF010000000000C005000000F8
:10E500002F531CC2B0010000B1010000000000C088
:10E510000500000054288942B2010000B301000048
:10E52000000000C0040000004981AFC2B401000037
:10E53000B5010000000000C000000000C4F8454321
:10E54000B6010000B7010000000000C00500000097
:10E55000F3B88DC2B8010000B9010000000000C08E
:10E5600001000000C4BEA543BA010000BB010000C9
:10E57000000000C0040000000F57B6C1BC0100003D
:10E58000BD010000000000C0FEFFFFFF000000C052
:10E59000FFFFFFFFFFFFFFFF6CFA1ABEFEFFFFFF4A
:10E5A000000000C0FFFFFFFFFFFFFFFFF4D01EBE13
:10E5B00004000000DCFA8941BE010000BF01000038
:10E5C000000000C004000000ED71CEC2C0010000D8
:10E5D000C1010000000000C0FEFFFFFF000000C0FE
:10E5E000FFFFFFFFFFFFFFFF047D27BEFEFFFFFFD2
:10E5F000000000C0FFFFFFFFFFFFFFFF5DAD20BE7B
:10E60000FEFFFFFF000000C0FFFFFFFFFFFFFFFF57
:10E6100080298D3CFEFFFFFF000000C0FFFFFFFFD1
:10E62000FFFFFFFF8BAC9A3EFEFFFFFF000000C024
:10E63000FFFFFFFFFFFFFFFF1C5026BEFEFFFFFF97
:10E64000000000C0FFFFFFFFFFFFFFFF62F320BDE0
:10E65000FEFFFFFF000000C0FFFFFFFFFFFFFFFF07
:10E660007DDC443DFEFFFFFF000000C0FFFFFFFF19
:10E67000FFFFFFFF65C28A3DFEFFFFFF000000C0F5
:10E68000FFFFFFFFFFFFFFFFF985EABDFEFFFFFF72
:10E69000000000C0FFFFFFFFFFFFFFFF987A22BED0
:10E6A000FEFFFFFF000000C0FFFFFFFFFFFFFFFFB7
:10E6B000BF21E1BD020000002E324443C30100002F
:10E6C000C4010000000000C005000000A6E0B24246
:10E6D000C5010000C6010000000000C000000000ED
:10E6E0009E83DAC3C7010000C8010000000000C01B
:10E6F000030000008436B340C9010000CA010000D5
:10E70000000000C003000000BCAF6F41CB0100005F
:10E71000CC010000000000C000000000E8C0B2C44E
:10E72000CD010000CE010000000000C00500000087
:10E730002D3C7342CF010000D0010000000000C05A
:10E7400002000000E9E6F3C3D1010000D20100009D
:10E75000000000C005000000E55A6D42D301000032
:10E76000D4010000000000C003000000EE06D7C086
:10E77000D5010000D6010000000000C00500000027
:10E780007C0C5243D7010000D8010000000000C0FB
:10E790000200000046E6EF44D9010000DA01000063
:10E7A000000000C00300000076CF3443DB0100000E
:10E7B000DC010000000000C003000000E63F1FC3B2
:10E7C000DD010000DE010000000000C000000000CC
:10E7D000780E90C2DF010000E0010000000000C0E0
:10E7E000FEFFFFFF000000C0FFFFFFFFFFFFFFFF76
:10E7F0008125903EFEFFFFFF000000C0FFFFFFFFEE
:10E80000FFFFFFFF5ECFB7BCFEFFFFFF000000C0B1
:10E81000FFFFFFFFFFFFFFFF099008BEFEFFFFFFA6
:10E82000000000C0FFFFFFFFFFFFFFFFAFB1EE3DA5
:10E83000FEFFFFFF000000C0FFFFFFFFFFFFFFFF25
:10E8400098042CBEFEFFFFFF000000C0FFFFFFFF8B
:10E85000FFFFFFFF00000080FEFFFFFF000000C081
:10E86000FFFFFFFFFFFFFFFF179BB03EFEFFFFFF15
:10E87000000000C0FFFFFFFFFFFFFFFF0000008060
:10E88000FEFFFFFF000000C0FFFFFFFFFFFFFFFFD5
:10E89000902BA93EFEFFFFFF000000C0FFFFFFFF1F
:10E8A000FFFFFFFF00000080FEFFFFFF000000C031
:10E8B000FFFFFFFFFFFFFFFFABD052BCFEFFFFFFDC
:10E8C000000000C0FFFFFFFFFFFFFFFFC068B13E79
:10E8D000FEFFFFFF000000C0FFFFFFFFFFFFFFFF85
:10E8E000E555A3BDFEFFFFFF000000C0FFFFFFFFD7
:10E8F000FFFFFFFFEFDB19BEFEFFFFFF000000C0C0
:10E90000FFFFFFFFFFFFFFFFEA550F3EFEFFFFFF88
:10E91000000000C0FFFFFFFFFFFFFFFFC306ECBDCD
:10E9200000000000313E5E44E2010000E30100000F
:10E93000000000C00100000040ECAB41E401000019
:10E94000E5010000000000C004000000B8CE014353
:10E95000E6010000E7010000000000C00400000024
:10E96000A590C8C2E8010000E9010000000000C055
:10E9700000000000E8A0DAC4EA010000EB0100009A
:10E98000000000C005000000A454ECC3EC0100002E
:10E99000ED010000000000C005000000CD9080C324
:10E9A000EE010000EF010000000000C001000000C7
:10E9B000788228C3F0010000F1010000000000C0CF
:10E9C00004000000B7FE9542F2010000F3010000D0
:10E9D000000000C005000000F57028C3F40100002D
:10E9E000F5010000000000C0040000009A2929C3BE
:10E9F000F6010000F7010000000000C00100000067
:10EA0000D8470845F8010000F9010000000000C0E7
:10EA100005000000D8DB0343FA010000FB01000001
:10EA2000000000C00000000018DFC344FC0100002B
:10EA3000FD010000000000C0FEFFFFFF000000C05D
:10EA4000FFFFFFFFFFFFFFFF71611EBEFEFFFFFF25
:10EA5000000000C0FFFFFFFFFFFFFFFF9AA8963EE8
:10EA6000FEFFFFFF000000C0FFFFFFFFFFFFFFFFF3
:10EA700024A7CA3DFEFFFFFF000000C0FFFFFFFF0D
:10EA8000FFFFFFFFA58ACFBDFEFFFFFF000000C014
:10EA9000FFFFFFFFFFFFFFFF7020173EFEFFFFFF9E
:10EAA000000000C0FFFFFFFFFFFFFFFF0CEEB8BC40
:10EAB000FEFFFFFF000000C0FFFFFFFFFFFFFFFFA3
:10EAC000779FA13EFEFFFFFF000000C0FFFFFFFF9A
:10EAD000FFFFFFFF6BF424BDFEFFFFFF000000C03F
:10EAE000FFFFFFFFFFFFFFFF9E690FBEFEFFFFFF5F
:10EAF000000000C0FFFFFFFFFFFFFFFFC32ED3BDDD
:10EB0000FEFFFFFF000000C0FFFFFFFFFFFFFFFF52
:10EB100000000080FEFFFFFF000000C0FFFFFFFFBE
:10EB2000FFFFFFFFFDE19E3EFEFFFFFF000000C074
:10EB3000FFFFFFFFFFFFFFFF00000080FEFFFFFF62
:10EB4000000000C0FFFFFFFFFFFFFFFFDF16933D48
:10EB5000FEFFFFFF000000C0FFFFFFFFFFFFFFFF02
:10EB6000EE70E5BD0100000010FBA042FF010000B7
:10EB700000020000000000C004000000E1D2DE43FB
:10EB80000102000002020000000000C004000000BA
:10EB9000E31ABCC20302000004020000000000C02F
:10EBA000020000004686C64405020000060200007E
:10EBB000000000C0040000000A33134407020000F4
:10EBC00008020000000000C001000000887D4F43E3
:10EBD000090200000A020000000000C0020000005C
:10EBE000D2CD23C30B0200000C020000000000C0C5
:10EBF00004000000D75319430D0200000E0200006C
:10EC0000000000C003000000BEB041430F0200003E
:10EC100010020000000000C0010000004F10AFC44F
:10EC20001102000012020000000000C0FEFFFFFF02
:10EC3000000000C0FFFFFFFFFFFFFFFF3100733E3A
:10EC40000400000048715AC31302000014020000BF
:10EC5000000000C0030000000D00B64315020000D4
:10EC600016020000000000C003000000B58407C2C7
:10EC70001702000018020000000000C001000000A0
:10EC8000B1EFEF44190200001A020000000000C0BA
:10EC9000FEFFFFFF000000C0FFFFFFFFFFFFFFFFC1
:10ECA00042C2D8BDFEFFFFFF000000C0FFFFFFFF14
:10ECB000FFFFFFFF4E41603AFEFFFFFF000000C074
:10ECC000FFFFFFFFFFFFFFFF8077B23EFEFFFFFF6A
:10ECD000000000C0FFFFFFFFFFFFFFFF25E03ABD80
:10ECE000FEFFFFFF000000C0FFFFFFFFFFFFFFFF71
:10ECF00002D440BDFEFFFFFF000000C0FFFFFFFF8A
:10ED0000FFFFFFFFAE65313EFEFFFFFF000000C0CA
:10ED1000FFFFFFFFFFFFFFFFB9914A3EFEFFFFFF2E
:10ED2000000000C0FFFFFFFFFFFFFFFFF362583D41
:10ED3000FEFFFFFF000000C0FFFFFFFFFFFFFFFF20
:10ED40001B1B8F3EFEFFFFFF000000C0FFFFFFFF09
:10ED5000FFFFFFFFEC8CB4BBFEFFFFFF000000C015
:10ED6000FFFFFFFFFFFFFFFFDB1A9ABDFEFFFFFF64
:10ED7000000000C0FFFFFFFFFFFFFFFFCFC0683EA6
:10ED8000FEFFFFFF000000C0FFFFFFFFFFFFFFFFD0
:10ED900011DBB6BDFEFFFFFF000000C0FFFFFFFF5D
:10EDA000FFFFFFFF36AE883E04000000C495A4C2FA
:10EDB0001C0200001D020000000000C00300000053
:10EDC000365C81431E0200001F020000000000C0EC
:10EDD000040000001D65BA4220020000210200006C
:10EDE000000000C0030000008CD981C32202000093
:10EDF00023020000000000C004000000D7330BC352
:10EE00002402000025020000000000C001000000F4
:10EE1000887D18432602000027020000000000C081
:10EE2000FEFFFFFF000000C0FFFFFFFFFFFFFFFF2F
:10EE3000F4DC1DBE0500000046696CC3280200001A
:10EE400029020000000000C0FEFFFFFF000000C01C
:10EE5000FFFFFFFFFFFFFFFF4B9E22BEFEFFFFFFF6
:10EE6000000000C0FFFFFFFFFFFFFFFF4F8F02BE4C
:10EE700005000000162623432A0200002B02000092
:10EE8000000000C0030000006B6B3DC32C020000BB
:10EE90002D020000000000C0050000006476F5C2ED
:10EEA0002E0200002F020000000000C0FEFFFFFF46
:10EEB000000000C0FFFFFFFFFFFFFFFF1AD3ACBC45
:10EEC000FEFFFFFF000000C0FFFFFFFFFFFFFFFF8F
:10EED000ED4DF93DFEFFFFFF000000C0FFFFFFFF0B
:10EEE000FFFFFFFF00000080FEFFFFFF000000C0EB
:10EEF000FFFFFFFFFFFFFFFFDC2F2D3EFEFFFFFFA9
:10EF0000000000C0FFFFFFFFFFFFFFFF74632F3E05
:10EF1000FEFFFFFF000000C0FFFFFFFFFFFFFFFF3E
:10EF200036A502BDFEFFFFFF000000C0FFFFFFFF90
:10EF3000FFFFFFFF23D518BEFEFFFFFF000000C04C
:10EF4000FFFFFFFFFFFFFFFF8212173E02000000DE
:10EF5000D2CD76C33102000032020000000000C0B2
:10EF600002000000E966CCC3330200003402000056
:10EF7000000000C0020000008CCC234435020000D9
:10EF800036020000000000C001000000C4BED943EA
:10EF90003702000038020000000000C0030000003B
:10EFA00088A0F8C0390200003A020000000000C04A
:10EFB00004000000A590C8C23B0200003C02000013
:10EFC000000000C0020000008C4C58443D020000CC
:10EFD0003E020000000000C0FEFFFFFF000000C076
:10EFE000FFFFFFFFFFFFFFFFD50620BE020000006E
:10EFF000747321C43F02000040020000000000C002
:10F0000004000000A44036C3410200004202000098
:10F01000000000C001000000621F04444302000021
:10F0200044020000000000C00100000062DF38441C
:10F030004502000046020000000000C00100000080
:10F0400020F625424702000048020000000000C0F0
:10F05000010000009E6024C4490200004A02000032
:10F06000000000C001000000C4BEEC434B020000E1
:10F070004C020000000000C0FEFFFFFF000000C0C7
:10F08000FFFFFFFFFFFFFFFF332C15BEFEFFFFFF5B
:10F09000000000C0FFFFFFFFFFFFFFFFF20C3BBCC3
:10F0A000FEFFFFFF000000C0FFFFFFFFFFFFFFFFAD
:10F0B000DB94FBBDFEFFFFFF000000C0FFFFFFFF72
:10F0C000FFFFFFFF4684923DFEFFFFFF000000C0F0
:10F0D000FFFFFFFFFFFFFFFF842812BEFEFFFFFFC1
:10F0E000000000C0FFFFFFFFFFFFFFFF76225B3C39
:10F0F000FEFFFFFF000000C0FFFFFFFFFFFFFFFF5D
:10F10000042813BEFEFFFFFF000000C0FFFFFFFF4B
:10F11000FFFFFFFF00000080FEFFFFFF000000C0B8
:10F12000FFFFFFFFFFFFFFFF2B32873DFEFFFFFFCB
:10F13000000000C0FFFFFFFFFFFFFFFFBC691B3E99
:10F14000FEFFFFFF000000C0FFFFFFFFFFFFFFFF0C
:10F15000FDFB723EFEFFFFFF000000C0FFFFFFFF50
:10F16000FFFFFFFF8B2682BDFEFFFFFF000000C0F8
:10F17000FFFFFFFFFFFFFFFF914EFABDFEFFFFFF06
:10F18000000000C0FFFFFFFFFFFFFFFFCAFC49BDFB
:10F19000000000003C0709C34E0200004F020000BF
:10F1A000000000C005000000542889425002000001
:10F1B00051020000000000C000000000C07350C1F8
:10F1C0005202000053020000000000C005000000D1
:10F1D0006D5D0CC25402000055020000000000C02A
:10F1E0000500000054A8E742560200005702000044
:10F1F000000000C0050000007FF4414258020000FA
:10F2000059020000000000C000000000C4F83743AD
:10F210005A0200005B020000000000C00500000070
:10F22000F3B88DC25C0200005D020000000000C067
:10F2300002000000D2CD4EC35E0200005F0200005B
:10F24000000000C00300000006922443600200009A
:10F2500061020000000000C0FEFFFFFF000000C0D0
:10F26000FFFFFFFFFFFFFFFFAA2224BE05000000F3
:10F27000BA35E5C16202000063020000000000C070
:10F28000FEFFFFFF000000C0FFFFFFFFFFFFFFFFCB
:10F29000D74415BE02000000483737C264020000A0
:10F2A00065020000000000C0FEFFFFFF000000C07C
:10F2B000FFFFFFFFFFFFFFFFDFDF21BEFEFFFFFFBE
:10F2C000000000C0FFFFFFFFFFFFFFFFD4DC1CBEFC
:10F2D000FEFFFFFF000000C0FFFFFFFFFFFFFFFF7B
:10F2E000D14CBE3CFEFFFFFF000000C0FFFFFFFF50
:10F2F000FFFFFFFF67FD0CBEFEFFFFFF000000C029
:10F30000FFFFFFFFFFFFFFFF9738713EFEFFFFFF8C
:10F31000000000C0FFFFFFFFFFFFFFFF0B74F5BD04
:10F32000FEFFFFFF000000C0FFFFFFFFFFFFFFFF2A
:10F33000EAD9F53CFEFFFFFF000000C0FFFFFFFF22
:10F34000FFFFFFFF17A1B8BDFEFFFFFF000000C0D9
:10F35000FFFFFFFFFFFFFFFF5279103EFEFFFFFFA1
:10F36000000000C0FFFFFFFFFFFFFFFFB85D19BEF9
:10F37000FEFFFFFF000000C0FFFFFFFFFFFFFFFFDA
:10F38000CAAEADBD020000002E3244436702000049
:10F3900068020000000000C004000000EC6156C3D9
:10F3A000690200006A020000000000C000000000C6
:10F3B0009E03E5C36B0200006C020000000000C069
:10F3C00004000000ECE16EC36D0200006E0200005C
:10F3D000000000C002000000BAB9D4C46F020000EF
:10F3E00070020000000000C001000000887D23437F
:10F3F0007102000072020000000000C00400000062
:10F400002C9C66C27302000074020000000000C061
:10F4100004000000C3DD83C3750200007602000013
:10F42000000000C001000000887D7F4377020000DB
:10F4300078020000000000C00000000018DFC34494
:10F44000790200007A020000000000C00100000004
:10F45000887D65437B0200007C020000000000C044
:10F4600004000000A49956C17D0200007E02000045
:10F47000000000C0040000007B444D437F020000F8
:10F4800080020000000000C000000000F01C70C2FC
:10F490008102000082020000000000C000000000A5
:10F4A00010E30B428302000084020000000000C051
:10F4B000FEFFFFFF000000C0FFFFFFFFFFFFFFFF99
:10F4C000B1401ABEFEFFFFFF000000C0FFFFFFFFBC
:10F4D000FFFFFFFF392B98BDFEFFFFFF000000C0BC
:10F4E000FFFFFFFFFFFFFFFFD27D5C3CFEFFFFFF42
:10F4F000000000C0FFFFFFFFFFFFFFFF9202FEBD05
:10F50000FEFFFFFF000000C0FFFFFFFFFFFFFFFF48
:10F51000E2BF18BEFEFFFFFF000000C0FFFFFFFFBD
:10F52000FFFFFFFFFCAD093DFEFFFFFF000000C035
:10F53000FFFFFFFFFFFFFFFF2E56103EFEFFFFFF06
:10F54000000000C0FFFFFFFFFFFFFFFF92E2763CDD
:10F55000FEFFFFFF000000C0FFFFFFFFFFFFFFFFF8
:10F560002C78783EFEFFFFFF000000C0FFFFFFFF8A
:10F57000FFFFFFFFC69A023DFEFFFFFF000000C035
:10F58000FFFFFFFFFFFFFFFFAE9307BEFEFFFFFF82
:10F59000000000C0FFFFFFFFFFFFFFFFFBC4483E6E
:10F5A000FEFFFFFF000000C0FFFFFFFFFFFFFFFFA8
:10F5B0008FD0183EFEFFFFFF000000C0FFFFFFFFDF
:10F5C000FFFFFFFFA99C02BEFEFFFFFF000000C07F
:10F5D000FFFFFFFFFFFFFFFF130CECBDFEFFFFFF70
:10F5E000000000C0FFFFFFFFFFFFFFFF58541ABEDF
:10F5F00004000000E4BA59C286020000870200003D
:10F60000000000C0030000000834A541880200008B
:10F6100089020000000000C004000000AD27DB42AA
:10F620008A0200008B020000000000C005000000FC
:10F63000C8D665C08C0200008D020000000000C02A
:10F64000010000003C4186C38E0200008F020000D2
:10F65000000000C001000000D847084590020000EB
:10F6600091020000000000C00300000096F6E8418F
:10F670009202000093020000000000C0050000009C
:10F68000364AB7C19402000095020000000000C095
:10F6900001000000887D554396020000970200009B
:10F6A000000000C0030000005E5CD542980200002C
:10F6B00099020000000000C003000000E4A396438C
:10F6C0009A0200009B020000000000C0040000003D
:10F6D0000F57B6C19C0200009D020000000000C050
:10F6E00005000000E23208439E0200009F02000075
:10F6F000000000C0030000002D5347C4A00200001A
:10F70000A1020000000000C0050000007FF441429B
:10F71000A2020000A3020000000000C0FEFFFFFFE5
:10F72000000000C0FFFFFFFFFFFFFFFF57CDBCBD84
:10F73000FEFFFFFF000000C0FFFFFFFFFFFFFFFF16
:10F7400000000080FEFFFFFF000000C0FFFFFFFF82
:10F75000FFFFFFFFDA468F3EFEFFFFFF000000C005
:10F76000FFFFFFFFFFFFFFFF65D731BBFEFFFFFF7E
:10F77000000000C0FFFFFFFFFFFFFFFF12A4813E5C
:10F78000FEFFFFFF000000C0FFFFFFFFFFFFFFFFC6
:10F7900000000080FEFFFFFF000000C0FFFFFFFF32
:10F7A000FFFFFFFFE452A9BDFEFFFFFF000000C006
:10F7B000FFFFFFFFFFFFFFFF4ABF7A3EFEFFFFFF95
:10F7C000000000C0FFFFFFFFFFFFFFFF4BE51BBD79
:10F7D000FEFFFFFF000000C0FFFFFFFFFFFFFFFF76
:10F7E0006113D5BDFEFFFFFF000000C0FFFFFFFF5C
:10F7F000FFFFFFFFE064B73EFEFFFFFF000000C019
:10F80000FFFFFFFFFFFFFFFF00000080FEFFFFFF85
:10F81000000000C0FFFFFFFFFFFFFFFFD093C03ECF
:10F82000FEFFFFFF000000C0FFFFFFFFFFFFFFFF25
:10F830006D6CAFBDFEFFFFFF000000C0FFFFFFFFCC
:10F84000FFFFFFFF943D5B3EFEFFFFFF000000C097
:10F85000FFFFFFFFFFFFFFFF950CF6BD0400000058
:10F860005C9F04C3A5020000A6020000000000C0C7
:10F87000020000002E322943A7020000A802000067
:10F88000000000C002000000A49BF9C2A902000011
:10F89000AA020000000000C00400000033C351C3EE
:10F8A000AB020000AC020000000000C0030000003A
:10F8B000BEB04143AD020000AE020000000000C037
:10F8C0000300000026C210C2AF020000B002000018
:10F8D000000000C004000000E4BA6EC2B1020000E3
:10F8E000B2020000000000C00300000050EB81C223
:10F8F000B3020000B4020000000000C000000000DD
:10F9000088F1FB42B5020000B6020000000000C012
:10F910000000000031BE3F44B7020000B802000002
:10F92000000000C004000000EC6156C3B9020000F2
:10F93000BA020000000000C000000000183FAB4405
:10F94000BB020000BC020000000000C0000000007C
:10F95000C4F82743BD020000BE020000000000C042
:10F96000020000008C8C0944BF020000C0020000AD
:10F97000000000C004000000EAB1CE42C102000055
:10F98000C2020000000000C0FEFFFFFF000000C038
:10F99000FFFFFFFFFFFFFFFF94C696BDFEFFFFFFC7
:10F9A000000000C0FFFFFFFFFFFFFFFF5B36233EAD
:10F9B000FEFFFFFF000000C0FFFFFFFFFFFFFFFF94
:10F9C000D4E4EEBDFEFFFFFF000000C0FFFFFFFF1D
:10F9D000FFFFFFFF68612F3DFEFFFFFF000000C03B
:10F9E000FFFFFFFFFFFFFFFF1411B93EFEFFFFFF08
:10F9F000000000C0FFFFFFFFFFFFFFFF00000080CF
:10FA0000FEFFFFFF000000C0FFFFFFFFFFFFFFFF43
:10FA100000000080FEFFFFFF000000C0FFFFFFFFAF
:10FA2000FFFFFFFFE04B8EBDFEFFFFFF000000C0A9
:10FA3000FFFFFFFFFFFFFFFF597AD4BDFEFFFFFF6F
:10FA4000000000C0FFFFFFFFFFFFFFFF3F99043EE4
:10FA5000FEFFFFFF000000C0FFFFFFFFFFFFFFFFF3
:10FA6000C96599BBFEFFFFFF000000C0FFFFFFFF5D
:10FA7000FFFFFFFF34B6253EFEFFFFFF000000C082
:10FA8000FFFFFFFFFFFFFFFF1B677BBDFEFFFFFFC9
:10FA9000000000C0FFFFFFFFFFFFFFFF5C2E7F3E67
:10FAA000FEFFFFFF000000C0FFFFFFFFFFFFFFFFA3
:10FAB0007479F6BDFEFFFFFF000000C0FFFFFFFFEF
:10FAC000FFFFFFFFD382CD3D020000001799D04316
:10FAD000C4020000C5020000000000C003000000D6
:10FAE0002D2133C3C6020000C7020000000000C081
:10FAF000050000006476F5C2C8020000C9020000DB
:10FB0000000000C005000000A180BBC2CA020000C6
:10FB1000CB020000000000C00200000020DD3CC15C
:10FB2000CC020000CD020000000000C00500000073
:10FB300028E40EC3CE020000CF020000000000C087
:10FB4000020000008C4C3C44D0020000D1020000B6
:10FB5000000000C005000000F57013C3D2020000D1
:10FB6000D3020000000000C0050000002B4C9742AB
:10FB7000D4020000D5020000000000C0FEFFFFFF1D
:10FB8000000000C0FFFFFFFFFFFFFFFF6DC51EBEAF
:10FB900003000000167BDD42D6020000D702000001
:10FBA000000000C0FEFFFFFF000000C0FFFFFFFFDE
:10FBB000FFFFFFFFDDC62DBE03000000D11128C3EB
:10FBC000D8020000D9020000000000C003000000BD
:10FBD000A70A4942DA020000DB020000000000C070
:10FBE000040000003553D4C2DC020000DD02000036
:10FBF000000000C0FEFFFFFF000000C0FFFFFFFF8E
:10FC0000FFFFFFFF5B4823BEFEFFFFFF000000C0B9
:10FC1000FFFFFFFFFFFFFFFF00000080FEFFFFFF71
:10FC2000000000C0FFFFFFFFFFFFFFFF8CD9793E00
:10FC3000FEFFFFFF000000C0FFFFFFFFFFFFFFFF11
:10FC4000A5ECDFBDFEFFFFFF000000C0FFFFFFFFD0
:10FC5000FFFFFFFF503AE4BDFEFFFFFF000000C0C2
:10FC6000FFFFFFFFFFFFFFFFF4A0523DFEFFFFFF7E
:10FC7000000000C0FFFFFFFFFFFFFFFF000000804C
:10FC8000FEFFFFFF000000C0FFFFFFFFFFFFFFFFC1
:10FC90006B06C3BDFEFFFFFF000000C0FFFFFFFFBC
:10FCA000FFFFFFFF69B44F3CFEFFFFFF000000C0F5
:10FCB000FFFFFFFFFFFFFFFFA4B7593EFEFFFFFF5F
:10FCC000000000C0FFFFFFFFFFFFFFFF0801FFBDB7
:10FCD000FEFFFFFF000000C0FFFFFFFFFFFFFFFF71
:10FCE000FA714D3E050000002A544443DF02000033
:10FCF000E0020000000000C00500000006F72DC271
:10FD0000E1020000E2020000000000C00300000069
:10FD10006CB86D43E3020000E4020000000000C084
:10FD20000400000079F4A542E5020000E6020000AC
:10FD3000000000C0010000009E6003C4E702000054
:10FD4000E8020000000000C004000000878BC2C26F
:10FD5000E9020000EA020000000000C00300000009
:10FD6000365C9D43EB020000EC020000000000C086
:10FD70000300000037B804C3ED020000EE020000EB
:10FD8000000000C0FEFFFFFF000000C0FFFFFFFFFC
:10FD9000FFFFFFFFFF5D21BE030000008B3117C195
:10FDA000EF020000F0020000000000C004000000AC
:10FDB000737D49C2F1020000F2020000000000C0A1
:10FDC000050000003EA69543F3020000F402000087
:10FDD000000000C001000000B18FC144F502000026
:10FDE000F6020000000000C00300000040938D43B5
:10FDF000F7020000F8020000000000C0010000004F
:10FE00003C41AEC3F9020000FA020000000000C04D
:10FE1000FEFFFFFF000000C0FFFFFFFFFFFFFFFF2F
:10FE2000225948BDFEFFFFFF000000C0FFFFFFFF9B
:10FE3000FFFFFFFF2697723EFEFFFFFF000000C09E
:10FE4000FFFFFFFFFFFFFFFFF41A7E3EFEFFFFFFF5
:10FE5000000000C0FFFFFFFFFFFFFFFFDA3A96BC84
:10FE6000FEFFFFFF000000C0FFFFFFFFFFFFFFFFDF
:10FE7000E9BB1BBEFEFFFFFF000000C0FFFFFFFF4E
:10FE8000FFFFFFFF971984BDFEFFFFFF000000C0CA
:10FE9000FFFFFFFFFFFFFFFF2919D9BDFEFFFFFF97
:10FEA000000000C0FFFFFFFFFFFFFFFF23B4FE3E87
:10FEB000FEFFFFFF000000C0FFFFFFFFFFFFFFFF8F
:10FEC000A3B9A53EFEFFFFFF000000C0FFFFFFFF3C
:10FED000FFFFFFFF00000080FEFFFFFF000000C0EB
:10FEE000FFFFFFFFFFFFFFFF00000080FEFFFFFF9F
:10FEF000000000C0FFFFFFFFFFFFFFFFC08D273E98
:10FF0000FEFFFFFF000000C0FFFFFFFFFFFFFFFF3E
:10FF100000000080FEFFFFFF000000C0FFFFFFFFAA
:10FF2000FFFFFFFFC20411BE00000000F01C58C21A
:10FF3000FC020000FD020000000000C00200000002
:10FF4000E0221341FE020000FF020000000000C09A
:10FF50000000000088F19942000300000103000046
:10FF6000000000C002000000D2CD3EC3020300002A
:10FF700003030000000000C0040000004A2107C283
:10FF80000403000005030000000000C002000000A0
:10FF90005C6486420603000007030000000000C006
:10FFA00000000000C4F845430803000009030000F6
:10FFB000000000C0FEFFFFFF000000C0FFFFFFFFCA
:10FFC000FFFFFFFF234119BE0400000015FE18C308
:10FFD0000A0300000B030000000000C00400000042
:10FFE0003553D4C20C0300000D030000000000C014
:10FFF00003000000469484C20E0300000F030000BB
:020000040801F1
:10000000000000C0FEFFFFFF000000C0FFFFFFFF79
:10001000FFFFFFFFB3380CBE0400000043618441C2
:100020001003000011030000000000C003000000E6
:10003000CA2992411203000013030000000000C00F
:10004000FEFFFFFF000000C0FFFFFFFFFFFFFFFFFD
:100050009E4F1FBEFEFFFFFF000000C0FFFFFFFF1F
:10006000FFFFFFFF8E4302BEFEFFFFFF000000C048
:10007000FFFFFFFFFFFFFFFF75CBA83CFEFFFFFF69
:10008000000000C0FFFFFFFFFFFFFFFFA8D01FBE63
:10009000FEFFFFFF000000C0FFFFFFFFFFFFFFFFAD
:1000A00059B09F3CFEFFFFFF000000C0FFFFFFFFB5
:1000B000FFFFFFFF464D5E3CFEFFFFFF000000C05C
:1000C000FFFFFFFFFFFFFFFF14534B3EFEFFFFFF4D
:1000D000000000C0FFFFFFFFFFFFFFFF2FD37A3CB0
:1000E000FEFFFFFF000000C0FFFFFFFFFFFFFFFF5D
:1000F0006969CBBDFEFFFFFF000000C0FFFFFFFFEF
:10010000FFFFFFFF992CB9BDFEFFFFFF000000C0FD
:10011000FFFFFFFFFFFFFFFFD1EB14BE0500000054
:10012000542889421503000016030000000000C097
:100130000400000082AB7C4217030000180300009B
:10014000000000C004000000A29972C11903000061
:100150001A030000000000C0000000009E83EAC3F4
:100160001B0300001C030000000000C0040000008E
:100170007ACCFD431D0300001E030000000000C0F8
:10018000010000003C418EC31F030000200300005B
:10019000000000C001000000B14FB5442103000081
:1001A00022030000000000C0010000009EE00FC418
:1001B0002303000024030000000000C0050000002D
:1001C000751D1E422503000026030000000000C02C
:1001D00005000000A0C32D3F2703000028030000F6
:1001E000000000C0050000003DAE9FC329030000D1
:1001F0002A030000000000C0000000009E03D1C3DD
:100200002B0300002C030000000000C001000000D0
:10021000C4BED9432D0300002E030000000000C01F
:100220000000000062FCEB432F03000030030000DD
:10023000000000C0000000003C0716C331030000AE
:1002400032030000000000C0FEFFFFFF000000C0FE
:10025000FFFFFFFFFFFFFFFF6BCE333EFEFFFFFF01
:10026000000000C0FFFFFFFFFFFFFFFF0000008056
:10027000FEFFFFFF000000C0FFFFFFFFFFFFFFFFCB
:100280006D0EFDBDFEFFFFFF000000C0FFFFFFFF82
:10029000FFFFFFFFB725F5BCFEFFFFFF000000C01A
:1002A000FFFFFFFFFFFFFFFF2570133EFEFFFFFF75
:1002B000000000C0FFFFFFFFFFFFFFFF32E5F7BCBC
:1002C000FEFFFFFF000000C0FFFFFFFFFFFFFFFF7B
:1002D00000000080FEFFFFFF000000C0FFFFFFFFE7
:1002E000FFFFFFFFEBD200BEFEFFFFFF000000C0DC
:1002F000FFFFFFFFFFFFFFFFDED4163EFEFFFFFF05
:10030000000000C0FFFFFFFFFFFFFFFF19BAD3BDD2
:10031000FEFFFFFF000000C0FFFFFFFFFFFFFFFF2A
:100320003B90413EFEFFFFFF000000C0FFFFFFFFCC
:10033000FFFFFFFFA3EB6ABDFEFFFFFF000000C051
:10034000FFFFFFFFFFFFFFFF05F5D9BDFEFFFFFF2A
:10035000000000C0FFFFFFFFFFFFFFFFE2BA463CC7
:10036000FEFFFFFF000000C0FFFFFFFFFFFFFFFFDA
:10037000B8875B3EFEFFFFFF000000C0FFFFFFFFEE
:10038000FFFFFFFF3E31FCBC00000000317E6D44EA
:100390003403000035030000000000C0010000002D
:1003A00040ECAB413603000037030000000000C002
:1003B00004000000CDBC2B433803000039030000CB
:1003C000000000C004000000AFE794C23A03000040
:1003D0003B030000000000C003000000F9B1E2434D
:1003E0003C0300003D030000000000C000000000CE
:1003F000181F80443E0300003F030000000000C0BF
:100400000300000089921CC4400300004103000067
:10041000000000C003000000E51478424203000021
:1004200043030000000000C004000000CBAC9E426B
:100430004403000045030000000000C00400000069
:100440009A2929C34603000047030000000000C0AA
:1004500000000000780EB6C2480300004903000007
:10046000000000C0030000004B84DBC14A03000011
:100470004B030000000000C003000000B25E04C493
:100480004C0300004D030000000000C0010000000C
:100490004F10E9C44E0300004F030000000000C0ED
:1004A000FEFFFFFF000000C0FFFFFFFFFFFFFFFF99
:1004B0000A8D0FBEFEFFFFFF000000C0FFFFFFFF21
:1004C000FFFFFFFF2A88523EFEFFFFFF000000C033
:1004D000FFFFFFFFFFFFFFFF9B9284BDFEFFFFFFBB
:1004E000000000C0FFFFFFFFFFFFFFFFD491B5BD7D
:1004F000FEFFFFFF000000C0FFFFFFFFFFFFFFFF49
:10050000CE21C53DFEFFFFFF000000C0FFFFFFFF43
:10051000FFFFFFFF3D2B0DBDFEFFFFFF000000C0F2
:10052000FFFFFFFFFFFFFFFF9D2A06BEFEFFFFFF4D
:10053000000000C0FFFFFFFFFFFFFFFF9B1D913E7C
:10054000FEFFFFFF000000C0FFFFFFFFFFFFFFFFF8
:1005500000000080FEFFFFFF000000C0FFFFFFFF64
:10056000FFFFFFFF71B4513EFEFFFFFF000000C020
:10057000FFFFFFFFFFFFFFFF4A7103BCFEFFFFFF0E
:10058000000000C0FFFFFFFFFFFFFFFF0000008033
:10059000FEFFFFFF000000C0FFFFFFFFFFFFFFFFA8
:1005A0000F90833EFEFFFFFF000000C0FFFFFFFF34
:1005B000FFFFFFFF690F8CBDFEFFFFFF000000C0C3
:1005C000FFFFFFFFFFFFFFFF159AB63D0100000090
:1005D00010FB96425103000052030000000000C0CF
:1005E00004000000D75319435303000054030000D4
:1005F000000000C004000000D7330BC35503000007
:1006000056030000000000C0010000004F10AFC4FE
:100610005703000058030000000000C00000000065
:100620003C0738C3590300005A030000000000C013
:100630000000000062FCEB435B0300005C03000071
:10064000000000C002000000D2CD3EC35D030000E8
:100650005E030000000000C00000000074001EC522
:100660005F03000060030000000000C00400000001
:10067000AFE7A9C26103000062030000000000C0F0
:10068000040000003E362A446303000064030000B7
:10069000000000C004000000AD5FC043650300001F
:1006A00066030000000000C0000000009E8388C3B5
:1006B0006703000068030000000000C001000000A4
:1006C000C43EC043690300006A030000000000C08C
:1006D00000000000317E6D446B0300006C030000DD
:1006E000000000C001000000B1AFAC446D03000089
:1006F0006E030000000000C0FEFFFFFF000000C00E
:10070000FFFFFFFFFFFFFFFF00000080FEFFFFFF76
:10071000000000C0FFFFFFFFFFFFFFFFB220613EB0
:10072000FEFFFFFF000000C0FFFFFFFFFFFFFFFF16
:10073000EF66F4BCFEFFFFFF000000C0FFFFFFFFFD
:10074000FFFFFFFFC6AE0ABEFEFFFFFF000000C0B6
:10075000FFFFFFFFFFFFFFFFDBBEEBBDFEFFFFFF65
:10076000000000C0FFFFFFFFFFFFFFFF0DDCE73DC4
:10077000FEFFFFFF000000C0FFFFFFFFFFFFFFFFC6
:100780008130A43DFEFFFFFF000000C0FFFFFFFF20
:10079000FFFFFFFF4BDB683EFEFFFFFF000000C0D6
:1007A000FFFFFFFFFFFFFFFF04CFF33CFEFFFFFF54
:1007B000000000C0FFFFFFFFFFFFFFFFAC3C503E0B
:1007C000FEFFFFFF000000C0FFFFFFFFFFFFFFFF76
:1007D000585643BDFEFFFFFF000000C0FFFFFFFFB4
:1007E000FFFFFFFF23D9DB3DFEFFFFFF000000C03E
:1007F000FFFFFFFFFFFFFFFFA5D9FA3DFEFFFFFF51
:10080000000000C0FFFFFFFFFFFFFFFF6611E4BD18
:10081000FEFFFFFF000000C0FFFFFFFFFFFFFFFF25
:10082000AEE15FBDFEFFFFFF000000C0FFFFFFFF66
:10083000FFFFFFFFE250633E020000001719D6439E
:100840007003000071030000000000C00100000000
:1008500062DF25447203000073030000000000C043
:1008600001000000F004DBC2740300007503000007
:10087000000000C0030000007F5952C3760300004F
:1008800077030000000000C0020000005C64F84232
:100890007803000079030000000000C0020000009F
:1008A0008C4C4C447A0300007B030000000000C025
:1008B00004000000C495A4C27C0300007D03000076
:1008C000000000C004000000A1306A427E03000066
:1008D0007F030000000000C0030000008BBD184330
:1008E0008003000081030000000000C0020000003F
:1008F000D2CD4EC38203000083030000000000C07D
:1009000004000000F488894284030000850300008D
:10091000000000C0030000004CE679C3860300001D
:1009200087030000000000C0020000004686C644A5
:100930008803000089030000000000C003000000DD
:10094000E463AD438A0300008B030000000000C095
:1009500004000000130EC4428C0300008D0300004D
:10096000000000C0FEFFFFFF000000C0FFFFFFFF10
:10097000FFFFFFFF7B72033EFEFFFFFF000000C092
:10098000FFFFFFFFFFFFFFFF8BB80DBEFEFFFFFF66
:10099000000000C0FFFFFFFFFFFFFFFF02A11ABE24
:1009A000FEFFFFFF000000C0FFFFFFFFFFFFFFFF94
:1009B000C92DBFBDFEFFFFFF000000C0FFFFFFFF0E
:1009C000FFFFFFFF4D4211BEFEFFFFFF000000C012
:1009D000FFFFFFFFFFFFFFFF7EB62DBCFEFFFFFF07
:1009E000000000C0FFFFFFFFFFFFFFFFDDFA103E2A
:1009F000FEFFFFFF000000C0FFFFFFFFFFFFFFFF44
:100A00001F15DABDFEFFFFFF000000C0FFFFFFFF64
:100A1000FFFFFFFF6B7B1A3EFEFFFFFF000000C0E1
:100A2000FFFFFFFFFFFFFFFFA017A6BDFEFFFFFFB9
:100A3000000000C0FFFFFFFFFFFFFFFF2936383E29
:100A4000FEFFFFFF000000C0FFFFFFFFFFFFFFFFF3
:100A5000490B0ABEFEFFFFFF000000C0FFFFFFFFC3
:100A6000FFFFFFFF15B616BEFEFFFFFF000000C030
:100A7000FFFFFFFFFFFFFFFF475D0E3EFEFFFFFF93
:100A8000000000C0FFFFFFFFFFFFFFFFB4211F3E7C
:100A9000FEFFFFFF000000C0FFFFFFFFFFFFFFFFA3
:100AA000D211FFBD02000000E9E69CC38F030000E5
:100AB00090030000000000C001000000C4BED94344
:100AC0009103000092030000000000C0020000003B
:100AD0008C8C25449303000094030000000000C0A8
:100AE00002000000E966D6C39503000096030000EB
:100AF000000000C002000000747321C497030000CE
:100B000098030000000000C00400000001A0DAC249
:100B1000990300009A030000000000C001000000DB
:100B2000C43EE3439B0300009C030000000000C0A0
:100B300003000000F20110449D0300009E0300002A
:100B4000000000C003000000E8C025C19F030000B2
:100B5000A0030000000000C0FEFFFFFF000000C077
:100B6000FFFFFFFFFFFFFFFF59A40CBE04000000C2
:100B7000DAE320C2A1030000A2030000000000C0CD
:100B800002000000E9E68DC3A3030000A4030000F7
:100B9000000000C0030000000F5C71C3A50300004B
:100BA000A6030000000000C0010000009EA050C489
:100BB000A7030000A8030000000000C0030000001D
:100BC00024172043A9030000AA030000000000C06E
:100BD000FEFFFFFF000000C0FFFFFFFFFFFFFFFF62
:100BE000D0161BBEFEFFFFFF000000C0FFFFFFFF8F
:100BF000FFFFFFFF00000080FEFFFFFF000000C0BE
:100C0000FFFFFFFFFFFFFFFF00000080FEFFFFFF71
:100C1000000000C0FFFFFFFFFFFFFFFF06EC02BE6A
:100C2000FEFFFFFF000000C0FFFFFFFFFFFFFFFF11
:100C300048BDE0BDFEFFFFFF000000C0FFFFFFFF5B
:100C4000FFFFFFFF9AE59F3DFEFFFFFF000000C092
:100C5000FFFFFFFFFFFFFFFFE104943DFEFFFFFFEB
:100C6000000000C0FFFFFFFFFFFFFFFF6665EEBD56
:100C7000FEFFFFFF000000C0FFFFFFFFFFFFFFFFC1
:100C8000116473BDFEFFFFFF000000C0FFFFFFFF08
:100C9000FFFFFFFFB5D7BB3DFEFFFFFF000000C019
:100CA000FFFFFFFFFFFFFFFFC1A69FBCFEFFFFFF8F
:100CB000000000C0FFFFFFFFFFFFFFFF634CDEBD32
:100CC000FEFFFFFF000000C0FFFFFFFFFFFFFFFF71
:100CD00040EE6E3DFEFFFFFF000000C0FFFFFFFF84
:100CE000FFFFFFFF2C580BBE02000000A49BA7C211
:100CF000AC030000AD030000000000C002000000D3
:100D0000D2CD5BC3AE030000AF030000000000C003
:100D10000100000020F67142B0030000B1030000A2
:100D2000000000C0FEFFFFFF000000C0FFFFFFFF4C
:100D3000FFFFFFFFAEAD1EBE0500000056986842E3
:100D4000B2030000B3030000000000C00500000073
:100D5000C7D57842B4030000B5030000000000C00E
:100D600001000000C4BEC743B6030000B703000083
:100D7000000000C001000000887D7F43B803000030
:100D8000B9030000000000C0FEFFFFFF000000C02C
:100D9000FFFFFFFFFFFFFFFFB1F008BE05000000EF
:100DA0007F4272C1BA030000BB030000000000C014
:100DB0000500000054288942BC030000BD03000068
:100DC000000000C005000000F24833C2BE0300006E
:100DD000BF030000000000C0FEFFFFFF000000C0D6
:100DE000FFFFFFFFFFFFFFFF5ADD1BBEFEFFFFFF00
:100DF000000000C0FFFFFFFFFFFFFFFF4F8C443DDF
:100E0000FEFFFFFF000000C0FFFFFFFFFFFFFFFF2F
:100E10009178D5BDFEFFFFFF000000C0FFFFFFFF80
:100E2000FFFFFFFF2E199DBCFEFFFFFF000000C06B
:100E3000FFFFFFFFFFFFFFFF2FBF2F3EFEFFFFFF64
:100E4000000000C0FFFFFFFFFFFFFFFF000000806A
:100E5000FEFFFFFF000000C0FFFFFFFFFFFFFFFFDF
:100E600080700DBEFEFFFFFF000000C0FFFFFFFF10
:100E7000FFFFFFFF10F914BEFEFFFFFF000000C0E0
:100E8000FFFFFFFFFFFFFFFFED4E03BC020000006E
:100E90005C648642C1030000C2030000000000C081
:100EA00002000000BAB9D4C4C3030000C4030000A8
:100EB000000000C0050000004CC11A42C50300003C
:100EC000C6030000000000C003000000D49AB2C3B3
:100ED000C7030000C8030000000000C005000000B8
:100EE000FE0FA0C2C9030000CA030000000000C03A
:100EF000030000005AC2EBC2CB030000CC03000089
:100F0000000000C00300000088A0F8C0CD0300006E
:100F1000CE030000000000C0FEFFFFFF000000C085
:100F2000FFFFFFFFFFFFFFFFCE0A213E050000008D
:100F300086A36243CF030000D0030000000000C07E
:100F400003000000DB3D0742D1030000D203000094
:100F5000000000C0030000009CE69742D30300009D
:100F6000D4030000000000C0020000008C0C2C44E0
:100F7000D5030000D6030000000000C001000000FF
:100F80004F10E9C4D7030000D8030000000000C0E0
:100F9000010000004F90CAC4D9030000DA0300002A
:100FA000000000C001000000C43ED043DB0300008D
:100FB000DC030000000000C0FEFFFFFF000000C0D7
:100FC000FFFFFFFFFFFFFFFF5B671EBEFEFFFFFF90
:100FD000000000C0FFFFFFFFFFFFFFFF00000080D9
:100FE000FEFFFFFF000000C0FFFFFFFFFFFFFFFF4E
:100FF00077A3423EFEFFFFFF000000C0FFFFFFFFA0
:10100000FFFFFFFF44B09BBDFEFFFFFF000000C0DD
:10101000FFFFFFFFFFFFFFFF101C03BCFEFFFFFFF2
:10102000000000C0FFFFFFFFFFFFFFFFF95B0F3E67
:10103000FEFFFFFF000000C0FFFFFFFFFFFFFFFFFD
:10104000F33F8D3DFEFFFFFF000000C0FFFFFFFFED
:10105000FFFFFFFF19D1C7BDFEFFFFFF000000C06B
:10106000FFFFFFFFFFFFFFFFC883BD3DFEFFFFFF48
:10107000000000C0FFFFFFFFFFFFFFFF82FEF4BD87
:10108000FEFFFFFF000000C0FFFFFFFFFFFFFFFFAD
:10109000D89D323BFEFFFFFF000000C0FFFFFFFFB7
:1010A000FFFFFFFFA91F12BEFEFFFFFF000000C0F1
:1010B000FFFFFFFFFFFFFFFF4C76FC3DFEFFFFFF42
:1010C000000000C0FFFFFFFFFFFFFFFF2A5EE0BD43
:1010D00000000000313E5E44DE030000DF0300003C
:1010E000000000C004000000E31AE6C2E0030000B4
:1010F000E1030000000000C0040000008B429141A9
:10110000E2030000E3030000000000C00300000051
:10111000A70A4942E4030000E5030000000000C004
:10112000040000006F9DE742E6030000E7030000B3
:10113000000000C0050000008FB40CC4E8030000EC
:10114000E9030000000000C005000000257C06C285
:10115000EA030000EB030000000000C005000000EF
:10116000C8D665C0EC030000ED030000000000C01D
:10117000030000000D00B643EE030000EF03000083
:10118000000000C0030000003AF30344F003000035
:10119000F1030000000000C003000000DB3D074237
:1011A000F2030000F3030000000000C0FEFFFFFF99
:1011B000000000C0FFFFFFFFFFFFFFFFCF8F80BDDC
:1011C000050000002A544443F4030000F503000026
:1011D000000000C005000000F51A00C4F60300007E
:1011E000F7030000000000C003000000F2011044FB
:1011F000F8030000F9030000000000C0FEFFFFFF3D
:10120000000000C0FFFFFFFFFFFFFFFFA44F43BD33
:10121000FEFFFFFF000000C0FFFFFFFFFFFFFFFF1B
:1012200072392A3EFEFFFFFF000000C0FFFFFFFFF4
:10123000FFFFFFFF8212C0BDFEFFFFFF000000C0E6
:10124000FFFFFFFFFFFFFFFF5EF05C3EFEFFFFFFC3
:10125000000000C0FFFFFFFFFFFFFFFF544ABEBDBD
:10126000FEFFFFFF000000C0FFFFFFFFFFFFFFFFCB
:10127000AFB2413EFEFFFFFF000000C0FFFFFFFFD7
:10128000FFFFFFFFEA746DBDFEFFFFFF000000C01F
:10129000FFFFFFFFFFFFFFFF7A0FF93DFEFFFFFF9C
:1012A000000000C0FFFFFFFFFFFFFFFF79C95D3EA9
:1012B000FEFFFFFF000000C0FFFFFFFFFFFFFFFF7B
:1012C00000000080FEFFFFFF000000C0FFFFFFFFE7
:1012D000FFFFFFFF7667BBBDFEFFFFFF000000C002
:1012E000FFFFFFFFFFFFFFFF347E043EFEFFFFFF17
:1012F000000000C0FFFFFFFFFFFFFFFF02C314BE9F
:10130000FEFFFFFF000000C0FFFFFFFFFFFFFFFF2A
:101310000000008001000000C013D4C1FB030000E6
:10132000FC030000000000C00500000033B7C9C383
:10133000FD030000FE030000000000C003000000E9
:10134000984CBCC2FF03000000040000000000C075
:1013500002000000E966C0C30104000002040000AE
:10136000000000C002000000BA59ACC40304000031
:1013700004040000000000C0030000001261E2C28B
:101380000504000006040000000000C00500000085
:101390007D04D6420704000008040000000000C0DD
:1013A00002000000BAB998C4090400000A04000051
:1013B000000000C0010000004F30BEC40B0400005C
:1013C0000C040000000000C005000000656E17C39B
:1013D0000D0400000E040000000000C00200000028
:1013E0008C4C3A440F04000010040000000000C0C0
:1013F00005000000C2D9D9C3110400001204000086
:10140000000000C0020000008CCC02441304000065
:1014100014040000000000C0020000007091994117
:101420001504000016040000000000C001000000C8
:10143000621F6A441704000018040000000000C086
:10144000FEFFFFFF000000C0FFFFFFFFFFFFFFFFE9
:10145000EFEDD1BDFEFFFFFF000000C0FFFFFFFF6B
:10146000FFFFFFFF2DFB433DFEFFFFFF000000C01D
:10147000FFFFFFFFFFFFFFFF1BBF763EFEFFFFFFEB
:10148000000000C0FFFFFFFFFFFFFFFFC69FE63E1B
:10149000FEFFFFFF000000C0FFFFFFFFFFFFFFFF99
:1014A000912AC1BDFEFFFFFF000000C0FFFFFFFF4C
:1014B000FFFFFFFFDA19173EFEFFFFFF000000C02D
:1014C000FFFFFFFFFFFFFFFF874C03BEFEFFFFFF95
:1014D000000000C0FFFFFFFFFFFFFFFF9FE01B3D7D
:1014E000FEFFFFFF000000C0FFFFFFFFFFFFFFFF49
:1014F00000000080FEFFFFFF000000C0FFFFFFFFB5
:10150000FFFFFFFF9AF7E0BDFEFFFFFF000000C0F6
:10151000FFFFFFFFFFFFFFFF52C96EBDFEFFFFFF92
:10152000000000C0FFFFFFFFFFFFFFFF2E1F243D55
:10153000FEFFFFFF000000C0FFFFFFFFFFFFFFFFF8
:10154000B0B80F3EFEFFFFFF000000C0FFFFFFFF2F
:10155000FFFFFFFF0DC0D73CFEFFFFFF000000C0F4
:10156000FFFFFFFFFFFFFFFF693EA4BDFEFFFFFF80
:10157000000000C0FFFFFFFFFFFFFFFFB67AB53D91
:1015800000000000E039C0C11A0400001B04000084
:10159000000000C0000000003C0733C31C04000032
:1015A0001D040000000000C0020000005C64AA42AC
:1015B0001E0400001F040000000000C00100000025
:1015C000B1AFAC442004000021040000000000C0C2
:1015D0000400000018153EBF220400002304000090
:1015E000000000C002000000D2CD23C3240400008C
:1015F00025040000000000C000000000317E784497
:101600002604000027040000000000C0FEFFFFFFCA
:10161000000000C0FFFFFFFFFFFFFFFF1E5D1EBEBB
:1016200001000000B16FD04428040000290400002C
:10163000000000C002000000464686442A04000064
:101640002B040000000000C0020000008C0C494484
:101650002C0400002D040000000000C0FEFFFFFF6E
:10166000000000C0FFFFFFFFFFFFFFFFD50520BE0A
:1016700004000000909920412E0400002F04000077
:10168000000000C004000000F7C8B6C2300400002B
:1016900031040000000000C0010000003CC1F5C39F
:1016A0003204000033040000000000C0FEFFFFFF12
:1016B000000000C0FFFFFFFFFFFFFFFFB039A33BAB
:1016C000FEFFFFFF000000C0FFFFFFFFFFFFFFFF67
:1016D000B9560CBEFEFFFFFF000000C0FFFFFFFF7A
:1016E000FFFFFFFF3A120ABEFEFFFFFF000000C02F
:1016F000FFFFFFFFFFFFFFFF424C823DFEFFFFFFAA
:10170000000000C0FFFFFFFFFFFFFFFFDCFB15BC79
:10171000FEFFFFFF000000C0FFFFFFFFFFFFFFFF16
:1017200017244E3EFEFFFFFF000000C0FFFFFFFF3B
:10173000FFFFFFFF121AF3BDFEFFFFFF000000C016
:10174000FFFFFFFFFFFFFFFFA0C9DA3DFEFFFFFF26
:10175000000000C0FFFFFFFFFFFFFFFF78F9D8BDCB
:10176000FEFFFFFF000000C0FFFFFFFFFFFFFFFFC6
:10177000AC971D3EFEFFFFFF000000C0FFFFFFFF14
:10178000FFFFFFFF00000080FEFFFFFF000000C022
:10179000FFFFFFFFFFFFFFFFBD8C1ABE020000002E
:1017A000E9E6A9C33504000036040000000000C0CB
:1017B000050000000AD38743370400003804000006
:1017C000000000C005000000D8DB2D4339040000F4
:1017D0003A040000000000C000000000780EC2C201
:1017E0003B0400003C040000000000C002000000B8
:1017F00074B335C43D0400003E040000000000C086
:101800000500000064F696C23F040000400400009A
:10181000000000C000000000F01C70C24104000085
:1018200042040000000000C00200000074B307C4BE
:101830004304000044040000000000C00500000054
:1018400072F559434504000046040000000000C042
:10185000FEFFFFFF000000C0FFFFFFFFFFFFFFFFD5
:1018600000000080050000008F5EAA4347040000CE
:1018700048040000000000C0050000003DAE9FC30A
:10188000490400004A040000000000C004000000F9
:10189000E4BA59C24B0400004C040000000000C030
:1018A0000200000046A6AB444D0400004E040000B8
:1018B000000000C0020000002E326B434F04000005
:1018C00050040000000000C0FEFFFFFF000000C049
:1018D000FFFFFFFFFFFFFFFF2AE106BEFEFFFFFF46
:1018E000000000C0FFFFFFFFFFFFFFFF1725783C50
:1018F000FEFFFFFF000000C0FFFFFFFFFFFFFFFF35
:101900005A101BBEFEFFFFFF000000C0FFFFFFFFDD
:10191000FFFFFFFF00000080FEFFFFFF000000C090
:10192000FFFFFFFFFFFFFFFFEC37A33EFEFFFFFFC0
:10193000000000C0FFFFFFFFFFFFFFFF000000806F
:10194000FEFFFFFF000000C0FFFFFFFFFFFFFFFFE4
:10195000E6E029BEFEFFFFFF000000C0FFFFFFFF23
:10196000FFFFFFFF8F2B253EFEFFFFFF000000C0A3
:10197000FFFFFFFFFFFFFFFF6C6DFCBDFEFFFFFFE2
:10198000000000C0FFFFFFFFFFFFFFFF5A2817BC4A
:10199000FEFFFFFF000000C0FFFFFFFFFFFFFFFF94
:1019A00098C9883EFEFFFFFF000000C0FFFFFFFF59
:1019B000FFFFFFFF5A4ED7B9FEFFFFFF000000C038
:1019C000FFFFFFFFFFFFFFFFEB815B3DFEFFFFFF20
:1019D000000000C0FFFFFFFFFFFFFFFF1FE204BE8C
:1019E00001000000C01394C1520400005304000021
:1019F000000000C0010000009E601BC454040000F1
:101A000055040000000000C001000000887D4F4325
:101A10005604000057040000000000C00100000050
:101A20009EE02EC45804000059040000000000C0CD
:101A300005000000751D33425A0400005B040000DD
:101A4000000000C005000000371327425C040000BE
:101A50005D040000000000C001000000C4BEC743D8
:101A60005E0400005F040000000000C0FEFFFFFFF6
:101A7000000000C0FFFFFFFFFFFFFFFF55B615BED0
:101A800005000000751D1E42600400006104000096
:101A9000000000C005000000A68781C162040000AC
:101AA00063040000000000C00500000054288942C3
:101AB0006404000065040000000000C00500000090
:101AC000257C06C26604000067040000000000C018
:101AD00004000000BB5E25C2680400006904000029
:101AE000000000C005000000E55A12426A04000030
:101AF0006B040000000000C0FEFFFFFF000000C0FC
:101B0000FFFFFFFFFFFFFFFFEA941ABEFEFFFFFF8C
:101B1000000000C0FFFFFFFFFFFFFFFF000000808D
:101B2000FEFFFFFF000000C0FFFFFFFFFFFFFFFF02
:101B30003038DFBDFEFFFFFF000000C0FFFFFFFFEA
:101B4000FFFFFFFFCD6B25BDFEFFFFFF000000C0C4
:101B5000FFFFFFFFFFFFFFFF07021D3EFEFFFFFF2E
:101B6000000000C0FFFFFFFFFFFFFFFF398D15BC26
:101B7000FEFFFFFF000000C0FFFFFFFFFFFFFFFFB2
:101B8000383C07BEFEFFFFFF000000C0FFFFFFFF65
:101B9000FFFFFFFFF9EBF7BDFEFFFFFF000000C0F6
:101BA000FFFFFFFFFFFFFFFF1198823DFEFFFFFFDA
:101BB000000000C0FFFFFFFFFFFFFFFFF74D1CBE4F
:101BC000FEFFFFFF000000C0FFFFFFFFFFFFFFFF62
:101BD000579FB3BDFEFFFFFF000000C0FFFFFFFFE8
:101BE000FFFFFFFF442A89BDFEFFFFFF000000C08A
:101BF000FFFFFFFFFFFFFFFF8DAF17BE05000000D7
:101C00002D3C73426D0400006E040000000000C013
:101C100003000000AC92D2406F040000700400008A
:101C2000000000C003000000E8C009C1710400000A
:101C300072040000000000C002000000D2CD31C3D9
:101C40007304000074040000000000C005000000E0
:101C50004CC11A427504000076040000000000C068
:101C600003000000F9CBC6C177040000780400002F
:101C7000000000C0020000001719E74379040000CB
:101C80007A040000000000C000000000627CC14334
:101C90007B0400007C040000000000C00000000085
:101CA000CF4112C47D0400007E040000000000C08B
:101CB000000000009E03D1C37F04000080040000E8
:101CC000000000C000000000780EFAC2810400008D
:101CD00082040000000000C0020000004686C644E6
:101CE0008304000084040000000000C00000000025
:101CF00062FCE4438504000086040000000000C08C
:101D00000500000086A362438704000088040000E9
:101D1000000000C000000000780ED6C28904000058
:101D20008A040000000000C0FEFFFFFF000000C0AA
:101D3000FFFFFFFFFFFFFFFFEB24F93CFEFFFFFF6C
:101D4000000000C0FFFFFFFFFFFFFFFFDB5B643E03
:101D5000FEFFFFFF000000C0FFFFFFFFFFFFFFFFD0
:101D60009990383EFEFFFFFF000000C0FFFFFFFF1D
:101D7000FFFFFFFF4559C2BDFEFFFFFF000000C08F
:101D8000FFFFFFFFFFFFFFFF9313CABDFEFFFFFF33
:101D9000000000C0FFFFFFFFFFFFFFFF43E315BE92
:101DA000FEFFFFFF000000C0FFFFFFFFFFFFFFFF80
:101DB0001F6F003EFEFFFFFF000000C0FFFFFFFFA0
:101DC000FFFFFFFF4266C1BDFEFFFFFF000000C036
:101DD000FFFFFFFFFFFFFFFFAC9324BEFEFFFFFFEF
:101DE000000000C0FFFFFFFFFFFFFFFF00000080BB
:101DF000FEFFFFFF000000C0FFFFFFFFFFFFFFFF30
:101E00007573B4BDFEFFFFFF000000C0FFFFFFFFC2
:101E1000FFFFFFFF793F0B3EFEFFFFFF000000C00A
:101E2000FFFFFFFFFFFFFFFF9176163EFEFFFFFF64
:101E3000000000C0FFFFFFFFFFFFFFFF1EE37EBDAE
:101E4000FEFFFFFF000000C0FFFFFFFFFFFFFFFFDF
:101E50003025023EFEFFFFFF000000C0FFFFFFFF36
:101E6000FFFFFFFFB164A1BD00000000313E5E44F2
:101E70008C0400008D040000000000C00100000080
:101E8000F00481C28E0400008F040000000000C036
:101E900004000000CDBC2B4390040000910400001E
:101EA000000000C00400000068868BC2920400009D
:101EB00093040000000000C0040000009A2929C318
:101EC0009404000095040000000000C0050000001C
:101ED000F51A00C49604000097040000000000C03A
:101EE000050000007ADC52C3980400009904000049
:101EF000000000C005000000257C06C29A04000016
:101F00009B040000000000C00400000065468F42F2
:101F10009C0400009D040000000000C000000000C0
:101F200031FE09449E0400009F040000000000C030
:101F300000000000CFC177C4A0040000A10400008D
:101F4000000000C001000000D8470845A2040000BE
:101F5000A3040000000000C005000000171EF442AA
:101F6000A4040000A5040000000000C00000000060
:101F700018DFC344A6040000A7040000000000C04E
:101F8000FEFFFFFF000000C0FFFFFFFFFFFFFFFF9E
:101F9000EEE3F7BDFEFFFFFF000000C0FFFFFFFF05
:101FA000FFFFFFFF1D5893BDFEFFFFFF000000C0B5
:101FB000FFFFFFFFFFFFFFFF4B2A0F3EFEFFFFFF6C
:101FC000000000C0FFFFFFFFFFFFFFFF944C9BBD21
:101FD000FEFFFFFF000000C0FFFFFFFFFFFFFFFF4E
:101FE00048009F3DFEFFFFFF000000C0FFFFFFFF16
:101FF000FFFFFFFFD5E0FDBCFEFFFFFF000000C0BC
:10200000FFFFFFFFFFFFFFFFF1625E3EFEFFFFFFEE
:10201000000000C0FFFFFFFFFFFFFFFFD649023CAB
:10202000FEFFFFFF000000C0FFFFFFFFFFFFFFFFFD
:1020300017E5E3BDFEFFFFFF000000C0FFFFFFFF4D
:10204000FFFFFFFFCA3BBCBDFEFFFFFF000000C05B
:10205000FFFFFFFFFFFFFFFF00000080FEFFFFFF0D
:10206000000000C0FFFFFFFFFFFFFFFF245E433EB5
:10207000FEFFFFFF000000C0FFFFFFFFFFFFFFFFAD
:1020800000000080FEFFFFFF000000C0FFFFFFFF19
:10209000FFFFFFFF0ED44C3DFEFFFFFF000000C01E
:1020A000FFFFFFFFFFFFFFFFC4FE62BD0100000056
:1020B000887D0143A9040000AA040000000000C0BC
:1020C00004000000859B3543AB040000AC04000015
:1020D000000000C004000000725DE0C2AD0400001A
:1020E000AE040000000000C0050000003DAE9FC32C
:1020F000AF040000B0040000000000C000000000B9
:102100003C076CC3B1040000B2040000000000C032
:1021100005000000EEC1F742B3040000B404000063
:10212000000000C004000000A1306A42B5040000B5
:10213000B6040000000000C000000000747003C579
:10214000B7040000B8040000000000C00400000054
:102150003F2A81C2B9040000BA040000000000C098
:102160000400000033FF1D44BB040000BC04000059
:10217000000000C005000000257C45C2BD04000031
:10218000BE040000000000C000000000313E2544F5
:10219000BF040000C0040000000000C001000000F7
:1021A00062DF4E44C1040000C2040000000000C011
:1021B0000000000088F1A942C3040000C40400002C
:1021C000000000C0050000003F027743C504000086
:1021D000C6040000000000C0FEFFFFFF000000C0BA
:1021E000FFFFFFFFFFFFFFFF00000080FEFFFFFF7C
:1021F000000000C0FFFFFFFFFFFFFFFFE719753E74
:10220000FEFFFFFF000000C0FFFFFFFFFFFFFFFF1B
:10221000E59F20BCFEFFFFFF000000C0FFFFFFFFA7
:10222000FFFFFFFF79AFF9BDFEFFFFFF000000C019
:10223000FFFFFFFFFFFFFFFFB2CC03BEFEFFFFFF6C
:10224000000000C0FFFFFFFFFFFFFFFF23E8433D4B
:10225000FEFFFFFF000000C0FFFFFFFFFFFFFFFFCB
:102260007784F33CFEFFFFFF000000C0FFFFFFFF8D
:10227000FFFFFFFF71DA463EFEFFFFFF000000C0D8
:10228000FFFFFFFFFFFFFFFF5B17433EFEFFFFFF68
:10229000000000C0FFFFFFFFFFFFFFFFA1D073BCE6
:1022A000FEFFFFFF000000C0FFFFFFFFFFFFFFFF7B
:1022B0002F87FCBDFEFFFFFF000000C0FFFFFFFFF8
:1022C000FFFFFFFF190AE53DFEFFFFFF000000C012
:1022D000FFFFFFFFFFFFFFFFFB39BFBDFEFFFFFF5B
:1022E000000000C0FFFFFFFFFFFFFFFF7B634B3CD1
:1022F000FEFFFFFF000000C0FFFFFFFFFFFFFFFF2B
:102300006F46153EFEFFFFFF000000C0FFFFFFFF0E
:10231000FFFFFFFF34E4C8BD020000001719B143FE
:10232000C8040000C9040000000000C00200000052
:10233000483737C2CA040000CB040000000000C0C8
:1023400005000000FF8704C3CC040000CD0400009A
:10235000000000C002000000D2CD76C3CE04000011
:10236000CF040000000000C0040000007FCCA43FA8
:10237000D0040000D1040000000000C0FEFFFFFFF9
:10238000000000C0FFFFFFFFFFFFFFFF314E24BE34
:10239000020000008C4C4C44D2040000D304000026
:1023A000000000C0FEFFFFFF000000C0FFFFFFFFB6
:1023B000FFFFFFFF4B9C1DBE030000003BC1A7C3F6
:1023C000D4040000D5040000000000C00300000099
:1023D000428F44C3D6040000D7040000000000C0B0
:1023E0000300000041A44E42D8040000D9040000BC
:1023F000000000C003000000DB3D1542DA040000CD
:10240000DB040000000000C005000000C4ED6C43C8
:10241000DC040000DD040000000000C0FEFFFFFF40
:10242000000000C0FFFFFFFFFFFFFFFF0000008074
:10243000FEFFFFFF000000C0FFFFFFFFFFFFFFFFE9
:102440001D13EABDFEFFFFFF000000C0FFFFFFFFFE
:10245000FFFFFFFF3A0A2C3DFEFFFFFF000000C018
:10246000FFFFFFFFFFFFFFFF939DE6BDFEFFFFFFA6
:10247000000000C0FFFFFFFFFFFFFFFF5655B7BC86
:10248000FEFFFFFF000000C0FFFFFFFFFFFFFFFF99
:102490003C932D3EFEFFFFFF000000C0FFFFFFFF4B
:1024A000FFFFFFFF3B58A33AFEFFFFFF000000C005
:1024B000FFFFFFFFFFFFFFFF204E023EFEFFFFFF7B
:1024C000000000C0FFFFFFFFFFFFFFFFB587173EC3
:1024D000FEFFFFFF000000C0FFFFFFFFFFFFFFFF49
:1024E0003F6329BD02000000E9E69CC3DF04000051
:1024F000E0040000000000C005000000C4ED6C43D3
:10250000E1040000E2040000000000C0050000003B
:1025100020FD0E43E3040000E4040000000000C0BE
:1025200000000000780EC2C2E5040000E6040000CE
:10253000000000C00200000074B335C4E7040000CE
:10254000E8040000000000C00500000064F696C228
:10255000E9040000EA040000000000C000000000E0
:102560003C0764C3EB040000EC040000000000C062
:1025700002000000747301C4ED040000EE040000CA
:10258000000000C00100000062DF3D44EF040000D5
:10259000F0040000000000C0FEFFFFFF000000C0CC
:1025A000FFFFFFFFFFFFFFFF0000008001000000B2
:1025B000621F0144F1040000F2040000000000C0AA
:1025C000020000008C0C0B44F3040000F404000033
:1025D000000000C0010000003C41DDC3F504000024
:1025E000F6040000000000C00200000046E6D544EA
:1025F000F7040000F8040000000000C00100000023
:10260000788243C3F9040000FA040000000000C00F
:10261000FEFFFFFF000000C0FFFFFFFFFFFFFFFF07
:10262000C57DFABDFEFFFFFF000000C0FFFFFFFFFA
:10263000FFFFFFFF00000080FEFFFFFF000000C063
:10264000FFFFFFFFFFFFFFFF54D01DBEFEFFFFFF98
:10265000000000C0FFFFFFFFFFFFFFFF50FF44BD72
:10266000FEFFFFFF000000C0FFFFFFFFFFFFFFFFB7
:1026700000000080FEFFFFFF000000C0FFFFFFFF23
:10268000FFFFFFFF2185773EFEFFFFFF000000C038
:10269000FFFFFFFFFFFFFFFF0B791E3EFEFFFFFF67
:1026A000000000C0FFFFFFFFFFFFFFFF4A4886BD9D
:1026B000FEFFFFFF000000C0FFFFFFFFFFFFFFFF67
:1026C0007869E13DFEFFFFFF000000C0FFFFFFFF54
:1026D000FFFFFFFFEAFA88BDFEFFFFFF000000C01A
:1026E000FFFFFFFFFFFFFFFF30C6803EFEFFFFFF43
:1026F000000000C0FFFFFFFFFFFFFFFF00000080A2
:10270000FEFFFFFF000000C0FFFFFFFFFFFFFFFF16
:10271000932E683EFEFFFFFF000000C0FFFFFFFF9B
:10272000FFFFFFFF3E1710BD00000000E039C0C1F1
:10273000FC040000FD040000000000C002000000D6
:1027400048370BC2FE040000FF040000000000C078
:102750000000000088F1E5420005000001050000CE
:10276000000000C002000000E9E6A9C30205000065
:1027700003050000000000C00400000017EE02C2C4
:102780000405000005050000000000C00200000074
:10279000B8C844420605000007050000000000C05C
:1027A00000000000C4F845430805000009050000CA
:1027B000000000C0FEFFFFFF000000C0FFFFFFFFA2
:1027C000FFFFFFFFD0DA1CBE000000003C0767C31C
:1027D0000A0500000B050000000000C00400000016
:1027E000ED71CEC20C0500000D050000000000C018
:1027F0000300000050EB9DC20E0500000F05000015
:10280000000000C003000000197338C31005000069
:1028100011050000000000C0040000009099044170
:102820001205000013050000000000C003000000B6
:10283000BCAF6F411405000015050000000000C08A
:10284000FEFFFFFF000000C0FFFFFFFFFFFFFFFFD5
:1028500062121ABEFEFFFFFF000000C0FFFFFFFF75
:10286000FFFFFFFF00000080FEFFFFFF000000C031
:10287000FFFFFFFFFFFFFFFF7FD3CEBDFEFFFFFF88
:10288000000000C0FFFFFFFFFFFFFFFFB2280BBEED
:10289000FEFFFFFF000000C0FFFFFFFFFFFFFFFF85
:1028A0004E29373CFEFFFFFF000000C0FFFFFFFF87
:1028B000FFFFFFFFF80C7BBCFEFFFFFF000000C026
:1028C000FFFFFFFFFFFFFFFF30AA173EFEFFFFFFE6
:1028D000000000C0FFFFFFFFFFFFFFFF00000080C0
:1028E000FEFFFFFF000000C0FFFFFFFFFFFFFFFF35
:1028F000212702BEFEFFFFFF000000C0FFFFFFFF19
:10290000FFFFFFFF379B0C3CFEFFFFFF000000C0F6
:10291000FFFFFFFFFFFFFFFF5603C6BDFEFFFFFFE8
:10292000000000C0FFFFFFFFFFFFFFFF3A7C80BDFC
:10293000FEFFFFFF000000C0FFFFFFFFFFFFFFFFE4
:10294000C3FE17BE020000002E327D4317050000B3
:1029500018050000000000C002000000BA39F8C4E9
:10296000190500001A050000000000C00100000069
:10297000C43ED0431B0500001C050000000000C041
:10298000030000000F5C71C31D0500001E05000060
:10299000000000C005000000179EC6421F05000091
:1029A00020050000000000C003000000E463AD4308
:1029B0002105000022050000000000C00500000005
:1029C0003EA695432305000024050000000000C03A
:1029D000FEFFFFFF000000C0FFFFFFFFFFFFFFFF44
:1029E000000000800500000072F559432505000035
:1029F00026050000000000C00300000096F6E84134
:102A00002705000028050000000000C003000000AA
:102A10001CE2FA41290500002A050000000000C060
:102A2000050000009E794B422B0500002C0500009C
:102A3000000000C0050000007C0C52432D05000082
:102A40002E050000000000C0020000001719884396
:102A50002F05000030050000000000C0030000004A
:102A6000241720433105000032050000000000C09B
:102A7000FEFFFFFF000000C0FFFFFFFFFFFFFFFFA3
:102A800016871CBEFEFFFFFF000000C0FFFFFFFF18
:102A9000FFFFFFFF00000080FEFFFFFF000000C0FF
:102AA000FFFFFFFFFFFFFFFF216E4D3DFEFFFFFF1A
:102AB000000000C0FFFFFFFFFFFFFFFF48C371BD25
:102AC000FEFFFFFF000000C0FFFFFFFFFFFFFFFF53
:102AD000CAF405BEFEFFFFFF000000C0FFFFFFFFBE
:102AE000FFFFFFFF9A500F3EFEFFFFFF000000C0F8
:102AF000FFFFFFFFFFFFFFFF12975BBDFEFFFFFF22
:102B0000000000C0FFFFFFFFFFFFFFFF044FD53AAB
:102B1000FEFFFFFF000000C0FFFFFFFFFFFFFFFF02
:102B200000000080FEFFFFFF000000C0FFFFFFFF6E
:102B3000FFFFFFFFBE25183FFEFFFFFF000000C0A4
:102B4000FFFFFFFFFFFFFFFF00000080FEFFFFFF12
:102B5000000000C0FFFFFFFFFFFFFFFF76C40ABEBB
:102B6000FEFFFFFF000000C0FFFFFFFFFFFFFFFFB2
:102B7000C90C79BCFEFFFFFF000000C0FFFFFFFF94
:102B8000FFFFFFFF194AE23E00000000313E6544AE
:102B90003405000035050000000000C00100000001
:102BA000887D0B433605000037050000000000C09B
:102BB000040000002A3342413805000039050000B6
:102BC000000000C004000000A44036C33A05000025
:102BD0003B050000000000C000000000CFC177C42A
:102BE0003C0500003D050000000000C0050000009D
:102BF000CF3CE0423E0500003F050000000000C061
:102C00000500000019DC3FC140050000410500003F
:102C1000000000C000000000780EFAC2420500006B
:102C200043050000000000C0010000009E6006C4D3
:102C30004405000045050000000000C0040000003D
:102C4000475992434605000047050000000000C0B8
:102C50000500000014F2ACC348050000490500005F
:102C6000000000C00500000033B7C9C34A050000DA
:102C70004B050000000000C001000000788221C365
:102C80004C0500004D050000000000C004000000DD
:102C90006F9DE7424E0500004F050000000000C098
:102CA000010000004F708BC450050000510500006A
:102CB000000000C0FEFFFFFF000000C0FFFFFFFF9D
:102CC000FFFFFFFF3FAF2C3EFEFFFFFF000000C0F5
:102CD000FFFFFFFFFFFFFFFF8708853DFEFFFFFFB0
:102CE000000000C0FFFFFFFFFFFFFFFF9DA2473D69
:102CF000FEFFFFFF000000C0FFFFFFFFFFFFFFFF21
:102D0000AF8B03BDFEFFFFFF000000C0FFFFFFFF12
:102D1000FFFFFFFFD36A093EFEFFFFFF000000C078
:102D2000FFFFFFFFFFFFFFFF3E1F6FBDFEFFFFFF27
:102D3000000000C0FFFFFFFFFFFFFFFFD8F8EB3DE3
:102D4000FEFFFFFF000000C0FFFFFFFFFFFFFFFFD0
:102D5000A8CEE6BDFEFFFFFF000000C0FFFFFFFFA3
:102D6000FFFFFFFF00000080FEFFFFFF000000C02C
:102D7000FFFFFFFFFFFFFFFF86B8443EFEFFFFFFA0
:102D8000000000C0FFFFFFFFFFFFFFFFC1EDB33DED
:102D9000FEFFFFFF000000C0FFFFFFFFFFFFFFFF80
:102DA000742510BDFEFFFFFF000000C0FFFFFFFF06
:102DB000FFFFFFFFA1A61F3EFEFFFFFF000000C0B8
:102DC000FFFFFFFFFFFFFFFF8D3D29BBFEFFFFFF62
:102DD000000000C0FFFFFFFFFFFFFFFF00000080BB
:102DE000FEFFFFFF000000C0FFFFFFFFFFFFFFFF30
:102DF000345EF4BD01000000887D234353050000CC
:102E000054050000000000C004000000B96E7AC341
:102E10005505000056050000000000C00400000039
:102E2000EDF184C25705000058050000000000C005
:102E300005000000CF3CB642590500005A050000CD
:102E4000000000C004000000F408B0425B05000070
:102E50005C050000000000C005000000EEC1F74264
:102E60005D0500005E050000000000C004000000D9
:102E7000A1306A425F05000060050000000000C04C
:102E8000000000003C072DC3610500006205000042
:102E9000000000C0010000009EA01FC463050000E8
:102EA00064050000000000C005000000CD9080C354
:102EB0006505000066050000000000C0000000007D
:102EC0003C0727C36705000068050000000000C03C
:102ED00005000000123EB3C2690500006A0500004B
:102EE000000000C001000000B1AFA4446B05000069
:102EF0006C050000000000C00000000062FCD5432B
:102F00006D0500006E050000000000C00500000017
:102F100033B7C9C36F05000070050000000000C092
:102F2000FEFFFFFF000000C0FFFFFFFFFFFFFFFFEE
:102F30008E2CCB39FEFFFFFF000000C0FFFFFFFF1C
:102F4000FFFFFFFFBF145E3EFEFFFFFF000000C05B
:102F5000FFFFFFFFFFFFFFFF2C33A53DFEFFFFFF3D
:102F6000000000C0FFFFFFFFFFFFFFFF5EBBDCBDF7
:102F7000FEFFFFFF000000C0FFFFFFFFFFFFFFFF9E
:102F80001472433EFEFFFFFF000000C0FFFFFFFF83
:102F9000FFFFFFFF5857A7BDFEFFFFFF000000C067
:102FA000FFFFFFFFFFFFFFFFBA0AA0BDFEFFFFFF0D
:102FB000000000C0FFFFFFFFFFFFFFFFAF8AA53D3E
:102FC000FEFFFFFF000000C0FFFFFFFFFFFFFFFF4E
:102FD00000000080FEFFFFFF000000C0FFFFFFFFBA
:102FE000FFFFFFFF6B0F2A3EFEFFFFFF000000C048
:102FF000FFFFFFFFFFFFFFFF4038AFBDFEFFFFFFFA
:10300000000000C0FFFFFFFFFFFFFFFF82800D3EBB
:10301000FEFFFFFF000000C0FFFFFFFFFFFFFFFFFD
:1030200058F59DBDFEFFFFFF000000C0FFFFFFFF42
:10303000FFFFFFFFE612503DFEFFFFFF000000C054
:10304000FFFFFFFFFFFFFFFF46466A3EFEFFFFFF59
:10305000000000C0FFFFFFFFFFFFFFFF7362803D26
:1030600000000000780E90C2720500007305000099
:10307000000000C0000000003C0727C374050000EA
:1030800075050000000000C0020000002E324B4316
:103090007605000077050000000000C00100000078
:1030A000621F6A447805000079050000000000C036
:1030B000020000008C4C32447A0500007B050000C1
:1030C000000000C002000000D2CD31C37C0500002A
:1030D0007D050000000000C00500000028E40EC3CC
:1030E0007E0500007F050000000000C0FEFFFFFF1E
:1030F000000000C0FFFFFFFFFFFFFFFFDBE217BE86
:10310000050000005E7F94428005000081050000FC
:10311000000000C00100000062DF2A4482050000B8
:1031200083050000000000C005000000321CE741DC
:103130008405000085050000000000C0FEFFFFFFC1
:10314000000000C0FFFFFFFFFFFFFFFF5A5719BE3F
:1031500001000000629F774486050000870500009B
:10316000000000C005000000F57013C388050000D2
:1031700089050000000000C0010000003CC192C3AE
:103180008A0500008B050000000000C0FEFFFFFF65
:10319000000000C0FFFFFFFFFFFFFFFF5D0112BE49
:1031A000FEFFFFFF000000C0FFFFFFFFFFFFFFFF6C
:1031B000CDCFCCBCFEFFFFFF000000C0FFFFFFFF34
:1031C000FFFFFFFF05C804BEFEFFFFFF000000C0B9
:1031D000FFFFFFFFFFFFFFFF056F413CFEFFFFFF0B
:1031E000000000C0FFFFFFFFFFFFFFFF00000080A7
:1031F000FEFFFFFF000000C0FFFFFFFFFFFFFFFF1C
:103200002FDC323EFEFFFFFF000000C0FFFFFFFF8C
:10321000FFFFFFFFD6A49ABDFEFFFFFF000000C026
:10322000FFFFFFFFFFFFFFFFBF81E23DFEFFFFFF4C
:10323000000000C0FFFFFFFFFFFFFFFFF38736BE68
:10324000FEFFFFFF000000C0FFFFFFFFFFFFFFFFCB
:1032500000000080FEFFFFFF000000C0FFFFFFFF37
:10326000FFFFFFFF4006013DFEFFFFFF000000C023
:10327000FFFFFFFFFFFFFFFFB0A0123E02000000B4
:10328000E96695C38D0500008E050000000000C0B2
:1032900000000000C07350C18F05000090050000C1
:1032A000000000C000000000627CD24391050000D5
:1032B00092050000000000C001000000788272C387
:1032C0009305000094050000000000C0010000000C
:1032D000621F1D449505000096050000000000C017
:1032E000020000008C0C08449705000098050000BF
:1032F000000000C0010000003C41B6C39905000079
:103300009A050000000000C0FEFFFFFF000000C0A3
:10331000FFFFFFFFFFFFFFFF96C318BE0300000083
:10332000622102439B0500009C050000000000C0D4
:1033300003000000F20110449D0500009E050000FE
:10334000000000C00000000031BE1A449F050000CC
:10335000A0050000000000C003000000365C8143AF
:10336000A1050000A2050000000000C00000000050
:103370009E03D7C3A3050000A4050000000000C001
:10338000020000008C0C3044A5050000A6050000DA
:10339000000000C0FEFFFFFF000000C0FFFFFFFFB6
:1033A000FFFFFFFF70360FBEFEFFFFFF000000C0F3
:1033B000FFFFFFFFFFFFFFFFE3AD0B3DFEFFFFFF42
:1033C000000000C0FFFFFFFFFFFFFFFF6B0DEEBD22
:1033D000FEFFFFFF000000C0FFFFFFFFFFFFFFFF3A
:1033E0007EC817BEFEFFFFFF000000C0FFFFFFFF0B
:1033F000FFFFFFFF00000080FEFFFFFF000000C096
:10340000FFFFFFFFFFFFFFFFED41F33CFEFFFFFF6C
:10341000000000C0FFFFFFFFFFFFFFFFAE22DBBD8C
:10342000FEFFFFFF000000C0FFFFFFFFFFFFFFFFE9
:10343000115C853DFEFFFFFF000000C0FFFFFFFFA6
:10344000FFFFFFFF7EE402BEFEFFFFFF000000C0A3
:10345000FFFFFFFFFFFFFFFFFCC3D83DFEFFFFFFA5
:10346000000000C0FFFFFFFFFFFFFFFFDC7882BD11
:10347000FEFFFFFF000000C0FFFFFFFFFFFFFFFF99
:1034800050071F3EFEFFFFFF000000C0FFFFFFFFD1
:10349000FFFFFFFF74E110BE00000000E039C0C173
:1034A000A8050000A9050000000000C005000000FC
:1034B000DB835742AA050000AB050000000000C0F6
:1034C0000000000088F1E542AC050000AD050000F9
:1034D000000000C00500000064F696C2AE050000C2
:1034E000AF050000000000C00500000054A8E7423E
:1034F000B0050000B1050000000000C0040000009D
:103500002C9C66C2B2050000B3050000000000C09C
:10351000FEFFFFFF000000C0FFFFFFFFFFFFFFFFF8
:10352000A82C0FBE05000000FE0FA0C2B4050000CD
:10353000B5050000000000C00400000001A0DAC2D0
:10354000B6050000B7050000000000C00400000040
:103550004981AFC2B8050000B9050000000000C0F5
:10356000FEFFFFFF000000C0FFFFFFFFFFFFFFFFA8
:1035700064231DBEFEFFFFFF000000C0FFFFFFFF32
:10358000FFFFFFFF4B7203BE04000000C84C9641D2
:10359000BA050000BB050000000000C0FEFFFFFFF1
:1035A000000000C0FFFFFFFFFFFFFFFFAD4C17BE95
:1035B000FEFFFFFF000000C0FFFFFFFFFFFFFFFF58
:1035C00000000080FEFFFFFF000000C0FFFFFFFFC4
:1035D000FFFFFFFFCA22BDBDFEFFFFFF000000C0CE
:1035E000FFFFFFFFFFFFFFFFA74E023EFEFFFFFFB3
:1035F000000000C0FFFFFFFFFFFFFFFFC73811BE45
:10360000FEFFFFFF000000C0FFFFFFFFFFFFFFFF07
:10361000484913BDFEFFFFFF000000C0FFFFFFFF92
:10362000FFFFFFFFB384333CFEFFFFFF000000C03D
:10363000FFFFFFFFFFFFFFFF1BC2D5BD0200000021
:103640001799A143BD050000BE050000000000C0A1
:103650000400000071CD72C3BF050000C00500006A
:10366000000000C004000000610FF5C1C1050000AA
:10367000C2050000000000C00300000068B3E7427C
:10368000C3050000C4050000000000C002000000E7
:10369000BA39F8C4C5050000C6050000000000C026
:1036A0000100000020F63542C7050000C8050000F3
:1036B000000000C0030000005AC2EBC2C9050000B0
:1036C000CA050000000000C003000000428F59C37B
:1036D000CB050000CC050000000000C00100000088
:1036E000887D6043CD050000CE050000000000C0CD
:1036F000030000000F5C71C3CF050000D00500007F
:10370000000000C00400000047599243D1050000AA
:10371000D2050000000000C003000000D6D693C20E
:10372000D3050000D4050000000000C00300000025
:10373000D15111C3D5050000D6050000000000C01E
:1037400001000000887D5543D7050000D805000022
:10375000000000C003000000E463AD43D905000091
:10376000DA050000000000C0FEFFFFFF000000C0FF
:10377000FFFFFFFFFFFFFFFF00000080FEFFFFFFD6
:10378000000000C0FFFFFFFFFFFFFFFF3B811EBEE9
:10379000FEFFFFFF000000C0FFFFFFFFFFFFFFFF76
:1037A00083E5363EFEFFFFFF000000C0FFFFFFFF86
:1037B000FFFFFFFFEE3E9BBDFEFFFFFF000000C0CE
:1037C000FFFFFFFFFFFFFFFF045AC63BFEFFFFFFA7
:1037D000000000C0FFFFFFFFFFFFFFFF4B6415BEAF
:1037E000FEFFFFFF000000C0FFFFFFFFFFFFFFFF26
:1037F0006AA0CC3CFEFFFFFF000000C0FFFFFFFF00
:10380000FFFFFFFF4C23253EFEFFFFFF000000C02F
:10381000FFFFFFFFFFFFFFFF3A0C84BDFEFFFFFF2E
:10382000000000C0FFFFFFFFFFFFFFFFA357073EA1
:10383000FEFFFFFF000000C0FFFFFFFFFFFFFFFFD5
:103840008BAD4C3EFEFFFFFF000000C0FFFFFFFFFF
:10385000FFFFFFFF5780ADBDFEFFFFFF000000C070
:10386000FFFFFFFFFFFFFFFFE0F04A3DFEFFFFFF0E
:10387000000000C0FFFFFFFFFFFFFFFF65C3E3BDC8
:10388000FEFFFFFF000000C0FFFFFFFFFFFFFFFF85
:10389000C23AFCBDFEFFFFFF000000C0FFFFFFFFBC
:1038A000FFFFFFFF678A123E02000000483737C261
:1038B000DC050000DD050000000000C00000000085
:1038C00062FC9C43DE050000DF050000000000C034
:1038D0000000000031FE3744E0050000E105000073
:1038E000000000C002000000E9E688C3E205000015
:1038F000E3050000000000C004000000DCFA89417C
:10390000E4050000E5050000000000C00300000021
:10391000B25E04C4E6050000E7050000000000C038
:1039200004000000F610ABC3E8050000E905000044
:10393000000000C00400000047516343EA05000096
:10394000EB050000000000C00400000015FE18C3D5
:10395000EC050000ED050000000000C003000000C1
:10396000A713A4C1EE050000EF050000000000C091
:10397000030000002D5347C4F0050000F1050000CE
:10398000000000C0000000009E03D7C3F205000045
:10399000F3050000000000C0020000004686C64497
:1039A000F4050000F5050000000000C0FEFFFFFF69
:1039B000000000C0FFFFFFFFFFFFFFFF00000080CF
:1039C000030000002D5347C4F6050000F705000072
:1039D000000000C0FEFFFFFF000000C0FFFFFFFF70
:1039E000FFFFFFFF1EB52B3EFEFFFFFF000000C0E4
:1039F000FFFFFFFFFFFFFFFF9E5B3F3DFEFFFFFF5F
:103A0000000000C0FFFFFFFFFFFFFFFF9BD9D7BDF6
:103A1000FEFFFFFF000000C0FFFFFFFFFFFFFFFFF3
:103A2000F3CA95BBFEFFFFFF000000C0FFFFFFFFD2
:103A3000FFFFFFFF058A693EFEFFFFFF000000C099
:103A4000FFFFFFFFFFFFFFFFAAFD93BCFEFFFFFF8D
:103A5000000000C0FFFFFFFFFFFFFFFF77726C3E1B
:103A6000FEFFFFFF000000C0FFFFFFFFFFFFFFFFA3
:103A700062BC00BEFEFFFFFF000000C0FFFFFFFFB3
:103A8000FFFFFFFF00000080FEFFFFFF000000C0FF
:103A9000FFFFFFFFFFFFFFFF4AE9A93EFEFFFFFF19
:103AA000000000C0FFFFFFFFFFFFFFFFD82016BE92
:103AB000FEFFFFFF000000C0FFFFFFFFFFFFFFFF53
:103AC00079CE03BCFEFFFFFF000000C0FFFFFFFF39
:103AD000FFFFFFFF00000080FEFFFFFF000000C0AF
:103AE000FFFFFFFFFFFFFFFF3FFF103E040000004E
:103AF0000A6739C3F9050000FA050000000000C09C
:103B000005000000171ECA42FB050000FC0500006E
:103B1000000000C00500000033B7C9C3FD05000068
:103B2000FE050000000000C003000000555B9DC1C1
:103B3000FF05000000060000000000C003000000B8
:103B40004057AC420106000002060000000000C021
:103B5000040000008F3277430306000004060000D3
:103B6000000000C0040000007ACCFD430506000000
:103B700006060000000000C005000000751D33426D
:103B80000706000008060000000000C0000000005A
:103B9000313E5E44090600000A060000000000C035
:103BA000030000004068B33E0B0600000C06000056
:103BB000000000C000000000E86092C40D06000094
:103BC0000E060000000000C000000000749010C548
:103BD0000F06000010060000000000C003000000F7
:103BE0004CE679C31106000012060000000000C078
:103BF00005000000E49194C11306000014060000C3
:103C0000000000C005000000656E17C31506000027
:103C100016060000000000C0FEFFFFFF000000C00D
:103C2000FFFFFFFFFFFFFFFF0AF7EF3DFEFFFFFF74
:103C3000000000C0FFFFFFFFFFFFFFFF08641BBD88
:103C4000FEFFFFFF000000C0FFFFFFFFFFFFFFFFC1
:103C5000AFD73E3EFEFFFFFF000000C0FFFFFFFFAB
:103C6000FFFFFFFF470B11BCFEFFFFFF000000C07E
:103C7000FFFFFFFFFFFFFFFF94C3E3BDFEFFFFFF5A
:103C8000000000C0FFFFFFFFFFFFFFFF2F98D73CA2
:103C9000FEFFFFFF000000C0FFFFFFFFFFFFFFFF71
:103CA00000000080FEFFFFFF000000C0FFFFFFFFDD
:103CB000FFFFFFFFB5FA1ABEFEFFFFFF000000C0C6
:103CC000FFFFFFFFFFFFFFFF00000080FEFFFFFF81
:103CD000000000C0FFFFFFFFFFFFFFFF49F3683E4A
:103CE000FEFFFFFF000000C0FFFFFFFFFFFFFFFF21
:103CF000EE874BBCFEFFFFFF000000C0FFFFFFFF91
:103D0000FFFFFFFF1CF82D3EFEFFFFFF000000C07D
:103D1000FFFFFFFFFFFFFFFFACC6B8BDFEFFFFFFC9
:103D2000000000C0FFFFFFFFFFFFFFFF759D9239FE
:103D3000FEFFFFFF000000C0FFFFFFFFFFFFFFFFD0
:103D40003581B43CFEFFFFFF000000C0FFFFFFFF16
:103D5000FFFFFFFF89F04F3E00000000780E9CC27D
:103D60001806000019060000000000C00000000056
:103D70003C0738C31A0600001B060000000000C004
:103D8000020000005C64AA421C0600001D06000040
:103D9000000000C0FEFFFFFF000000C0FFFFFFFFAC
:103DA000FFFFFFFFA1970EBE020000008C0C4944EC
:103DB0001E0600001F060000000000C002000000F8
:103DC000D2CD76C32006000021060000000000C00E
:103DD000050000006476F5C22206000023060000FC
:103DE000000000C003000000C73A0BC32406000017
:103DF00025060000000000C0050000007C2B8CC1DF
:103E00002606000027060000000000C0FEFFFFFF9E
:103E1000000000C0FFFFFFFFFFFFFFFF9DC21BBEB2
:103E2000030000007F5952C3280600002906000045
:103E3000000000C0FEFFFFFF000000C0FFFFFFFF0B
:103E4000FFFFFFFFAFC216BE03000000A8752DC321
:103E50002A0600002B060000000000C0FEFFFFFF46
:103E6000000000C0FFFFFFFFFFFFFFFF000000801A
:103E7000FEFFFFFF000000C0FFFFFFFFFFFFFFFF8F
:103E8000DBCCDFBDFEFFFFFF000000C0FFFFFFFF38
:103E9000FFFFFFFF00000080FEFFFFFF000000C0EB
:103EA000FFFFFFFFFFFFFFFF392EDD3DFEFFFFFF9E
:103EB000000000C0FFFFFFFFFFFFFFFF1FDED43D3C
:103EC000FEFFFFFF000000C0FFFFFFFFFFFFFFFF3F
:103ED0001B81A7BDFEFFFFFF000000C0FFFFFFFF2B
:103EE000FFFFFFFF4A6F363EFEFFFFFF000000C0EE
:103EF000FFFFFFFFFFFFFFFF4B6D9D3D0200000036
:103F0000E9E6B4C32D0600002E060000000000C044
:103F1000050000000AD387432F060000300600008A
:103F2000000000C0050000009B1120433106000086
:103F300032060000000000C000000000C07350C145
:103F40003306000034060000000000C0020000003C
:103F5000747351C43506000036060000000000C02E
:103F60000500000006F72DC23706000038060000E5
:103F7000000000C000000000C07350C139060000FE
:103F80003A060000000000C00100000078824BC328
:103F90003B0600003C060000000000C005000000D9
:103FA000C4ED6C433D0600003E060000000000C06A
:103FB000FEFFFFFF000000C0FFFFFFFFFFFFFFFF4E
:103FC0000000008000000000C4F818433F06000015
:103FD00040060000000000C0020000001719E7437F
:103FE0004106000042060000000000C00100000081
:103FF0009E6003C44306000044060000000000C0A9
:104000000200000046A6AB4445060000460600003C
:10401000000000C0020000002E325A434706000094
:1040200048060000000000C0FEFFFFFF000000C0C7
:10403000FFFFFFFFFFFFFFFFE77613BEFEFFFFFF5F
:10404000000000C0FFFFFFFFFFFFFFFF7E141CBD4D
:10405000FEFFFFFF000000C0FFFFFFFFFFFFFFFFAD
:104060003A0B15BEFEFFFFFF000000C0FFFFFFFF81
:10407000FFFFFFFF00000080FEFFFFFF000000C009
:10408000FFFFFFFFFFFFFFFFE4E92F3EFEFFFFFF03
:10409000000000C0FFFFFFFFFFFFFFFF00000080E8
:1040A000FEFFFFFF000000C0FFFFFFFFFFFFFFFF5D
:1040B00007CFFC3DFEFFFFFF000000C0FFFFFFFF3A
:1040C000FFFFFFFF0F602DBDFEFFFFFF000000C0E0
:1040D000FFFFFFFFFFFFFFFF8B57FE3DFEFFFFFFD0
:1040E000000000C0FFFFFFFFFFFFFFFFA8778CBDB0
:1040F000FEFFFFFF000000C0FFFFFFFFFFFFFFFF0D
:1041000062D1403EFEFFFFFF000000C0FFFFFFFF47
:10411000FFFFFFFF00000080FEFFFFFF000000C068
:10412000FFFFFFFFFFFFFFFFC276493DFEFFFFFFDE
:10413000000000C0FFFFFFFFFFFFFFFFA8A40ABEB3
:1041400002000000D2CD23C34A0600004B06000047
:10415000000000C002000000E9E6A9C34C06000010
:104160004D060000000000C00500000069568042B6
:104170004E0600004F060000000000C0FEFFFFFFDB
:10418000000000C0FFFFFFFFFFFFFFFF0EA81BBEE8
:10419000030000008BBD18435006000051060000CC
:1041A000000000C00500000016C5ADC152060000A9
:1041B00053060000000000C00500000054A8E742BC
:1041C0005406000055060000000000C00500000075
:1041D00006A95F415606000057060000000000C017
:1041E00004000000E31ABCC2580600005906000093
:1041F000000000C0050000008DD2ABC25A060000CE
:104200005B060000000000C0020000008C8C5B44D4
:104210005C0600005D060000000000C00200000017
:104220001799A1435E0600005F060000000000C071
:10423000FEFFFFFF000000C0FFFFFFFFFFFFFFFFCB
:10424000054E1CBEFEFFFFFF000000C0FFFFFFFF8A
:10425000FFFFFFFF8785FFBCFEFFFFFF000000C0E0
:10426000FFFFFFFFFFFFFFFF759B16BEFEFFFFFF77
:10427000000000C0FFFFFFFFFFFFFFFFDC409D3E8F
:10428000FEFFFFFF000000C0FFFFFFFFFFFFFFFF7B
:1042900000000080FEFFFFFF000000C0FFFFFFFFE7
:1042A000FFFFFFFFD21713BEFEFFFFFF000000C09D
:1042B000FFFFFFFFFFFFFFFF69B79DBCFEFFFFFF92
:1042C000000000C0FFFFFFFFFFFFFFFF5419D13DBB
:1042D000FEFFFFFF000000C0FFFFFFFFFFFFFFFF2B
:1042E000E43E19BEFEFFFFFF000000C0FFFFFFFF1E
:1042F000FFFFFFFF65F594BCFEFFFFFF000000C05D
:10430000FFFFFFFFFFFFFFFF415611BE000000004F
:1043100031BE01446106000062060000000000C0DA
:104320000000000010E33B4263060000640600004A
:10433000000000C002000000E966C0C3650600007E
:1043400066060000000000C003000000BDA308C313
:104350006706000068060000000000C004000000BE
:10436000E31AE6C2690600006A060000000000C009
:1043700003000000194860426B0600006C06000054
:10438000000000C00300000074C6C9436D060000B1
:104390006E060000000000C00200000046269E4499
:1043A0006F06000070060000000000C0040000005E
:1043B000920214C27106000072060000000000C0E4
:1043C000030000000CA48142730600007406000084
:1043D000000000C0040000004711114375060000F2
:1043E00076060000000000C003000000B25E04C4B6
:1043F0007706000078060000000000C004000000FE
:104400002C9C66C2790600007A060000000000C0FD
:10441000FEFFFFFF000000C0FFFFFFFFFFFFFFFFE9
:1044200032711BBE0000000031FE51447B060000CB
:104430007C060000000000C0FEFFFFFF000000C07F
:10444000FFFFFFFFFFFFFFFF4BCE0F3EFEFFFFFF13
:10445000000000C0FFFFFFFFFFFFFFFF903B11BE0A
:10446000FEFFFFFF000000C0FFFFFFFFFFFFFFFF99
:10447000F11A363DFEFFFFFF000000C0FFFFFFFF07
:10448000FFFFFFFF152051BDFEFFFFFF000000C032
:10449000FFFFFFFFFFFFFFFFCFE9E7BDFEFFFFFFCD
:1044A000000000C0FFFFFFFFFFFFFFFFDEFAFF3D40
:1044B000FEFFFFFF000000C0FFFFFFFFFFFFFFFF49
:1044C00041E2F8BDFEFFFFFF000000C0FFFFFFFF5D
:1044D000FFFFFFFF6D5EA93CFEFFFFFF000000C075
:1044E000FFFFFFFFFFFFFFFF6E319CBCFEFFFFFFE2
:1044F000000000C0FFFFFFFFFFFFFFFF89A8423E53
:10450000FEFFFFFF000000C0FFFFFFFFFFFFFFFFF8
:10451000B91CCB3DFEFFFFFF000000C0FFFFFFFF07
:10452000FFFFFFFF0D8F9DBDFEFFFFFF000000C0DE
:10453000FFFFFFFFFFFFFFFF19DF513EFEFFFFFF01
:10454000000000C0FFFFFFFFFFFFFFFF0000008033
:104550000200000020DD3CC17E0600007F06000056
:10456000000000C000000000627C9A43800600004A
:1045700081060000000000C00000000031FE37444A
:104580008206000083060000000000C00200000058
:10459000E9E6C5C38406000085060000000000C0EF
:1045A0000400000088475D40860600008706000082
:1045B000000000C005000000F53077C38806000049
:1045C00089060000000000C0050000000270DD4206
:1045D0008A0600008B060000000000C004000000F6
:1045E000A38887438C0600008D060000000000C0F1
:1045F00004000000157E0EC38E0600008F0600002A
:10460000000000C000000000313E3C449006000065
:1046100091060000000000C00200000074B309C44D
:104620009206000093060000000000C00000000099
:10463000780EFAC29406000095060000000000C043
:104640000200000046E6D5449606000097060000EA
:10465000000000C00500000033B7C9C39806000081
:1046600099060000000000C0020000001799DA431C
:104670009A0600009B060000000000C0FEFFFFFF3E
:10468000000000C0FFFFFFFFFFFFFFFF6C3F213E68
:10469000FEFFFFFF000000C0FFFFFFFFFFFFFFFF67
:1046A000E06D4B3DFEFFFFFF000000C0FFFFFFFF7E
:1046B000FFFFFFFFA75FA6BDFEFFFFFF000000C0DA
:1046C000FFFFFFFFFFFFFFFF5252723DFEFFFFFFA4
:1046D000000000C0FFFFFFFFFFFFFFFFD5D7D53C65
:1046E000FEFFFFFF000000C0FFFFFFFFFFFFFFFF17
:1046F0000B11213EFEFFFFFF000000C0FFFFFFFF88
:10470000FFFFFFFF492F02BEFEFFFFFF000000C0BA
:10471000FFFFFFFFFFFFFFFF00000080FEFFFFFF26
:10472000000000C0FFFFFFFFFFFFFFFFC730A0BD7D
:10473000FEFFFFFF000000C0FFFFFFFFFFFFFFFFC6
:1047400012269A3EFEFFFFFF000000C0FFFFFFFFA2
:10475000FFFFFFFF517713BEFEFFFFFF000000C009
:10476000FFFFFFFFFFFFFFFF4D4EDEBCFEFFFFFF21
:10477000000000C0FFFFFFFFFFFFFFFF0000008001
:10478000FEFFFFFF000000C0FFFFFFFFFFFFFFFF76
:104790005F620D3EFEFFFFFF000000C0FFFFFFFF56
:1047A000FFFFFFFF00000080FEFFFFFF000000C0D2
:1047B000FFFFFFFFFFFFFFFF851216BE0100000095
:1047C000E0090EC29D0600009E060000000000C029
:1047D0000200000046E6D5449F060000A006000047
:1047E000000000C005000000171ECA42A10600001C
:1047F000A2060000000000C005000000A454ECC3A5
:10480000A3060000A4060000000000C00500000090
:10481000ED890C43A5060000A6060000000000C0BC
:104820000500000006F72DC2A7060000A80600003C
:10483000000000C001000000887D7243A90600004E
:10484000AA060000000000C000000000627CCB430C
:10485000AB060000AC060000000000C00200000033
:10486000BAF991C4AD060000AE060000000000C019
:1048700000000000313E0844AF060000B006000012
:10488000000000C00200000023032545B10600001F
:10489000B2060000000000C000000000CF8165C427
:1048A000B3060000B4060000000000C000000000D5
:1048B000313E2E44B5060000B6060000000000C0E0
:1048C000020000005C64AA42B7060000B8060000BF
:1048D000000000C00000000031BE4C44B9060000DA
:1048E000BA060000000000C0FEFFFFFF000000C08D
:1048F000FFFFFFFFFFFFFFFF00000080FEFFFFFF45
:10490000000000C0FFFFFFFFFFFFFFFF7E9B4D3E4B
:10491000FEFFFFFF000000C0FFFFFFFFFFFFFFFFE4
:104920007B9DD53CFEFFFFFF000000C0FFFFFFFFA7
:10493000FFFFFFFF4FD6BEBDFEFFFFFF000000C020
:10494000FFFFFFFFFFFFFFFFB16DA23EFEFFFFFF76
:10495000000000C0FFFFFFFFFFFFFFFF2A8E593C52
:10496000FEFFFFFF000000C0FFFFFFFFFFFFFFFF94
:104970002441BCBDFEFFFFFF000000C0FFFFFFFFA2
:10498000FFFFFFFF00000080FEFFFFFF000000C0F0
:10499000FFFFFFFFFFFFFFFFEDFC163EFEFFFFFFE7
:1049A000000000C0FFFFFFFFFFFFFFFFC6FB37BD9A
:1049B000FEFFFFFF000000C0FFFFFFFFFFFFFFFF44
:1049C0008136BD3DFEFFFFFF000000C0FFFFFFFF7F
:1049D000FFFFFFFF229E76BDFEFFFFFF000000C02D
:1049E000FFFFFFFFFFFFFFFF93060BBEFEFFFFFF72
:1049F000000000C0FFFFFFFFFFFFFFFFA43A963B50
:104A0000FEFFFFFF000000C0FFFFFFFFFFFFFFFFF3
:104A1000E9E54D3CFEFFFFFF000000C0FFFFFFFF88
:104A2000FFFFFFFF3C2D9F3E020000001719F543DA
:104A3000BC060000BD060000000000C00100000030
:104A4000621F1D44BE060000BF060000000000C03B
:104A500005000000FF8704C3C0060000C106000077
:104A6000000000C003000000265396C3C2060000E9
:104A7000C3060000000000C00500000046F1EBC2C4
:104A8000C4060000C5060000000000C0FEFFFFFFD6
:104A9000000000C0FFFFFFFFFFFFFFFF75481EBEC5
:104AA00005000000A68781C1C6060000C7060000F9
:104AB000000000C00500000013764AC3C8060000CD
:104AC000C9060000000000C003000000B4590543FF
:104AD000CA060000CB060000000000C0FEFFFFFF7A
:104AE000000000C0FFFFFFFFFFFFFFFF23F406BE33
:104AF000050000002A541A43CC060000CD06000031
:104B0000000000C0010000004F1086C4CE06000067
:104B1000CF060000000000C0030000001CE2FA41C4
:104B2000D0060000D1060000000000C0FEFFFFFF1D
:104B3000000000C0FFFFFFFFFFFFFFFFE679FDBDA4
:104B4000FEFFFFFF000000C0FFFFFFFFFFFFFFFFB2
:104B50006D822C3EFEFFFFFF000000C0FFFFFFFF45
:104B6000FFFFFFFF21AB08BEFEFFFFFF000000C0FC
:104B7000FFFFFFFFFFFFFFFFD4583EBDFEFFFFFF1B
:104B8000000000C0FFFFFFFFFFFFFFFF5551FB3D8F
:104B9000FEFFFFFF000000C0FFFFFFFFFFFFFFFF62
:104BA000AA19B5BDFEFFFFFF000000C0FFFFFFFF19
:104BB000FFFFFFFF397BD2BDFEFFFFFF000000C0FB
:104BC000FFFFFFFFFFFFFFFF9199E63DFEFFFFFFA5
:104BD000000000C0FFFFFFFFFFFFFFFFB13E7BBCF7
:104BE000FEFFFFFF000000C0FFFFFFFFFFFFFFFF12
:104BF000CA10B23D05000000D85B2A43D30600006E
:104C0000D4060000000000C00500000006F72DC219
:104C1000D5060000D6060000000000C0030000001A
:104C200006524943D7060000D8060000000000C025
:104C3000040000005B284C3FD9060000DA060000A3
:104C4000000000C0010000003CC1C4C3DB0600003E
:104C5000DC060000000000C0040000004981AFC273
:104C6000DD060000DE060000000000C005000000B8
:104C70000AD38743DF060000E0060000000000C002
:104C800003000000280FC1C2E1060000E206000098
:104C9000000000C0040000001DE5F542E30600002E
:104CA000E4060000000000C0040000009CD93EC2E1
:104CB000E5060000E6060000000000C0010000005C
:104CC000625F4344E7060000E8060000000000C001
:104CD0000500000086A36243E9060000EA06000022
:104CE000000000C001000000B18FC144EB060000CD
:104CF000EC060000000000C0010000009E6006C439
:104D0000ED060000EE060000000000C003000000F9
:104D1000F9B1E243EF060000F0060000000000C019
:104D2000FEFFFFFF000000C0FFFFFFFFFFFFFFFFD0
:104D30003D203EBDFEFFFFFF000000C0FFFFFFFF64
:104D4000FFFFFFFFF098293EFEFFFFFF000000C0BD
:104D5000FFFFFFFFFFFFFFFF82B166BBFEFFFFFF0C
:104D6000000000C0FFFFFFFFFFFFFFFF6CC724BE76
:104D7000FEFFFFFF000000C0FFFFFFFFFFFFFFFF80
:104D80005FFFFCBDFEFFFFFF000000C0FFFFFFFF55
:104D9000FFFFFFFFC7D4CB3DFEFFFFFF000000C0B9
:104DA000FFFFFFFFFFFFFFFF8FFABFBDFEFFFFFF0B
:104DB000000000C0FFFFFFFFFFFFFFFF00000080BB
:104DC000FEFFFFFF000000C0FFFFFFFFFFFFFFFF30
:104DD00048ACFABDFEFFFFFF000000C0FFFFFFFF71
:104DE000FFFFFFFF58C1253DFEFFFFFF000000C091
:104DF000FFFFFFFFFFFFFFFFF283543EFEFFFFFFB9
:104E0000000000C0FFFFFFFFFFFFFFFF000000806A
:104E1000FEFFFFFF000000C0FFFFFFFFFFFFFFFFDF
:104E200000000080FEFFFFFF000000C0FFFFFFFF4B
:104E3000FFFFFFFFB56D29BEFEFFFFFF000000C0B2
:104E4000FFFFFFFFFFFFFFFFF5130C3EFEFFFFFF1D
:104E5000000000C0FFFFFFFFFFFFFFFF958F92BD27
:104E600002000000D2CD5BC3F2060000F306000092
:104E7000000000C0FEFFFFFF000000C0FFFFFFFFBB
:104E8000FFFFFFFFFD1D16BE01000000887D3743B8
:104E9000F4060000F5060000000000C0020000005B
:104EA0008C8C5344F6060000F7060000000000C09A
:104EB00001000000C4BEC743F8060000F906000068
:104EC000000000C004000000878BC2C2FA06000088
:104ED000FB060000000000C001000000887D29439F
:104EE000FC060000FD060000000000C003000000FA
:104EF000555BE3C1FE060000FF060000000000C095
:104F0000FEFFFFFF000000C0FFFFFFFFFFFFFFFFEE
:104F1000035112BEFEFFFFFF000000C0FFFFFFFFB6
:104F2000FFFFFFFFF59DCCBDFEFFFFFF000000C0AF
:104F3000FFFFFFFFFFFFFFFF75ADB13DFEFFFFFF6E
:104F4000000000C0FFFFFFFFFFFFFFFF821824BE2D
:104F5000FEFFFFFF000000C0FFFFFFFFFFFFFFFF9E
:104F600000000080FEFFFFFF000000C0FFFFFFFF0A
:104F7000FFFFFFFF791AD1BDFEFFFFFF000000C059
:104F8000FFFFFFFFFFFFFFFF0BC9093C050000000B
:104F9000C7D578420107000002070000000000C0EA
:104FA0000400000082AB7C420307000004070000FD
:104FB000000000C0040000001EAE28C1050700006C
:104FC00006070000000000C004000000E31AF4C25D
:104FD0000707000008070000000000C002000000F2
:104FE000BAF991C4090700000A070000000000C0D8
:104FF0000400000071CD72C30B0700000C07000015
:10500000000000C001000000F0049DC20D07000078
:105010000E070000000000C001000000288865C5E0
:105020000F07000010070000000000C0050000008E
:10503000D68CF4411107000012070000000000C0E8
:10504000050000008FB40CC4130700001407000013
:10505000000000C00400000099C94143150700008A
:1050600016070000000000C005000000E2320843FF
:105070001707000018070000000000C00100000032
:105080003CC190C3190700001A070000000000C0CF
:10509000020000008C0C7F441B0700001C0700006E
:1050A000000000C004000000E1EA22431D070000E8
:1050B0001E070000000000C0FEFFFFFF000000C050
:1050C000FFFFFFFFFFFFFFFF00000080FEFFFFFF6D
:1050D000000000C0FFFFFFFFFFFFFFFF5AEB1ABEFB
:1050E000FEFFFFFF000000C0FFFFFFFFFFFFFFFF0D
:1050F000E2CE50BDFEFFFFFF000000C0FFFFFFFF3C
:10510000FFFFFFFF20118C3CFEFFFFFF000000C0EF
:10511000FFFFFFFFFFFFFFFF73F6F93DFEFFFFFFFD
:10512000000000C0FFFFFFFFFFFFFFFF29F6BDBD2E
:10513000FEFFFFFF000000C0FFFFFFFFFFFFFFFFBC
:105140009C4A2B3DFEFFFFFF000000C0FFFFFFFF5A
:10515000FFFFFFFF1266353EFEFFFFFF000000C0AD
:10516000FFFFFFFFFFFFFFFF823315BEFEFFFFFFC4
:10517000000000C0FFFFFFFFFFFFFFFF1B18BB3C4D
:10518000FEFFFFFF000000C0FFFFFFFFFFFFFFFF6C
:10519000271E2EBCFEFFFFFF000000C0FFFFFFFF29
:1051A000FFFFFFFFBF01E83DFEFFFFFF000000C063
:1051B000FFFFFFFFFFFFFFFF67AD08BEFEFFFFFF22
:1051C000000000C0FFFFFFFFFFFFFFFF4EB8293DBB
:1051D000FEFFFFFF000000C0FFFFFFFFFFFFFFFF1C
:1051E0008104F43BFEFFFFFF000000C0FFFFFFFF54
:1051F000FFFFFFFF75D5F6BD02000000483763C210
:105200002007000021070000000000C0010000008E
:10521000F0049DC22207000023070000000000C028
:10522000030000009710E9C32407000025070000D1
:10523000000000C0040000004711114326070000D1
:1052400027070000000000C0030000007466BE4392
:105250002807000029070000000000C0010000002E
:105260009EA01FC42A0700002B070000000000C0FA
:1052700001000000D84708452C0700002D0700005A
:10528000000000C00400000001A0DAC22E070000E8
:105290002F070000000000C00300000024164E414C
:1052A0003007000031070000000000C003000000CC
:1052B000C68F0C423207000033070000000000C018
:1052C00001000000D8B76E45340700003507000024
:1052D000000000C0030000002D5347C43607000043
:1052E00037070000000000C004000000130EC44295
:1052F0003807000039070000000000C0040000006B
:105300000F57E0C13A0700003B070000000000C053
:1053100003000000E463AD433C0700003D070000CC
:10532000000000C0FEFFFFFF000000C0FFFFFFFF06
:10533000FFFFFFFFF103E63DFEFFFFFF000000C09F
:10534000FFFFFFFFFFFFFFFF727F983EFEFFFFFFA3
:10535000000000C0FFFFFFFFFFFFFFFFF73B89BD1D
:10536000FEFFFFFF000000C0FFFFFFFFFFFFFFFF8A
:105370008BD8C53DFEFFFFFF000000C0FFFFFFFF11
:10538000FFFFFFFF7093C83CFEFFFFFF000000C05F
:10539000FFFFFFFFFFFFFFFF4DE1BBBDFEFFFFFF74
:1053A000000000C0FFFFFFFFFFFFFFFFE9B82F3E37
:1053B000FEFFFFFF000000C0FFFFFFFFFFFFFFFF3A
:1053C00000000080FEFFFFFF000000C0FFFFFFFFA6
:1053D000FFFFFFFF0E045F3DFEFFFFFF000000C068
:1053E000FFFFFFFFFFFFFFFF615EACBDFEFFFFFFA2
:1053F000000000C0FFFFFFFFFFFFFFFF0000008075
:10540000FEFFFFFF000000C0FFFFFFFFFFFFFFFFE9
:1054100097F8C73EFEFFFFFF000000C0FFFFFFFF41
:10542000FFFFFFFF3FF982BDFEFFFFFF000000C04E
:10543000FFFFFFFFFFFFFFFFF5B1FCBDFEFFFFFF1A
:10544000000000C0FFFFFFFFFFFFFFFF0000008024
:10545000FEFFFFFF000000C0FFFFFFFFFFFFFFFF99
:10546000F04AD43E0500000033B7C9C33F0700002F
:1054700040070000000000C003000000265396C350
:105480004107000042070000000000C003000000C8
:1054900078A737C04307000044070000000000C0A1
:1054A0000000000062FCFA434507000046070000C8
:1054B000000000C002000000BA39F8C4470700002D
:1054C00048070000000000C000000000627CF343B9
:1054D000490700004A070000000000C0000000006B
:1054E000780ECEC24B0700004C070000000000C041
:1054F000020000005C64BC424D0700004E07000043
:10550000000000C005000000A454ECC34F070000D9
:1055100050070000000000C0FEFFFFFF000000C0B9
:10552000FFFFFFFFFFFFFFFF824B63BD0200000094
:105530004686C6445107000052070000000000C024
:10554000020000008C0C2C4453070000540700009C
:10555000000000C002000000171997435507000023
:1055600056070000000000C003000000AA027843B4
:105570005707000058070000000000C003000000AB
:105580007466BE43590700005A070000000000C0BF
:10559000FEFFFFFF000000C0FFFFFFFFFFFFFFFF58
:1055A000DD65BFBDFEFFFFFF000000C0FFFFFFFF86
:1055B000FFFFFFFF00000080FEFFFFFF000000C0B4
:1055C000FFFFFFFFFFFFFFFF51AD183EFEFFFFFF94
:1055D000000000C0FFFFFFFFFFFFFFFF18C15BBD22
:1055E000FEFFFFFF000000C0FFFFFFFFFFFFFFFF08
:1055F0000FC78E3EFEFFFFFF000000C0FFFFFFFF52
:10560000FFFFFFFF00000080FEFFFFFF000000C063
:10561000FFFFFFFFFFFFFFFFD9C022BDFEFFFFFF1F
:10562000000000C0FFFFFFFFFFFFFFFFC4E7A03D3A
:10563000FEFFFFFF000000C0FFFFFFFFFFFFFFFFB7
:105640008C9D1FBEFEFFFFFF000000C0FFFFFFFF9D
:10565000FFFFFFFFE57E62BDFEFFFFFF000000C011
:10566000FFFFFFFFFFFFFFFFD84788BDFEFFFFFFE3
:10567000000000C0FFFFFFFFFFFFFFFFC86C8F3D72
:10568000FEFFFFFF000000C0FFFFFFFFFFFFFFFF67
:10569000BCE9823DFEFFFFFF000000C0FFFFFFFFEF
:1056A000FFFFFFFF0526E8BD020000001719B14308
:1056B0005C0700005D070000000000C00200000061
:1056C000D2CD4EC35E0700005F070000000000C09F
:1056D00001000000F004DBC2600700006107000069
:1056E000000000C0FEFFFFFF000000C0FFFFFFFF43
:1056F000FFFFFFFFE8D616BE01000000625F4344D3
:105700006207000063070000000000C00200000004
:105710008C0C2A446407000065070000000000C0EC
:10572000050000006476F5C2660700006707000008
:10573000000000C0030000006B6B3DC36807000061
:1057400069070000000000C0050000005A9F92C2D7
:105750006A0700006B070000000000C005000000A1
:105760007FF441426C0700006D070000000000C09C
:10577000010000004F1086C46E0700006F07000094
:10578000000000C00500000028E40EC37007000000
:1057900071070000000000C005000000C4ED6C436C
:1057A0007207000073070000000000C0FEFFFFFF4B
:1057B000000000C0FFFFFFFFFFFFFFFF2CA95A3DC5
:1057C000FEFFFFFF000000C0FFFFFFFFFFFFFFFF26
:1057D000EC15E9BDFEFFFFFF000000C0FFFFFFFF6B
:1057E000FFFFFFFFBE41E1BDFEFFFFFF000000C065
:1057F000FFFFFFFFFFFFFFFFC5838E3DFEFFFFFFA3
:10580000000000C0FFFFFFFFFFFFFFFF31AAFABD4E
:10581000FEFFFFFF000000C0FFFFFFFFFFFFFFFFD5
:10582000F34E913DFEFFFFFF000000C0FFFFFFFFB2
:10583000FFFFFFFF19C007BEFEFFFFFF000000C013
:10584000FFFFFFFFFFFFFFFFEECD803DFEFFFFFFED
:10585000000000C0FFFFFFFFFFFFFFFF18BF0EBEED
:10586000FEFFFFFF000000C0FFFFFFFFFFFFFFFF85
:1058700000000080FEFFFFFF000000C0FFFFFFFFF1
:10588000FFFFFFFF8EEB9B3DFEFFFFFF000000C010
:10589000FFFFFFFFFFFFFFFF3BE1C8BD020000006D
:1058A000E966CCC37507000076070000000000C061
:1058B000050000007C4C0A437707000078070000D1
:1058C000000000C000000000313E0E4479070000D7
:1058D0007A070000000000C002000000747301C4D9
:1058E0007B0700007C070000000000C004000000EF
:1058F000F48889427D0700007E070000000000C098
:1059000005000000D8DB2D437F0700008007000062
:10591000000000C0050000000AD387438107000093
:1059200082070000000000C0FEFFFFFF000000C073
:10593000FFFFFFFFFFFFFFFF63D20FBE000000006D
:105940003C0709C38307000084070000000000C073
:10595000050000000AD38743850700008607000082
:10596000000000C0050000007C0C524387070000C7
:1059700088070000000000C0050000002D8A33C128
:10598000890700008A070000000000C00400000032
:10599000ED71CEC28B0700008C070000000000C034
:1059A000FEFFFFFF000000C0FFFFFFFFFFFFFFFF44
:1059B0009F6C02BEFEFFFFFF000000C0FFFFFFFF65
:1059C000FFFFFFFF00000080FEFFFFFF000000C0A0
:1059D000FFFFFFFFFFFFFFFF568B223DFEFFFFFF94
:1059E000000000C0FFFFFFFFFFFFFFFF30FF00BE12
:1059F000FEFFFFFF000000C0FFFFFFFFFFFFFFFFF4
:105A0000D711F4BDFEFFFFFF000000C0FFFFFFFF46
:105A1000FFFFFFFF00000080FEFFFFFF000000C04F
:105A2000FFFFFFFFFFFFFFFF9999AD3EFEFFFFFF66
:105A3000000000C0FFFFFFFFFFFFFFFF000000802E
:105A4000FEFFFFFF000000C0FFFFFFFFFFFFFFFFA3
:105A50000EAA4D3DFEFFFFFF000000C0FFFFFFFF4D
:105A6000FFFFFFFFD95EA6BCFEFFFFFF000000C0E6
:105A7000FFFFFFFFFFFFFFFF829708BDFEFFFFFF55
:105A8000000000C0FFFFFFFFFFFFFFFF0F96153E66
:105A900001000000887D6C438E0700008F07000026
:105AA000000000C0050000009E792F429007000012
:105AB00091070000000000C00100000062DF2544E3
:105AC0009207000093070000000000C005000000DE
:105AD00054CFA4C19407000095070000000000C047
:105AE00005000000A6609A42960700009707000094
:105AF000000000C005000000606F0742980700002A
:105B000099070000000000C0FEFFFFFF000000C07A
:105B1000FFFFFFFFFFFFFFFF470422BE050000005D
:105B2000FE0FA0C29A0700009B070000000000C003
:105B3000040000009E198AC19C0700009D07000018
:105B4000000000C004000000490190C29E07000050
:105B50009F070000000000C001000000887D604336
:105B6000A0070000A1070000000000C00500000021
:105B7000381430C0A2070000A3070000000000C0D6
:105B8000FEFFFFFF000000C0FFFFFFFFFFFFFFFF62
:105B9000821607BEFEFFFFFF000000C0FFFFFFFFF1
:105BA000FFFFFFFF57A00DBEFEFFFFFF000000C07C
:105BB000FFFFFFFFFFFFFFFF184DE0BCFEFFFFFFF1
:105BC000000000C0FFFFFFFFFFFFFFFF000000809D
:105BD000FEFFFFFF000000C0FFFFFFFFFFFFFFFF12
:105BE000879EDE3DFEFFFFFF000000C0FFFFFFFFBE
:105BF000FFFFFFFFDCBFFABDFEFFFFFF000000C09C
:105C0000FFFFFFFFFFFFFFFFDF3991BCFEFFFFFF3C
:105C1000000000C0FFFFFFFFFFFFFFFF4B5108BE6A
:105C2000FEFFFFFF000000C0FFFFFFFFFFFFFFFFC1
:105C300000000080FEFFFFFF000000C0FFFFFFFF2D
:105C4000FFFFFFFF82E9CEBDFEFFFFFF000000C0A7
:105C5000FFFFFFFFFFFFFFFF0000008005000000C7
:105C600088DBAC42A5070000A6070000000000C0CA
:105C700004000000E31AF4C2A7070000A807000010
:105C8000000000C003000000E8E471C0A9070000A4
:105C9000AA070000000000C0040000000A2726C375
:105CA000AB070000AC070000000000C003000000CC
:105CB000E5142442AD070000AE070000000000C05C
:105CC0000200000046468B44AF070000B00700000A
:105CD000000000C004000000DAE35FC2B10700006A
:105CE000B2070000000000C00500000085AD2CC414
:105CF000B3070000B4070000000000C0050000006A
:105D000089CB0A42B5070000B6070000000000C0BA
:105D10000200000074B307C4B7070000B807000012
:105D2000000000C005000000E55A6D42B907000000
:105D3000BA070000000000C0FEFFFFFF000000C027
:105D4000FFFFFFFFFFFFFFFF4D761DBEFEFFFFFFC2
:105D5000000000C0FFFFFFFFFFFFFFFF000000800B
:105D6000040000003E128DC3BB070000BC0700000A
:105D7000000000C003000000365C9D43BD0700002A
:105D8000BE070000000000C0FEFFFFFF000000C0D3
:105D9000FFFFFFFFFFFFFFFF00000080FEFFFFFF90
:105DA000000000C0FFFFFFFFFFFFFFFF1F0124BE39
:105DB000FEFFFFFF000000C0FFFFFFFFFFFFFFFF30
:105DC000009F0FBEFEFFFFFF000000C0FFFFFFFFB0
:105DD000FFFFFFFF6834BDBCFEFFFFFF000000C0F7
:105DE000FFFFFFFFFFFFFFFF761DC33DFEFFFFFF2D
:105DF000000000C0FFFFFFFFFFFFFFFF4D718DBAE6
:105E0000FEFFFFFF000000C0FFFFFFFFFFFFFFFFDF
:105E10004C34F3BDFEFFFFFF000000C0FFFFFFFF9B
:105E2000FFFFFFFF2478F13CFEFFFFFF000000C0F2
:105E3000FFFFFFFFFFFFFFFF518E0BBEFEFFFFFFC7
:105E4000000000C0FFFFFFFFFFFFFFFFA27E093E33
:105E5000FEFFFFFF000000C0FFFFFFFFFFFFFFFF8F
:105E6000337868BDFEFFFFFF000000C0FFFFFFFFAB
:105E7000FFFFFFFFAADF1D3E0200000000E9E6BFB2
:105E8000C0070000C1070000000000C004000000BF
:105E90001D65BA42C2070000C3070000000000C031
:105EA00003000000265396C3C4070000C507000086
:105EB000000000C0030000000834A541C607000030
:105EC000C7070000000000C002000000BAF991C43A
:105ED000C8070000C9070000000000C00200000061
:105EE0008C8C6844CA070000CB070000000000C08B
:105EF0000400000036732FC2CC070000CD0700005D
:105F0000000000C005000000257C6FC2CE07000025
:105F1000CF070000000000C004000000157E0EC383
:105F2000D0070000D1070000000000C004000000FE
:105F30007ACCFD43D2070000D3070000000000C068
:105F4000030000002D5347C4D4070000D50700000C
:105F5000000000C00400000000706B43D607000082
:105F6000D7070000000000C0040000009E198AC18D
:105F7000D8070000D9070000000000C0030000009F
:105F8000E8B720C2DA070000DB070000000000C00D
:105F9000020000004686C644DC070000DD07000062
:105FA000000000C0FEFFFFFF000000C0FFFFFFFF7A
:105FB000FFFFFFFF00000080FEFFFFFF000000C0AA
:105FC000FFFFFFFFFFFFFFFF53490A3EFEFFFFFFFA
:105FD000000000C0FFFFFFFFFFFFFFFFCF7E59BDA6
:105FE000FEFFFFFF000000C0FFFFFFFFFFFFFFFFFE
:105FF0000A35C03DFEFFFFFF000000C0FFFFFFFFAE
:10600000FFFFFFFFA7FDBF3DFEFFFFFF000000C039
:10601000FFFFFFFFFFFFFFFFA29435BDFEFFFFFF65
:10602000000000C0FFFFFFFFFFFFFFFFD62CBC3EBC
:10603000FEFFFFFF000000C0FFFFFFFFFFFFFFFFAD
:10604000E416B3BDFEFFFFFF000000C0FFFFFFFF2F
:10605000FFFFFFFF093389BDFEFFFFFF000000C007
:10606000FFFFFFFFFFFFFFFFBF9F1B3DFEFFFFFF87
:10607000000000C0FFFFFFFFFFFFFFFF00000080E8
:10608000FEFFFFFF000000C0FFFFFFFFFFFFFFFF5D
:1060900064F2853EFEFFFFFF000000C0FFFFFFFF30
:1060A000FFFFFFFF0EC92A3DFEFFFFFF000000C0FB
:1060B000FFFFFFFFFFFFFFFFF949A2BDFEFFFFFF4C
:1060C000000000C0FFFFFFFFFFFFFFFFDE8EFFBDF0
:1060D000FEFFFFFF000000C0FFFFFFFFFFFFFFFF0D
:1060E0003FDC853D01000000C013F4C1DF07000064
:1060F000E0070000000000C0020000008C8C454456
:10610000E1070000E2070000000000C003000000FB
:10611000B5843FC2E3070000E4070000000000C0B0
:1061200002000000BA59ACC4E5070000E607000011
:10613000000000C00000000088F18F42E707000067
:10614000E8070000000000C0020000001719924399
:10615000E9070000EA070000000000C0030000009B
:10616000F9B1E243EB070000EC070000000000C0BB
:10617000000000003C0776C3ED070000EE070000BA
:10618000000000C0030000004518CFC3EF07000067
:10619000F0070000000000C003000000A70A494209
:1061A000F1070000F2070000000000C0020000003C
:1061B00046E6D544F3070000F4070000000000C0E5
:1061C00001000000D8470845F5070000F607000069
:1061D000000000C0030000006B6B3DC3F707000028
:1061E000F8070000000000C001000000887D2F4378
:1061F000F9070000FA070000000000C001000000DD
:10620000D8B76E45FB070000FC070000000000C087
:10621000FEFFFFFF000000C0FFFFFFFFFFFFFFFFCB
:10622000CA7D51BDFEFFFFFF000000C0FFFFFFFF62
:10623000FFFFFFFF8CECE83DFEFFFFFF000000C00A
:10624000FFFFFFFFFFFFFFFF46E19B3DFEFFFFFF5C
:10625000000000C0FFFFFFFFFFFFFFFF1235CABDB8
:10626000FEFFFFFF000000C0FFFFFFFFFFFFFFFF7B
:106270007131853EFEFFFFFF000000C0FFFFFFFF02
:10628000FFFFFFFFDB1CBDBBFEFFFFFF000000C0E8
:10629000FFFFFFFFFFFFFFFFDCC587BDFEFFFFFF26
:1062A000000000C0FFFFFFFFFFFFFFFF7C59B03D74
:1062B000FEFFFFFF000000C0FFFFFFFFFFFFFFFF2B
:1062C00066B9CBBDFEFFFFFF000000C0FFFFFFFF70
:1062D000FFFFFFFFD8E5913DFEFFFFFF000000C07C
:1062E000FFFFFFFFFFFFFFFFBF70C1BDFEFFFFFF0E
:1062F000000000C0FFFFFFFFFFFFFFFF306C813D8C
:10630000FEFFFFFF000000C0FFFFFFFFFFFFFFFFDA
:106310008965433CFEFFFFFF000000C0FFFFFFFF59
:10632000FFFFFFFF4CC09B3DFEFFFFFF000000C0D2
:10633000FFFFFFFFFFFFFFFF4275EEBDFEFFFFFF08
:10634000000000C0FFFFFFFFFFFFFFFF88E40A3EE1
:106350000000000088F18F42FE070000FF070000E8
:10636000000000C0000000003C0733C3000800002C
:1063700001080000000000C002000000A49BF9C258
:106380000208000003080000000000C0FEFFFFFF3D
:10639000000000C0FFFFFFFFFFFFFFFF74ED08BE1E
:1063A00004000000528F0D410408000005080000A1
:1063B000000000C003000000E63F1FC30608000005
:1063C00007080000000000C0040000005B284C3FEC
:1063D0000808000009080000000000C003000000D9
:1063E0009F2B1C430A0800000B080000000000C09F
:1063F000020000001719EA430C0800000D08000015
:10640000000000C00000000062FCE7430E0800002E
:106410000F080000000000C0FEFFFFFF000000C0EA
:10642000FFFFFFFFFFFFFFFF4ECF12BE0200000085
:106430008CCC23441008000011080000000000C0AC
:10644000040000001DE5F5421208000013080000DA
:10645000000000C0FEFFFFFF000000C0FFFFFFFFC5
:10646000FFFFFFFF8B5A0DBEFEFFFFFF000000C0C5
:10647000FFFFFFFFFFFFFFFF69980E3DFEFFFFFFDD
:10648000000000C0FFFFFFFFFFFFFFFF57C651BB2B
:10649000FEFFFFFF000000C0FFFFFFFFFFFFFFFF49
:1064A000F02EE83DFEFFFFFF000000C0FFFFFFFFF2
:1064B000FFFFFFFFA104713CFEFFFFFF000000C0D3
:1064C000FFFFFFFFFFFFFFFF2C068EBDFEFFFFFF5C
:1064D000000000C0FFFFFFFFFFFFFFFFD10993BCDB
:1064E000FEFFFFFF000000C0FFFFFFFFFFFFFFFFF9
:1064F00039BEDF3DFEFFFFFF000000C0FFFFFFFFD2
:10650000FFFFFFFF5BA3163EFEFFFFFF000000C082
:10651000FFFFFFFFFFFFFFFF6CC531BE0200000061
:10652000E966CCC31508000016080000000000C092
:1065300005000000C3118F43170800001808000071
:10654000000000C005000000E23208431908000006
:106550001A080000000000C005000000F818D24230
:106560001B0800001C080000000000C00400000020
:10657000B6DE48421D0800001E080000000000C0F2
:10658000020000008C4C3C441F0800002008000062
:10659000000000C0040000003F2A88C2210800005B
:1065A00022080000000000C002000000747301C453
:1065B0002308000024080000000000C004000000C0
:1065C000130EC4422508000026080000000000C089
:1065D000FEFFFFFF000000C0FFFFFFFFFFFFFFFF08
:1065E0000000008004000000C26558432708000036
:1065F00028080000000000C0050000008802DAC181
:10660000290800002A080000000000C00100000066
:10661000C43ED5432B0800002C080000000000C039
:10662000020000001719DD432D0800002E080000AD
:10663000000000C001000000B1AFAC442F08000012
:1066400030080000000000C0FEFFFFFF000000C097
:10665000FFFFFFFFFFFFFFFFC2960BBEFEFFFFFF26
:10666000000000C0FFFFFFFFFFFFFFFF81D755BD08
:10667000FEFFFFFF000000C0FFFFFFFFFFFFFFFF67
:106680000388F1BDFEFFFFFF000000C0FFFFFFFF1A
:10669000FFFFFFFF96A1A53DFEFFFFFF000000C02A
:1066A000FFFFFFFFFFFFFFFFC0C2823EFEFFFFFFB5
:1066B000000000C0FFFFFFFFFFFFFFFF00000080A2
:1066C000FEFFFFFF000000C0FFFFFFFFFFFFFFFF17
:1066D0006637803DFEFFFFFF000000C0FFFFFFFFA9
:1066E000FFFFFFFF9A8AA7BCFEFFFFFF000000C06C
:1066F000FFFFFFFFFFFFFFFF2E3FF8BDFEFFFFFF85
:10670000000000C0FFFFFFFFFFFFFFFF293CDBBCD5
:10671000FEFFFFFF000000C0FFFFFFFFFFFFFFFFC6
:1067200055EB16BEFEFFFFFF000000C0FFFFFFFF9E
:10673000FFFFFFFF3155B03DFEFFFFFF000000C02F
:10674000FFFFFFFFFFFFFFFF063D1F3EFEFFFFFFB6
:10675000000000C0FFFFFFFFFFFFFFFF63F69BBDD0
:106760000000000088F19942320800003308000060
:10677000000000C001000000C4BEC7433408000090
:1067800035080000000000C000000000627C834368
:106790003608000037080000000000C002000000BA
:1067A000D2CD68C33808000039080000000000C0DE
:1067B00001000000625F0E443A0800003B08000040
:1067C000000000C002000000B8C844423C080000BD
:1067D0003D080000000000C0FEFFFFFF000000C0F9
:1067E000FFFFFFFFFFFFFFFFAB7D19BEFEFFFFFFB7
:1067F000000000C0FFFFFFFFFFFFFFFFF8770FBEA5
:1068000004000000610FF5C13E0800003F080000D1
:10681000000000C000000000780ED6C24008000052
:1068200041080000000000C0FEFFFFFF000000C0A4
:10683000FFFFFFFFFFFFFFFF4AF51ABEFEFFFFFF4E
:10684000000000C0FFFFFFFFFFFFFFFFFC2D0ABE9F
:10685000020000005C64AA424208000043080000F5
:10686000000000C0FEFFFFFF000000C0FFFFFFFFB1
:10687000FFFFFFFF0E51C5BCFEFFFFFF000000C081
:10688000FFFFFFFFFFFFFFFFD47BC53DFEFFFFFFC4
:10689000000000C0FFFFFFFFFFFFFFFF9BA8CCBD74
:1068A000FEFFFFFF000000C0FFFFFFFFFFFFFFFF35
:1068B00000000080FEFFFFFF000000C0FFFFFFFFA1
:1068C000FFFFFFFFCF705B3DFEFFFFFF000000C03A
:1068D000FFFFFFFFFFFFFFFF12E489BD0000000084
:1068E000CF4112C44508000046080000000000C067
:1068F00003000000365C81434708000048080000A0
:10690000000000C005000000179EC64249080000B4
:106910004A080000000000C0050000007D04D642C7
:106920004B0800004C080000000000C005000000FB
:106930007C0C52434D0800004E080000000000C0CF
:1069400000000000313E0E444F08000050080000D7
:10695000000000C003000000A70A494251080000DF
:1069600052080000000000C00300000006D21443DB
:106970005308000054080000000000C0030000009D
:106980008BBD18435508000056080000000000C0E9
:1069900000000000CF414FC4570800005808000015
:1069A000000000C003000000A7F9D443590800000C
:1069B0005A080000000000C003000000DBA80EC35E
:1069C0005B0800005C080000000000C0030000003D
:1069D000E51478425D0800005E080000000000C079
:1069E00003000000504E21405F08000060080000D6
:1069F000000000C004000000878B9FC261080000F7
:106A000062080000000000C0FEFFFFFF000000C0A1
:106A1000FFFFFFFFFFFFFFFF8C942E3EFEFFFFFFF7
:106A2000000000C0FFFFFFFFFFFFFFFF47634CBDFB
:106A3000FEFFFFFF000000C0FFFFFFFFFFFFFFFFA3
:106A4000CBD1C0BDFEFFFFFF000000C0FFFFFFFF76
:106A5000FFFFFFFF72412F3EFEFFFFFF000000C05F
:106A6000FFFFFFFFFFFFFFFF0EFC18BEFEFFFFFF53
:106A7000000000C0FFFFFFFFFFFFFFFF00000080DE
:106A8000FEFFFFFF000000C0FFFFFFFFFFFFFFFF53
:106A90001160C33DFEFFFFFF000000C0FFFFFFFFCE
:106AA000FFFFFFFF00000080FEFFFFFF000000C0AF
:106AB000FFFFFFFFFFFFFFFFABCDA63DFEFFFFFF88
:106AC000000000C0FFFFFFFFFFFFFFFFA5D992BD41
:106AD000FEFFFFFF000000C0FFFFFFFFFFFFFFFF03
:106AE000A1448F3DFEFFFFFF000000C0FFFFFFFF3E
:106AF000FFFFFFFFA89513BEFEFFFFFF000000C0D1
:106B0000FFFFFFFFFFFFFFFF5E4A10BEFEFFFFFF1C
:106B1000000000C0FFFFFFFFFFFFFFFF23F860BC86
:106B2000FEFFFFFF000000C0FFFFFFFFFFFFFFFFB2
:106B30003D010D3EFEFFFFFF000000C0FFFFFFFF15
:106B4000FFFFFFFF1C69BDBC020000005C649842AF
:106B50006408000065080000000000C0000000009C
:106B6000C4F857436608000067080000000000C032
:106B70000000000031FE374468080000690800008A
:106B8000000000C002000000D2CD4EC36A08000021
:106B90006B080000000000C003000000111463C275
:106BA0006C0800006D080000000000C00300000039
:106BB000B5D5BFC36E0800006F080000000000C01C
:106BC00005000000A6E0B94270080000710800004E
:106BD000000000C00300000002CDCD42720800009A
:106BE00073080000000000C00300000074C6C94321
:106BF0007408000075080000000000C005000000D7
:106C0000E4F587407608000077080000000000C027
:106C100000000000183F8C4478080000790800004C
:106C2000000000C0020000008C0C49447A080000FB
:106C30007B080000000000C0030000003AF303449A
:106C40007C0800007D080000000000C00500000076
:106C50008FB40CC47E0800007F080000000000C054
:106C600003000000A713A4C18008000081080000F1
:106C7000000000C0FEFFFFFF000000C0FFFFFFFF9D
:106C8000FFFFFFFF9075D63DFEFFFFFF000000C035
:106C9000FFFFFFFFFFFFFFFFC51F9A3CFEFFFFFF47
:106CA000000000C0FFFFFFFFFFFFFFFF3367C2BD13
:106CB000FEFFFFFF000000C0FFFFFFFFFFFFFFFF21
:106CC00000000080FEFFFFFF000000C0FFFFFFFF8D
:106CD000FFFFFFFF7E3E5ABDFEFFFFFF000000C02A
:106CE000FFFFFFFFFFFFFFFF894D343EFEFFFFFF69
:106CF000000000C0FFFFFFFFFFFFFFFF8E2C96BDCF
:106D0000FEFFFFFF000000C0FFFFFFFFFFFFFFFFD0
:106D1000DDF5143EFEFFFFFF000000C0FFFFFFFF98
:106D2000FFFFFFFFA40118BDFEFFFFFF000000C032
:106D3000FFFFFFFFFFFFFFFF5F2F453EFEFFFFFF4F
:106D4000000000C0FFFFFFFFFFFFFFFFED930EBE3F
:106D5000FEFFFFFF000000C0FFFFFFFFFFFFFFFF80
:106D6000A71DC03DFEFFFFFF000000C0FFFFFFFFAB
:106D7000FFFFFFFF00000080FEFFFFFF000000C0DC
:106D8000FFFFFFFFFFFFFFFF7B880C3EFEFFFFFFC3
:106D9000000000C0FFFFFFFFFFFFFFFF9DF88B3CDF
:106DA000FEFFFFFF000000C0FFFFFFFFFFFFFFFF30
:106DB00008F2C7BD0500000033B7C9C3830800004F
:106DC00084080000000000C003000000265396C3A2
:106DD0008508000086080000000000C001000000D7
:106DE000F0049DC28708000088080000000000C071
:106DF00001000000788228C3890800008A0800008A
:106E0000000000C0010000004F10E9C48B08000022
:106E10008C080000000000C00300000076CF504343
:106E20008D0800008E080000000000C00300000074
:106E3000B5843FC28F08000090080000000000C029
:106E400000000000313E0844910800009208000054
:106E5000000000C001000000C4BEDE439308000033
:106E600094080000000000C003000000D1D168C3F6
:106E70009508000096080000000000C00000000017
:106E800018DFC3449708000098080000000000C005
:106E900000000000E86092C4990800009A08000011
:106EA000000000C00500000046696CC39B0800009C
:106EB0009C080000000000C003000000197338C3E4
:106EC0009D0800009E080000000000C003000000B4
:106ED000F9B1E2439F080000A0080000000000C0D4
:106EE000FEFFFFFF000000C0FFFFFFFFFFFFFFFFEF
:106EF00000000080FEFFFFFF000000C0FFFFFFFF5B
:106F0000FFFFFFFFD305193EFEFFFFFF000000C09B
:106F1000FFFFFFFFFFFFFFFF00000080FEFFFFFFFE
:106F2000000000C0FFFFFFFFFFFFFFFFA7D20BBE67
:106F3000FEFFFFFF000000C0FFFFFFFFFFFFFFFF9E
:106F400000000080FEFFFFFF000000C0FFFFFFFF0A
:106F5000FFFFFFFF4E97A6BDFEFFFFFF000000C032
:106F6000FFFFFFFFFFFFFFFF7FB68A3EFEFFFFFF31
:106F7000000000C0FFFFFFFFFFFFFFFF00000080D9
:106F8000FEFFFFFF000000C0FFFFFFFFFFFFFFFF4E
:106F9000B8E16D3DFEFFFFFF000000C0FFFFFFFFF7
:106FA000FFFFFFFF3A8C6CBDFEFFFFFF000000C03B
:106FB000FFFFFFFFFFFFFFFFC5DB00BEFEFFFFFF80
:106FC000000000C0FFFFFFFFFFFFFFFFEF2CBB3DF6
:106FD000FEFFFFFF000000C0FFFFFFFFFFFFFFFFFE
:106FE000B958F0BDFEFFFFFF000000C0FFFFFFFF2C
:106FF000FFFFFFFF56BFA8BCFEFFFFFF000000C061
:10700000FFFFFFFFFFFFFFFF7C47393DFEFFFFFF54
:10701000000000C0FFFFFFFFFFFFFFFF57089CBD00
:10702000000000003C0727C3A2080000A3080000DE
:10703000000000C0000000009E038FC3A4080000F1
:10704000A5080000000000C002000000D2CD18C357
:10705000A6080000A7080000000000C00200000011
:107060002E322943A8080000A9080000000000C033
:10707000020000008C0C4344AA080000AB0800008A
:10708000000000C0FEFFFFFF000000C0FFFFFFFF89
:10709000FFFFFFFFF10E11BE0500000028E40EC344
:1070A000AC080000AD080000000000C003000000B4
:1070B000B6D1FDC2AE080000AF080000000000C05D
:1070C000FEFFFFFF000000C0FFFFFFFFFFFFFFFF0D
:1070D00082B51DBE0300000040579E42B00800006C
:1070E000B1080000000000C003000000A713CEC1DB
:1070F000B2080000B3080000000000C0FEFFFFFF60
:10710000000000C0FFFFFFFFFFFFFFFF5EA20FBEFA
:10711000030000004694E6C2B4080000B508000071
:10712000000000C0FEFFFFFF000000C0FFFFFFFFE8
:10713000FFFFFFFF984E353CFEFFFFFF000000C041
:10714000FFFFFFFFFFFFFFFF0F6CE9BDFEFFFFFF2B
:10715000000000C0FFFFFFFFFFFFFFFF01A406BE0E
:10716000FEFFFFFF000000C0FFFFFFFFFFFFFFFF6C
:1071700000000080FEFFFFFF000000C0FFFFFFFFD8
:10718000FFFFFFFFDB537B3EFEFFFFFF000000C061
:10719000FFFFFFFFFFFFFFFF346A9BBDFEFFFFFF06
:1071A000000000C0FFFFFFFFFFFFFFFF5FD1E33DD7
:1071B000FEFFFFFF000000C0FFFFFFFFFFFFFFFF1C
:1071C0009211EC3C0400000029EC1FC3B70800003A
:1071D000B8080000000000C005000000C3118F4384
:1071E000B9080000BA080000000000C00500000057
:1071F0007C4C0A43BB080000BC080000000000C033
:10720000FEFFFFFF000000C0FFFFFFFFFFFFFFFFCB
:107210001F2707BEFEFFFFFF000000C0FFFFFFFFAC
:10722000FFFFFFFF0000008004000000D4632F4236
:10723000BD080000BE080000000000C00300000000
:107240009F2B1C43BF080000C0080000000000C0C6
:1072500005000000D5B3DBC2C1080000C208000071
:10726000000000C003000000D656ACC2C3080000F6
:10727000C4080000000000C0040000004981AFC243
:10728000C5080000C6080000000000C0050000009E
:107290000AD38743C7080000C8080000000000C0E8
:1072A000FEFFFFFF000000C0FFFFFFFFFFFFFFFF2B
:1072B000136BEC3DFEFFFFFF000000C0FFFFFFFF70
:1072C000FFFFFFFF1A8DA3BBFEFFFFFF000000C002
:1072D000FFFFFFFFFFFFFFFF762514BDFEFFFFFF4F
:1072E000000000C0FFFFFFFFFFFFFFFFE0950ABEA9
:1072F000FEFFFFFF000000C0FFFFFFFFFFFFFFFFDB
:1073000000000080FEFFFFFF000000C0FFFFFFFF46
:10731000FFFFFFFF62CF443EFEFFFFFF000000C003
:10732000FFFFFFFFFFFFFFFF1BDB17BEFEFFFFFF9F
:10733000000000C0FFFFFFFFFFFFFFFFC262893DAB
:107340000000000010E35742CA080000CB0800000C
:10735000000000C001000000887D5A43CC080000F6
:10736000CD080000000000C000000000C4F8374352
:10737000CE080000CF080000000000C0010000009F
:107380009EE02EC4D0080000D1080000000000C01C
:1073900001000000625F0E44D2080000D308000024
:1073A000000000C0020000008C8C1B44D4080000C8
:1073B000D5080000000000C0FEFFFFFF000000C075
:1073C000FFFFFFFFFFFFFFFF0F1715BEFEFFFFFFD1
:1073D000000000C0FFFFFFFFFFFFFFFFC54F13BE10
:1073E00005000000FA083E42D6080000D708000059
:1073F000000000C000000000780E86C2D80800001F
:10740000D9080000000000C0FEFFFFFF000000C020
:10741000FFFFFFFFFFFFFFFF84631DBEFEFFFFFFB7
:10742000000000C0FFFFFFFFFFFFFFFF471BB7BDCE
:10743000020000008C8C5B44DA080000DB080000CE
:10744000000000C0FEFFFFFF000000C0FFFFFFFFC5
:10745000FFFFFFFF1DE2B93DFEFFFFFF000000C080
:10746000FFFFFFFFFFFFFFFF8EC84DBDFEFFFFFFC9
:10747000000000C0FFFFFFFFFFFFFFFF6B89A3BD00
:10748000FEFFFFFF000000C0FFFFFFFFFFFFFFFF49
:10749000725E813BFEFFFFFF000000C0FFFFFFFFA9
:1074A000FFFFFFFF1E2DE53DFEFFFFFF000000C0B8
:1074B000FFFFFFFFFFFFFFFFC3E9BBBD00000000B0
:1074C0009E03D1C3DD080000DE080000000000C0FC
:1074D00002000000BAB9D4C4DF080000E0080000D0
:1074E000000000C002000000E9E6E5C3E10800007A
:1074F000E2080000000000C001000000D847084575
:10750000E3080000E4080000000000C001000000E3
:1075100020F63542E5080000E6080000000000C043
:107520000000000062FCD843E7080000E808000003
:10753000000000C00000000010E33B42E90800002A
:10754000EA080000000000C0FEFFFFFF000000C0CE
:10755000FFFFFFFFFFFFFFFF61AF0DBEFEFFFFFF5D
:10756000000000C0FFFFFFFFFFFFFFFF00000080E3
:107570000200000046E6EF44EB080000EC080000C3
:10758000000000C0020000001719D643ED080000FB
:10759000EE080000000000C001000000B1AFA444EC
:1075A000EF080000F0080000000000C0010000002B
:1075B000887D4543F1080000F2080000000000C08B
:1075C00003000000D11128C3F3080000F4080000F4
:1075D000000000C00300000074C6C943F5080000A5
:1075E000F6080000000000C0FEFFFFFF000000C022
:1075F000FFFFFFFFFFFFFFFFC5EDF43DFEFFFFFFB5
:10760000000000C0FFFFFFFFFFFFFFFF4041E0BBA6
:10761000FEFFFFFF000000C0FFFFFFFFFFFFFFFFB7
:1076200061A88E3DFEFFFFFF000000C0FFFFFFFFCF
:10763000FFFFFFFF5471A4BDFEFFFFFF000000C06D
:10764000FFFFFFFFFFFFFFFF77A074BDFEFFFFFFFF
:10765000000000C0FFFFFFFFFFFFFFFFA75F6A3EC4
:10766000FEFFFFFF000000C0FFFFFFFFFFFFFFFF67
:107670008621043EFEFFFFFF000000C0FFFFFFFF6A
:10768000FFFFFFFF00000080FEFFFFFF000000C0C3
:10769000FFFFFFFFFFFFFFFF29A7513EFEFFFFFF98
:1076A000000000C0FFFFFFFFFFFFFFFFD210C8BBBD
:1076B000FEFFFFFF000000C0FFFFFFFFFFFFFFFF17
:1076C0003452C5BDFEFFFFFF000000C0FFFFFFFFFB
:1076D000FFFFFFFF7BAB1D3E0200000020DD3CC131
:1076E000F8080000F9080000000000C001000000D8
:1076F000C01394C1FA080000FB080000000000C09D
:107700000000000031FE3744FC080000FD080000C6
:10771000000000C004000000AD27DB42FE080000AE
:10772000FF080000000000C000000000183F88446F
:107730000009000001090000000000C00100000075
:10774000B1EFEF440209000003090000000000C08F
:1077500001000000B14FB544040900000509000014
:10776000000000C004000000725DE0C206090000D5
:1077700007090000000000C000000000C4F87C43BE
:107780000809000009090000000000C00100000015
:10779000C4BE95430A0900000B090000000000C0A8
:1077A00004000000CBAC9E420C0900000D09000053
:1077B000000000C004000000CDBC2B430E090000F7
:1077C0000F090000000000C00400000065468F4261
:1077D0001009000011090000000000C001000000B5
:1077E0003CC198C31209000013090000000000C04A
:1077F000020000008C0C4944140900001509000027
:10780000000000C0FEFFFFFF000000C0FFFFFFFF01
:10781000FFFFFFFFC61C853DFEFFFFFF000000C00D
:10782000FFFFFFFFFFFFFFFFEEA15A3EFEFFFFFF3E
:10783000000000C0FFFFFFFFFFFFFFFF6C5E803D09
:10784000FEFFFFFF000000C0FFFFFFFFFFFFFFFF85
:10785000404FFABDFEFFFFFF000000C0FFFFFFFF2B
:10786000FFFFFFFF00000080FEFFFFFF000000C0E1
:10787000FFFFFFFFFFFFFFFF59469FBDFEFFFFFF1A
:10788000000000C0FFFFFFFFFFFFFFFFEF18123EE9
:10789000FEFFFFFF000000C0FFFFFFFFFFFFFFFF35
:1078A00000000080FEFFFFFF000000C0FFFFFFFFA1
:1078B000FFFFFFFFE01706BEFEFFFFFF000000C056
:1078C000FFFFFFFFFFFFFFFF520D0B3DFEFFFFFF1E
:1078D000000000C0FFFFFFFFFFFFFFFFA7357B3E5B
:1078E000FEFFFFFF000000C0FFFFFFFFFFFFFFFFE5
:1078F00000000080FEFFFFFF000000C0FFFFFFFF51
:10790000FFFFFFFF2CAF103DFEFFFFFF000000C098
:10791000FFFFFFFFFFFFFFFF637A183EFEFFFFFF41
:10792000000000C0FFFFFFFFFFFFFFFFA8D3E3BD84
:10793000FEFFFFFF000000C0FFFFFFFFFFFFFFFF94
:107940003A6A9C3D00000000780EC2C21709000090
:1079500018090000000000C0020000008C8C0944DF
:10796000190900001A090000000000C00100000011
:10797000887D45431B0900001C090000000000C071
:1079800003000000065249431D0900001E090000C3
:10799000000000C001000000887D7F431F09000037
:1079A00020090000000000C002000000BA59ACC469
:1079B0002109000022090000000000C003000000AF
:1079C000B38C17C32309000024090000000000C085
:1079D00000000000E880F0C425090000260900002E
:1079E000000000C0000000009E03F4C3270900004F
:1079F00028090000000000C003000000E8B720C212
:107A0000290900002A090000000000C00100000050
:107A1000D8B741452B0900002C090000000000C028
:107A200003000000088A8DC22D0900002E09000005
:107A3000000000C000000000627CCB432F09000062
:107A400030090000000000C001000000C43EA9434E
:107A50003109000032090000000000C003000000EE
:107A60007466BE433309000034090000000000C002
:107A7000FEFFFFFF000000C0FFFFFFFFFFFFFFFF53
:107A8000C44E3A3DFEFFFFFF000000C0FFFFFFFFB6
:107A9000FFFFFFFF1561BFBDFEFFFFFF000000C03D
:107AA000FFFFFFFFFFFFFFFF3CDF8C3BFEFFFFFF01
:107AB000000000C0FFFFFFFFFFFFFFFF72A0203E9E
:107AC000FEFFFFFF000000C0FFFFFFFFFFFFFFFF03
:107AD00001FD343EFEFFFFFF000000C0FFFFFFFF7F
:107AE000FFFFFFFFB2F6383DFEFFFFFF000000C0C2
:107AF000FFFFFFFFFFFFFFFFB59C20BDFEFFFFFF65
:107B0000000000C0FFFFFFFFFFFFFFFFD7C9A23D3E
:107B1000FEFFFFFF000000C0FFFFFFFFFFFFFFFFB2
:107B200000000080FEFFFFFF000000C0FFFFFFFF1E
:107B3000FFFFFFFF6249033EFEFFFFFF000000C0A2
:107B4000FFFFFFFFFFFFFFFF31DF933CFEFFFFFF63
:107B5000000000C0FFFFFFFFFFFFFFFF818A87BD1E
:107B6000FEFFFFFF000000C0FFFFFFFFFFFFFFFF62
:107B700000000080FEFFFFFF000000C0FFFFFFFFCE
:107B8000FFFFFFFF4FB0FABDFEFFFFFF000000C088
:107B9000FFFFFFFFFFFFFFFF8D139F3DFEFFFFFF76
:107BA000000000C0FFFFFFFFFFFFFFFF590875BD8A
:107BB000000000003C0710C3360900003709000030
:107BC000000000C0000000009E038FC338090000C1
:107BD00039090000000000C002000000D2CD23C31C
:107BE0003A0900003B090000000000C0FEFFFFFF53
:107BF000000000C0FFFFFFFFFFFFFFFFDA3711BEED
:107C000005000000AC30D5413C0900003D090000F2
:107C1000000000C0FEFFFFFF000000C0FFFFFFFFED
:107C2000FFFFFFFFAD1F0EBE040000005366DC40E7
:107C30003E0900003F090000000000C002000000F3
:107C40008C0C71444009000041090000000000C094
:107C500004000000E899C1BF420900004309000088
:107C6000000000C0020000008C8C68444409000041
:107C700045090000000000C00500000034EB31435E
:107C80004609000047090000000000C0FEFFFFFF9A
:107C9000000000C0FFFFFFFFFFFFFFFFB1CE05BEEA
:107CA000FEFFFFFF000000C0FFFFFFFFFFFFFFFF21
:107CB00000000080FEFFFFFF000000C0FFFFFFFF8D
:107CC000FFFFFFFF8622C3BDFEFFFFFF000000C0D5
:107CD000FFFFFFFFFFFFFFFFA80DF03DFEFFFFFFCF
:107CE000000000C0FFFFFFFFFFFFFFFF25D3CABC5E
:107CF000FEFFFFFF000000C0FFFFFFFFFFFFFFFFD1
:107D00005FB0DE3DFEFFFFFF000000C0FFFFFFFF92
:107D1000FFFFFFFF403DDF3DFEFFFFFF000000C013
:107D2000FFFFFFFFFFFFFFFFF4D114BE00000000C4
:107D3000313E0E44490900004A090000000000C01D
:107D400000000000E8C09FC44B0900004C0900007F
:107D5000000000C0050000000AD387434D09000061
:107D60004E090000000000C005000000D9938242C7
:107D70004F09000050090000000000C0050000008D
:107D8000D5B3DBC25109000052090000000000C059
:107D9000010000009EE016C45309000054090000D1
:107DA000000000C0FEFFFFFF000000C0FFFFFFFF5C
:107DB000FFFFFFFF00000080FEFFFFFF000000C08C
:107DC000FFFFFFFFFFFFFFFFBB212EBE00000000F3
:107DD000E880F0C45509000056090000000000C00A
:107DE0000500000014F2ACC3570900005809000058
:107DF000000000C0010000009E2029C459090000B5
:107E00005A090000000000C00000000031BE4C44D0
:107E10005B0900005C090000000000C0FEFFFFFFDE
:107E2000000000C0FFFFFFFFFFFFFFFF4F9810BEE5
:107E3000FEFFFFFF000000C0FFFFFFFFFFFFFFFF8F
:107E40009E6E08BCFEFFFFFF000000C0FFFFFFFFAB
:107E5000FFFFFFFF8658593DFEFFFFFF000000C0F7
:107E6000FFFFFFFFFFFFFFFF331C19BEFEFFFFFFF9
:107E7000000000C0FFFFFFFFFFFFFFFF573BE23D99
:107E8000FEFFFFFF000000C0FFFFFFFFFFFFFFFF3F
:107E9000EC770E3EFEFFFFFF000000C0FFFFFFFF7C
:107EA000FFFFFFFFA87352BCFEFFFFFF000000C0F2
:107EB000FFFFFFFFFFFFFFFF00000080FEFFFFFF4F
:107EC000000000C0FFFFFFFFFFFFFFFF69F601BEDC
:107ED00002000000D2CD68C35E0900005F09000007
:107EE000000000C0FEFFFFFF000000C0FFFFFFFF1B
:107EF000FFFFFFFF68D60DBE050000006B4616426F
:107F00006009000061090000000000C005000000D9
:107F10002D8A4FC16209000063090000000000C003
:107F2000020000001799D8436409000065090000A9
:107F3000000000C005000000AC57CAC2660900007E
:107F400067090000000000C0020000008C8C5F4444
:107F50006809000069090000000000C0010000007D
:107F6000E0090EC26A0900006B090000000000C0B1
:107F7000FEFFFFFF000000C0FFFFFFFFFFFFFFFF4E
:107F800060380BBEFEFFFFFF000000C0FFFFFFFFD9
:107F9000FFFFFFFFB53F12BEFEFFFFFF000000C066
:107FA000FFFFFFFFFFFFFFFFE91B8ABCFEFFFFFF94
:107FB000000000C0FFFFFFFFFFFFFFFF1459B63DA9
:107FC000FEFFFFFF000000C0FFFFFFFFFFFFFFFFFE
:107FD0003CB8E5BDFEFFFFFF000000C0FFFFFFFF54
:107FE000FFFFFFFFD15F713CFEFFFFFF000000C0FD
:107FF000FFFFFFFFFFFFFFFF5BDCEBBD00000000AA
:108000009E03D1C36D0900006E090000000000C08E
:108010000300000068B39A426F0900007009000075
:10802000000000C001000000788214C37109000044
:1080300072090000000000C004000000D7330BC329
:108040007309000074090000000000C00400000073
:10805000471111437509000076090000000000C0B7
:1080600004000000B8CE0143770900007809000041
:10807000000000C001000000C4BE8943790900006F
:108080007A090000000000C000000000E8C0B2C48F
:108090007B0900007C090000000000C00400000013
:1080A000FAA898C17D0900007E090000000000C008
:1080B00004000000D223BA417F09000080090000BB
:1080C000000000C003000000B4590543810900000E
:1080D00082090000000000C0010000003C41AAC36A
:1080E0008309000084090000000000C003000000B4
:1080F0002D5347C48509000086090000000000C018
:1081000000000000627CCE4387090000880900005F
:10811000000000C00300000038781BC3890900007C
:108120008A090000000000C0FEFFFFFF000000C041
:10813000FFFFFFFFFFFFFFFF00000080FEFFFFFFCC
:10814000000000C0FFFFFFFFFFFFFFFF1B74EBBD40
:10815000FEFFFFFF000000C0FFFFFFFFFFFFFFFF6C
:10816000B7384F3EFEFFFFFF000000C0FFFFFFFFDC
:10817000FFFFFFFF84CA653DFEFFFFFF000000C058
:10818000FFFFFFFFFFFFFFFFA27C063CFEFFFFFF9C
:10819000000000C0FFFFFFFFFFFFFFFF756B143EF5
:1081A000FEFFFFFF000000C0FFFFFFFFFFFFFFFF1C
:1081B00000000080FEFFFFFF000000C0FFFFFFFF88
:1081C000FFFFFFFF778A14BEFEFFFFFF000000C025
:1081D000FFFFFFFFFFFFFFFF814008BEFEFFFFFF25
:1081E000000000C0FFFFFFFFFFFFFFFF27A906BD44
:1081F000FEFFFFFF000000C0FFFFFFFFFFFFFFFFCC
:10820000820738BEFEFFFFFF000000C0FFFFFFFF38
:10821000FFFFFFFF28415C3DFEFFFFFF000000C0A5
:10822000FFFFFFFFFFFFFFFF5F5FD73BFEFFFFFF8B
:10823000000000C0FFFFFFFFFFFFFFFF9197B53D6C
:10824000FEFFFFFF000000C0FFFFFFFFFFFFFFFF7B
:10825000D935DA3DFEFFFFFF000000C0FFFFFFFF42
:10826000FFFFFFFF18F57ABD020000005C64AA4220
:108270008C0900008D090000000000C00300000010
:10828000D095F2438E0900008F090000000000C065
:108290000000000031FE3744900900009109000001
:1082A000000000C004000000F48889429209000028
:1082B00093090000000000C00400000033FF1D44CB
:1082C0009409000095090000000000C003000000B0
:1082D000D095F2439609000097090000000000C005
:1082E000020000008C4C3A449809000099090000F3
:1082F000000000C003000000898554429A09000074
:108300009B090000000000C00200000074736DC4EF
:108310009C0900009D090000000000C00200000050
:108320006F868AC59E0900009F090000000000C0FA
:10833000FEFFFFFF000000C0FFFFFFFFFFFFFFFF8A
:108340000000008003000000B25E04C4A009000029
:10835000A1090000000000C000000000E039C0C119
:10836000A2090000A3090000000000C004000000F2
:10837000325C38C1A4090000A5090000000000C05B
:108380000200000046269E44A6090000A70900003E
:10839000000000C0FEFFFFFF000000C0FFFFFFFF66
:1083A000FFFFFFFF1EF88A3DFEFFFFFF000000C039
:1083B000FFFFFFFFFFFFFFFF8D12CABCFEFFFFFFA5
:1083C000000000C0FFFFFFFFFFFFFFFF2315E53C9C
:1083D000FEFFFFFF000000C0FFFFFFFFFFFFFFFFEA
:1083E000AD1FBFBDFEFFFFFF000000C0FFFFFFFF8E
:1083F000FFFFFFFF00000080FEFFFFFF000000C046
:10840000FFFFFFFFFFFFFFFF5D26193EFEFFFFFF9F
:10841000000000C0FFFFFFFFFFFFFFFF953D6D3D28
:10842000FEFFFFFF000000C0FFFFFFFFFFFFFFFF99
:10843000E76307BEFEFFFFFF000000C0FFFFFFFF76
:10844000FFFFFFFF63C8A53EFEFFFFFF000000C067
:10845000FFFFFFFFFFFFFFFF00000080FEFFFFFFA9
:10846000000000C0FFFFFFFFFFFFFFFFE835193EE0
:10847000FEFFFFFF000000C0FFFFFFFFFFFFFFFF49
:1084800000000080FEFFFFFF000000C0FFFFFFFFB5
:10849000FFFFFFFF299917BDFEFFFFFF000000C08F
:1084A000FFFFFFFFFFFFFFFFE3ECE33D05000000E0
:1084B00033B7C9C3A9090000AA090000000000C021
:1084C00002000000BAB98CC4AB090000AC0900007E
:1084D000000000C001000000F0049DC2AD090000D2
:1084E000AE090000000000C0010000009E6006C44C
:1084F000AF090000B0090000000000C00200000049
:108500008C8C3E44B1090000B2090000000000C09C
:10851000020000008C8C4544B3090000B40900003F
:10852000000000C000000000780EF0C2B509000095
:10853000B6090000000000C000000000183FDD4444
:10854000B7090000B8090000000000C0FEFFFFFFEF
:10855000000000C0FFFFFFFFFFFFFFFF00000080E3
:10856000010000004F90FCC4B9090000BA090000E6
:10857000000000C00100000028380AC5BB09000047
:10858000BC090000000000C002000000BA59ACC4E1
:10859000BD090000BE090000000000C0000000008E
:1085A00088F18F42BF090000C0090000000000C030
:1085B00001000000D8B76E45C1090000C2090000E3
:1085C000000000C0050000006E4D9BC2C309000002
:1085D000C4090000000000C0FEFFFFFF000000C053
:1085E000FFFFFFFFFFFFFFFFFE5C10BEFEFFFFFF70
:1085F000000000C0FFFFFFFFFFFFFFFF0000008043
:10860000FEFFFFFF000000C0FFFFFFFFFFFFFFFFB7
:10861000569BA53DFEFFFFFF000000C0FFFFFFFFD0
:10862000FFFFFFFFC8573F3EFEFFFFFF000000C0F7
:10863000FFFFFFFFFFFFFFFF900B6C3DFEFFFFFF03
:10864000000000C0FFFFFFFFFFFFFFFF00000080F2
:10865000FEFFFFFF000000C0FFFFFFFFFFFFFFFF67
:10866000DCFD013DFEFFFFFF000000C0FFFFFFFF3C
:10867000FFFFFFFFD0DCCFBDFEFFFFFF000000C00B
:10868000FFFFFFFFFFFFFFFFC900323EFEFFFFFFBE
:10869000000000C0FFFFFFFFFFFFFFFF1E798CBD42
:1086A000FEFFFFFF000000C0FFFFFFFFFFFFFFFF17
:1086B000CB8B21BDFEFFFFFF000000C0FFFFFFFFCF
:1086C000FFFFFFFFBB49823EFEFFFFFF000000C02F
:1086D000FFFFFFFFFFFFFFFFD8CD91BDFEFFFFFFB4
:1086E000000000C0FFFFFFFFFFFFFFFF2D7C133DD9
:1086F00002000000D2CD68C3C6090000C70900000F
:10870000000000C0FEFFFFFF000000C0FFFFFFFFF2
:10871000FFFFFFFFD90D12BE04000000C495A4C2E4
:10872000C8090000C9090000000000C003000000E3
:10873000BB078743CA090000CB090000000000C046
:1087400001000000C4BEA543CC090000CD09000013
:10875000000000C0030000008CD981C3CE090000D6
:10876000CF090000000000C004000000157E00C317
:10877000D0090000D1090000000000C00200000084
:108780008C4C3A44D2090000D3090000000000C01C
:1087900004000000B7FE9542D4090000D50900008E
:1087A000000000C0FEFFFFFF000000C0FFFFFFFF52
:1087B000FFFFFFFF00000080FEFFFFFF000000C082
:1087C000FFFFFFFFFFFFFFFFD5531CBEFEFFFFFFB4
:1087D000000000C0FFFFFFFFFFFFFFFF0000008061
:1087E000FEFFFFFF000000C0FFFFFFFFFFFFFFFFD6
:1087F000CE21843DFEFFFFFF000000C0FFFFFFFF12
:10880000FFFFFFFFF5223FBDFEFFFFFF000000C09E
:10881000FFFFFFFFFFFFFFFF2C96743DFEFFFFFFF2
:10882000000000C0FFFFFFFFFFFFFFFF7536933D15
:10883000FEFFFFFF000000C0FFFFFFFFFFFFFFFF85
:10884000DAAC05BE02000000E9E69CC3D7090000CF
:10885000D8090000000000C000000000C07350C133
:10886000D9090000DA090000000000C0050000007E
:1088700086A36243DB090000DC090000000000C0A1
:1088800001000000788272C3DD090000DE090000EB
:10889000000000C0050000002A544443DF09000026
:1088A000E0090000000000C0020000008C8C684459
:1088B000E1090000E2090000000000C00000000023
:1088C00062FC8C43E3090000E4090000000000C0E2
:1088D000FEFFFFFF000000C0FFFFFFFFFFFFFFFFE5
:1088E000C23209BE0100000010FBEE42E5090000A3
:1088F000E6090000000000C001000000B12F8D4417
:10890000E7090000E8090000000000C0FEFFFFFFCB
:10891000000000C0FFFFFFFFFFFFFFFF000000801F
:10892000010000003C41BDC3E9090000EA09000064
:10893000000000C0000000003C0771C3EB0900000C
:10894000EC090000000000C00200000046269E4422
:10895000ED090000EE090000000000C0FEFFFFFF6F
:10896000000000C0FFFFFFFFFFFFFFFF00000080CF
:10897000FEFFFFFF000000C0FFFFFFFFFFFFFFFF44
:108980004936223EFEFFFFFF000000C0FFFFFFFF51
:10899000FFFFFFFF0A927ABDFEFFFFFF000000C04D
:1089A000FFFFFFFFFFFFFFFFF55612BEFEFFFFFFB9
:1089B000000000C0FFFFFFFFFFFFFFFF000000807F
:1089C000FEFFFFFF000000C0FFFFFFFFFFFFFFFFF4
:1089D000F885863DFEFFFFFF000000C0FFFFFFFFA0
:1089E000FFFFFFFFF02B3FBBFEFFFFFF000000C0BB
:1089F000FFFFFFFFFFFFFFFF00000080FEFFFFFF04
:108A0000000000C0FFFFFFFFFFFFFFFF789614BECE
:108A1000FEFFFFFF000000C0FFFFFFFFFFFFFFFFA3
:108A2000A0CE233EFEFFFFFF000000C0FFFFFFFFC0
:108A3000FFFFFFFF000000800000000088F181427E
:108A4000F0090000F1090000000000C00100000072
:108A5000887D7743F2090000F3090000000000C0A0
:108A600000000000627C8343F4090000F509000067
:108A7000000000C004000000610FF5C1F60900000D
:108A8000F7090000000000C000000000F01C70C2E8
:108A9000F8090000F9090000000000C00000000013
:108AA00062FC8043FA090000FB090000000000C0DE
:108AB000FEFFFFFF000000C0FFFFFFFFFFFFFFFF03
:108AC000F29713BE020000002E326B43FC09000037
:108AD000FD090000000000C002000000483763C22A
:108AE000FE090000FF090000000000C004000000B3
:108AF000A590C8C2000A0000010A0000000000C0E2
:108B000001000000621F0144020A0000030A000085
:108B1000000000C0FEFFFFFF000000C0FFFFFFFFDE
:108B2000FFFFFFFF6C3694BDFEFFFFFF000000C09B
:108B3000FFFFFFFFFFFFFFFF00000080FEFFFFFFC2
:108B4000000000C0FFFFFFFFFFFFFFFF57129F3B2A
:108B5000FEFFFFFF000000C0FFFFFFFFFFFFFFFF62
:108B60004B9EADBDFEFFFFFF000000C0FFFFFFFFFB
:108B7000FFFFFFFF84D602BEFEFFFFFF000000C024
:108B8000FFFFFFFFFFFFFFFFDF3CB23DFEFFFFFFE8
:108B9000000000C0FFFFFFFFFFFFFFFF000000809D
:108BA000FEFFFFFF000000C0FFFFFFFFFFFFFFFF12
:108BB000336711BEFEFFFFFF000000C0FFFFFFFF95
:108BC000FFFFFFFFBF7F553DFEFFFFFF000000C01E
:108BD000FFFFFFFFFFFFFFFF666FD8BD050000002E
:108BE00054288942050A0000060A0000000000C05F
:108BF00004000000BA3EFBC2070A0000080A000099
:108C0000000000C004000000C84CA441090A000094
:108C10000A0A0000000000C00100000028183FC53B
:108C20000B0A00000C0A0000000000C00500000054
:108C3000F3B88DC20D0A00000E0A0000000000C04B
:108C400001000000C43EC0430F0A0000100A0000EB
:108C5000000000C001000000887D3E43110A0000B2
:108C6000120A0000000000C0FEFFFFFF000000C06D
:108C7000FFFFFFFFFFFFFFFF00000080FEFFFFFF81
:108C8000000000C0FFFFFFFFFFFFFFFF674511BEB1
:108C9000020000008C0C2C44130A0000140A00008F
:108CA000000000C00400000017EE02C2150A000018
:108CB000160A0000000000C00100000078827DC399
:108CC000170A0000180A0000000000C0020000009F
:108CD000D2CD0CC3190A00001A0A0000000000C01F
:108CE000020000008C4C7A441B0A00001C0A0000A1
:108CF000000000C0020000008C8C19441D0A000016
:108D00001E0A0000000000C0FEFFFFFF000000C0C0
:108D1000FFFFFFFFFFFFFFFFCDC45B3DFEFFFFFF37
:108D2000000000C0FFFFFFFFFFFFFFFFA46DDFBDDE
:108D3000FEFFFFFF000000C0FFFFFFFFFFFFFFFF80
:108D400018ACB13CFEFFFFFF000000C0FFFFFFFFBB
:108D5000FFFFFFFFDEB93FBDFEFFFFFF000000C0C9
:108D6000FFFFFFFFFFFFFFFF5F718DBCFEFFFFFFF7
:108D7000000000C0FFFFFFFFFFFFFFFFDBBEB13DB4
:108D8000FEFFFFFF000000C0FFFFFFFFFFFFFFFF30
:108D900085F3413CFEFFFFFF000000C0FFFFFFFF27
:108DA000FFFFFFFF92BED6BDFEFFFFFF000000C029
:108DB000FFFFFFFFFFFFFFFF7DC311BEFEFFFFFFB1
:108DC000000000C0FFFFFFFFFFFFFFFF000000806B
:108DD000FEFFFFFF000000C0FFFFFFFFFFFFFFFFE0
:108DE0001927E7BCFEFFFFFF000000C0FFFFFFFFE9
:108DF000FFFFFFFF359F6F3E020000007091994119
:108E0000200A0000210A0000000000C0000000004D
:108E100088F1D942220A0000230A0000000000C0A5
:108E20000000000031FE3744240A0000250A00003B
:108E3000000000C002000000D2CD76C3260A000068
:108E4000270A0000000000C0040000001DE5F542F4
:108E5000280A0000290A0000000000C002000000EB
:108E60004686C6442A0A00002B0A0000000000C003
:108E700005000000885BA9422C0A00002D0A0000B2
:108E8000000000C004000000A38887432E0A0000F1
:108E90002F0A0000000000C004000000AFE794C2E9
:108EA000300A0000310A0000000000C0020000008B
:108EB00074B366C4320A0000330A0000000000C028
:108EC0000500000014F2ACC3340A0000350A0000AB
:108ED000000000C00500000014F2ACC3360A000018
:108EE000370A0000000000C000000000F01C2CC287
:108EF000380A0000390A0000000000C00500000028
:108F00008FB40CC43A0A00003B0A0000000000C005
:108F1000020000001799FC433C0A00003D0A0000D3
:108F2000000000C0FEFFFFFF000000C0FFFFFFFFCA
:108F3000FFFFFFFFECEDAA3DFEFFFFFF000000C0BA
:108F4000FFFFFFFFFFFFFFFFC012353CFEFFFFFFEB
:108F5000000000C0FFFFFFFFFFFFFFFF5DC0A7BDD8
:108F6000FEFFFFFF000000C0FFFFFFFFFFFFFFFF4E
:108F7000524EB93CFEFFFFFF000000C0FFFFFFFFA5
:108F8000FFFFFFFF5EA1483EFEFFFFFF000000C0A5
:108F9000FFFFFFFFFFFFFFFF531F653BFEFFFFFFCC
:108FA000000000C0FFFFFFFFFFFFFFFFCE5E233D7D
:108FB000FEFFFFFF000000C0FFFFFFFFFFFFFFFFFE
:108FC0005BF8ECBDFEFFFFFF000000C0FFFFFFFFEE
:108FD000FFFFFFFF00000080FEFFFFFF000000C05A
:108FE000FFFFFFFFFFFFFFFF859E05BEFEFFFFFFA8
:108FF000000000C0FFFFFFFFFFFFFFFF760BCABCB2
:10900000FEFFFFFF000000C0FFFFFFFFFFFFFFFFAD
:109010006F90933EFEFFFFFF000000C0FFFFFFFFC9
:10902000FFFFFFFF00000080FEFFFFFF000000C009
:10903000FFFFFFFFFFFFFFFF786ED83DFEFFFFFF42
:10904000000000C0FFFFFFFFFFFFFFFF00000080E8
:10905000FEFFFFFF000000C0FFFFFFFFFFFFFFFF5D
:1090600079CECDBD04000000E4BA6EC23F0A000014
:10907000400A0000000000C005000000179E8E425C
:10908000410A0000420A0000000000C00400000085
:1090900047111143430A0000440A0000000000C0C9
:1090A00003000000825126C2450A0000460A000063
:1090B000000000C0030000001CE2FA41470A000063
:1090C000480A0000000000C0050000003DAE9FC33C
:1090D000490A00004A0A0000000000C00500000024
:1090E0008802DAC14B0A00004C0A0000000000C0F0
:1090F00004000000E31AF4C24D0A00004E0A00000A
:10910000000000C00400000001A0DAC24F0A000005
:10911000500A0000000000C001000000F004CDC2B1
:10912000510A0000520A0000000000C004000000C4
:10913000906A96C3530A0000540A0000000000C061
:1091400004000000D4632842550A0000560A0000BB
:10915000000000C001000000887D0543570A0000A0
:10916000580A0000000000C001000000B1AFAC448C
:10917000590A00005A0A0000000000C00400000064
:10918000C26558435B0A00005C0A0000000000C092
:10919000FEFFFFFF000000C0FFFFFFFFFFFFFFFF1C
:1091A000A51ACE3DFEFFFFFF000000C0FFFFFFFF3E
:1091B000FFFFFFFF8B85953EFEFFFFFF000000C015
:1091C000FFFFFFFFFFFFFFFF7314083EFEFFFFFFDF
:1091D000000000C0FFFFFFFFFFFFFFFFC0C490BB08
:1091E000FEFFFFFF000000C0FFFFFFFFFFFFFFFFCC
:1091F0001CB4D7BDFEFFFFFF000000C0FFFFFFFF54
:10920000FFFFFFFFDF12783DFEFFFFFF000000C001
:10921000FFFFFFFFFFFFFFFF7A12DA3DFEFFFFFFB8
:10922000000000C0FFFFFFFFFFFFFFFF04D3BCBD36
:10923000FEFFFFFF000000C0FFFFFFFFFFFFFFFF7B
:1092400004F83F3EFEFFFFFF000000C0FFFFFFFFEE
:10925000FFFFFFFF374ADE3CFEFFFFFF000000C0BC
:10926000FFFFFFFFFFFFFFFF8239D1BDFEFFFFFFC2
:10927000000000C0FFFFFFFFFFFFFFFF719808BD68
:10928000FEFFFFFF000000C0FFFFFFFFFFFFFFFF2B
:10929000D1A701BDFEFFFFFF000000C0FFFFFFFFE1
:1092A000FFFFFFFF1686023EFEFFFFFF000000C02B
:1092B000FFFFFFFFFFFFFFFF59EDD73CFEFFFFFF62
:1092C000000000C0FFFFFFFFFFFFFFFFA812283EC6
:1092D00002000000D2CD4EC35E0A00005F0A00000B
:1092E000000000C00500000052748143600A0000C5
:1092F000610A0000000000C005000000D5B3DBC219
:10930000620A0000630A0000000000C0FEFFFFFFC9
:10931000000000C0FFFFFFFFFFFFFFFF04FC0DBECA
:10932000FEFFFFFF000000C0FFFFFFFFFFFFFFFF8A
:109330000000008005000000CC5423C3640A000034
:10934000650A0000000000C003000000197338C364
:10935000660A0000670A0000000000C0FEFFFFFF71
:10936000000000C0FFFFFFFFFFFFFFFF01AB1ABEC1
:10937000030000005A42DAC2680A0000690A0000CD
:10938000000000C005000000B22738426A0A000051
:109390006B0A0000000000C001000000C43EC04392
:1093A0006C0A00006D0A0000000000C0FEFFFFFF15
:1093B000000000C0FFFFFFFFFFFFFFFF0000008075
:1093C000FEFFFFFF000000C0FFFFFFFFFFFFFFFFEA
:1093D0003CAB06BEFEFFFFFF000000C0FFFFFFFF2B
:1093E000FFFFFFFF0E35F93DFEFFFFFF000000C04D
:1093F000FFFFFFFFFFFFFFFF24016FBDFEFFFFFF29
:10940000000000C0FFFFFFFFFFFFFFFFB370D2BCF3
:10941000FEFFFFFF000000C0FFFFFFFFFFFFFFFF99
:109420006890453D00000000317E03446F0A000053
:10943000700A0000000000C0040000002C9C66C2FE
:10944000710A0000720A0000000000C00100000064
:1094500078823BC3730A0000740A0000000000C059
:1094600005000000430179C2750A0000760A000079
:10947000000000C005000000171EF442770A00003B
:10948000780A0000000000C000000000313E2044C7
:10949000790A00007A0A0000000000C0FEFFFFFF0A
:1094A000000000C0FFFFFFFFFFFFFFFF456910BE88
:1094B000040000000A6739C37B0A00007C0A000030
:1094C000000000C00500000086A362437D0A000082
:1094D0007E0A0000000000C0040000005B284C3F32
:1094E0007F0A0000800A0000000000C001000000A8
:1094F000B10F8444810A0000820A0000000000C00D
:10950000040000009E19D0C1830A0000840A0000F4
:10951000000000C005000000D8DB1143850A0000F0
:10952000860A0000000000C0FEFFFFFF000000C030
:10953000FFFFFFFFFFFFFFFF0D6EF7BDFEFFFFFF09
:10954000000000C0FFFFFFFFFFFFFFFFB669E03D27
:10955000FEFFFFFF000000C0FFFFFFFFFFFFFFFF58
:1095600083B901BEFEFFFFFF000000C0FFFFFFFF49
:10957000FFFFFFFF1690A73DFEFFFFFF000000C0AA
:10958000FFFFFFFFFFFFFFFF31A1563DFEFFFFFF83
:10959000000000C0FFFFFFFFFFFFFFFFA1850CBD24
:1095A000FEFFFFFF000000C0FFFFFFFFFFFFFFFF08
:1095B000E31D0D3EFEFFFFFF000000C0FFFFFFFFA9
:1095C000FFFFFFFF9A70A5BCFEFFFFFF000000C079
:1095D000FFFFFFFFFFFFFFFFD9CC51BAFEFFFFFFE8
:1095E000000000C0FFFFFFFFFFFFFFFF83CB9A3D9E
:1095F000FEFFFFFF000000C0FFFFFFFFFFFFFFFFB8
:109600001B7BACBDFEFFFFFF000000C0FFFFFFFFA4
:10961000FFFFFFFF0000008002000000E9E6A9C391
:10962000880A0000890A0000000000C0FEFFFFFF5A
:10963000000000C0FFFFFFFFFFFFFFFF6C1E10BE1A
:1096400001000000C4BEC7438A0A00008B0A000064
:10965000000000C0010000009E2029C48C0A000008
:109660008D0A0000000000C0FEFFFFFF000000C0E8
:10967000FFFFFFFFFFFFFFFF962102BEFEFFFFFF80
:10968000000000C0FFFFFFFFFFFFFFFFD7FB00BE92
:1096900005000000A6609A428E0A00008F0A0000B2
:1096A000000000C0FEFFFFFF000000C0FFFFFFFF43
:1096B000FFFFFFFF7BEB3C3DFEFFFFFF000000C014
:1096C000FFFFFFFFFFFFFFFF4BA0C5BD0500000030
:1096D000DA93EB42910A0000920A0000000000C0F9
:1096E000000000009E03D1C3930A0000940A00000A
:1096F000000000C003000000C68F0C42950A000065
:10970000960A0000000000C00300000006D21443C7
:10971000970A0000980A0000000000C00200000044
:109720008C8C0644990A00009A0A0000000000C0D0
:1097300000000000313E08449B0A00009C0A000023
:10974000000000C0000000003C0767C39D0A000045
:109750009E0A0000000000C002000000BAB9A2C4C6
:109760009F0A0000A00A0000000000C000000000E6
:109770009E83EAC3A10A0000A20A0000000000C004
:109780000000000031FE0944A30A0000A40A000002
:10979000000000C0000000003C074AC3A50A00000A
:1097A000A60A0000000000C0020000004666A344B4
:1097B000A70A0000A80A0000000000C0FEFFFFFF8B
:1097C000000000C0FFFFFFFFFFFFFFFF0000008061
:1097D000020000004666A344A90A0000AA0A00008D
:1097E000000000C00200000070919941AB0A000027
:1097F000AC0A0000000000C0FEFFFFFF000000C038
:10980000FFFFFFFFFFFFFFFFFD8DBBBDFEFFFFFF63
:10981000000000C0FFFFFFFFFFFFFFFFD342C33D7B
:10982000FEFFFFFF000000C0FFFFFFFFFFFFFFFF85
:109830003C1C08BEFEFFFFFF000000C0FFFFFFFF53
:10984000FFFFFFFF00000080FEFFFFFF000000C0E1
:10985000FFFFFFFFFFFFFFFFBD85E4BCFEFFFFFF33
:10986000000000C0FFFFFFFFFFFFFFFFA3C4283D74
:10987000FEFFFFFF000000C0FFFFFFFFFFFFFFFF35
:1098800080B2AABCFEFFFFFF000000C0FFFFFFFF89
:10989000FFFFFFFFDC3508BEFEFFFFFF000000C03A
:1098A000FFFFFFFFFFFFFFFF752E11BEFEFFFFFF53
:1098B000000000C0FFFFFFFFFFFFFFFF0000008070
:1098C000FEFFFFFF000000C0FFFFFFFFFFFFFFFFE5
:1098D000E7D0C0BCFEFFFFFF000000C0FFFFFFFF9E
:1098E000FFFFFFFFF9EC303EFEFFFFFF000000C06E
:1098F000FFFFFFFFFFFFFFFF0C2BFD3DFEFFFFFF04
:10990000000000C0FFFFFFFFFFFFFFFF3234953C68
:109910000200000000E9E6BFAE0A0000AF0A000046
:10992000000000C001000000788232C3B00A0000CD
:10993000B10A0000000000C000000000627CF74394
:10994000B20A0000B30A0000000000C000000000DE
:10995000627CD243B40A0000B50A0000000000C0D7
:1099600003000000E463AD43B60A0000B70A00003C
:10997000000000C00200000046269E44B80A000015
:10998000B90A0000000000C000000000181F804459
:10999000BA0A0000BB0A0000000000C0030000007B
:1099A000088A8DC2BC0A0000BD0A0000000000C089
:1099B00002000000743306C4BE0A0000BF0A0000A3
:1099C000000000C001000000C43E9243C00A000035
:1099D000C10A0000000000C002000000DDEC52C51A
:1099E000C20A0000C30A0000000000C0030000001B
:1099F0003AF30344C40A0000C50A0000000000C096
:109A00000100000062DF3844C60A0000C70A0000F7
:109A1000000000C0020000004686C644C80A0000DC
:109A2000C90A0000000000C001000000D8B76E4560
:109A3000CA0A0000CB0A0000000000C0FEFFFFFFC2
:109A4000000000C0FFFFFFFFFFFFFFFF62EB88BCCD
:109A5000FEFFFFFF000000C0FFFFFFFFFFFFFFFF53
:109A6000626EE03DFEFFFFFF000000C0FFFFFFFF52
:109A7000FFFFFFFF96679DBDFEFFFFFF000000C0D8
:109A8000FFFFFFFFFFFFFFFF19901A3EFEFFFFFFE2
:109A9000000000C0FFFFFFFFFFFFFFFF9B3C0FBB6D
:109AA000FEFFFFFF000000C0FFFFFFFFFFFFFFFF03
:109AB0002413D0BDFEFFFFFF000000C0FFFFFFFF2B
:109AC000FFFFFFFF00000080FEFFFFFF000000C05F
:109AD000FFFFFFFFFFFFFFFFD81EF93DFEFFFFFF67
:109AE000000000C0FFFFFFFFFFFFFFFFAB1307BE3B
:109AF000FEFFFFFF000000C0FFFFFFFFFFFFFFFFB3
:109B0000815B8A3CFEFFFFFF000000C0FFFFFFFFFC
:109B1000FFFFFFFFD0FD8DBCFEFFFFFF000000C078
:109B2000FFFFFFFFFFFFFFFFE02FD23EFEFFFFFF23
:109B3000000000C0FFFFFFFFFFFFFFFF282E43BB19
:109B4000FEFFFFFF000000C0FFFFFFFFFFFFFFFF62
:109B50001E4A263EFEFFFFFF000000C0FFFFFFFF82
:109B6000FFFFFFFFB105E43DFEFFFFFF000000C067
:109B7000FFFFFFFFFFFFFFFF000000800500000068
:109B800033B7C9C3CD0A0000CE0A0000000000C0F0
:109B900002000000BAF991C4CF0A0000D00A000008
:109BA000000000C0020000008C4C3244D10A0000CA
:109BB000D20A0000000000C0FEFFFFFF000000C04E
:109BC000FFFFFFFFFFFFFFFF00000080020000001B
:109BD0008CCC4F44D30A0000D40A0000000000C01F
:109BE00001000000F0049DC2D50A0000D60A000062
:109BF000000000C00100000010FB8C42D70A0000EA
:109C0000D80A0000000000C003000000D11128C3E2
:109C1000D90A0000DA0A0000000000C001000000BC
:109C200028380AC5DB0A0000DC0A0000000000C07A
:109C300002000000BAB98CC4DD0A0000DE0A000090
:109C4000000000C00500000038F5ACBFDF0A0000CE
:109C5000E00A0000000000C0010000009EA009C44E
:109C6000E10A0000E20A0000000000C0020000005B
:109C70008C4C7A44E30A0000E40A0000000000C0B3
:109C8000FEFFFFFF000000C0FFFFFFFFFFFFFFFF21
:109C90005B0E943DFEFFFFFF000000C0FFFFFFFFD3
:109CA000FFFFFFFF0B884E3EFEFFFFFF000000C0DE
:109CB000FFFFFFFFFFFFFFFFF62CAC3DFEFFFFFFA6
:109CC000000000C0FFFFFFFFFFFFFFFFC4D9DDBCA6
:109CD000FEFFFFFF000000C0FFFFFFFFFFFFFFFFD1
:109CE000F275BA3CFEFFFFFF000000C0FFFFFFFF60
:109CF000FFFFFFFF6C38CEBDFEFFFFFF000000C07E
:109D0000FFFFFFFFFFFFFFFFE15CCABCFEFFFFFF9D
:109D1000000000C0FFFFFFFFFFFFFFFF4001D33C3B
:109D2000FEFFFFFF000000C0FFFFFFFFFFFFFFFF80
:109D30009A018B3CFEFFFFFF000000C0FFFFFFFF0A
:109D4000FFFFFFFFB821153EFEFFFFFF000000C030
:109D5000FFFFFFFFFFFFFFFF0326E63CFEFFFFFFC5
:109D6000000000C0FFFFFFFFFFFFFFFF03CBFCBCB5
:109D70000000000010E36F42E60A0000E70A00005E
:109D8000000000C0050000009882E141E80A0000E0
:109D9000E90A0000000000C003000000D15111C317
:109DA000EA0A0000EB0A0000000000C00300000007
:109DB0004AAEBE42EC0A0000ED0A0000000000C0FE
:109DC000000000009E03CAC3EE0A0000EF0A000074
:109DD000000000C005000000E0C234C3F00A00002B
:109DE000F10A0000000000C001000000C43ED5439D
:109DF000F20A0000F30A0000000000C003000000A7
:109E0000D49AB2C3F40A0000F50A0000000000C0B2
:109E10000500000054CFF8C1F60A0000F70A000060
:109E2000000000C0FEFFFFFF000000C0FFFFFFFFBB
:109E3000FFFFFFFF0AC017BE01000000B1AF9D4445
:109E4000F80A0000F90A0000000000C0FEFFFFFF52
:109E5000000000C0FFFFFFFFFFFFFFFF192008BE4B
:109E6000010000004F1086C4FA0A0000FB0A00003F
:109E7000000000C0050000002D3C7342FC0A0000F9
:109E8000FD0A0000000000C000000000313E284430
:109E9000FE0A0000FF0A0000000000C0FEFFFFFFF6
:109EA000000000C0FFFFFFFFFFFFFFFF000000807A
:109EB000FEFFFFFF000000C0FFFFFFFFFFFFFFFFEF
:109EC000E7870EBEFEFFFFFF000000C0FFFFFFFFA1
:109ED000FFFFFFFF699BF5BDFEFFFFFF000000C015
:109EE000FFFFFFFFFFFFFFFF349C5C3DFEFFFFFF16
:109EF000000000C0FFFFFFFFFFFFFFFFBCE2AEBCA2
:109F0000FEFFFFFF000000C0FFFFFFFFFFFFFFFF9E
:109F10005336033EFEFFFFFF000000C0FFFFFFFFC0
:109F2000FFFFFFFFDB11EFBDFEFFFFFF000000C0E2
:109F3000FFFFFFFFFFFFFFFF311E093EFEFFFFFF98
:109F4000000000C0FFFFFFFFFFFFFFFFAC5F1DBD74
:109F5000FEFFFFFF000000C0FFFFFFFFFFFFFFFF4E
:109F600073CF663DFEFFFFFF000000C0FFFFFFFF55
:109F7000FFFFFFFF6A5E9F3DFEFFFFFF000000C086
:109F8000FFFFFFFFFFFFFFFF8A2F3DBD0300000023
:109F900006524943010B0000020B0000000000C004
:109FA0000400000029EC1FC3030B0000040B000099
:109FB000000000C0020000001799EF43050B0000ED
:109FC000060B0000000000C004000000A44036C3DF
:109FD000070B0000080B0000000000C0000000009C
:109FE000627CF743090B00000A0B0000000000C070
:109FF000000000003C074FC30B0B00000C0B0000DF
:10A00000000000C0FEFFFFFF000000C0FFFFFFFFD9
:10A01000FFFFFFFF0C3C28BEFEFFFFFF000000C05B
:10A02000FFFFFFFFFFFFFFFFD62312BE020000006D
:10A03000E9E68DC30D0B00000E0B0000000000C010
:10A0400000000000E8A0DAC40F0B0000100B0000B5
:10A05000000000C0030000000CA4A442110B00008B
:10A06000120B0000000000C003000000061259435C
:10A07000130B0000140B0000000000C000000000E3
:10A080003C0745C3150B0000160B0000000000C084
:10A09000FEFFFFFF000000C0FFFFFFFFFFFFFFFF0D
:10A0A000628C8D3CFEFFFFFF000000C0FFFFFFFF42
:10A0B000FFFFFFFF6347F3BDFEFFFFFF000000C08F
:10A0C000FFFFFFFFFFFFFFFFAE6929BEFEFFFFFF9F
:10A0D000000000C0FFFFFFFFFFFFFFFFE78CE53C34
:10A0E000FEFFFFFF000000C0FFFFFFFFFFFFFFFFBD
:10A0F0003F40CBBDFEFFFFFF000000C0FFFFFFFFA2
:10A10000FFFFFFFF00000080FEFFFFFF000000C018
:10A11000FFFFFFFFFFFFFFFF00000080FEFFFFFFCC
:10A12000000000C0FFFFFFFFFFFFFFFF7DF01CBE30
:10A13000FEFFFFFF000000C0FFFFFFFFFFFFFFFF6C
:10A1400000000080FEFFFFFF000000C0FFFFFFFFD8
:10A15000FFFFFFFF5D9124BD00000000C4F84543F0
:10A16000180B0000190B0000000000C005000000E3
:10A17000B22738421A0B00001B0B0000000000C081
:10A18000FEFFFFFF000000C0FFFFFFFFFFFFFFFF1C
:10A19000574A09BE050000008DD2ABC21C0B00005F
:10A1A0001D0B0000000000C00500000054A8E7429D
:10A1B0001E0B00001F0B0000000000C0FEFFFFFF91
:10A1C000000000C0FFFFFFFFFFFFFFFFDCBF0CBE72
:10A1D000020000008C4C7A44200B0000210B000090
:10A1E000000000C0040000007F948EC1220B00001C
:10A1F000230B0000000000C0FEFFFFFF000000C0B6
:10A20000FFFFFFFFFFFFFFFF632A13BEFEFFFFFFFD
:10A21000000000C0FFFFFFFFFFFFFFFF092A613DB5
:10A22000FEFFFFFF000000C0FFFFFFFFFFFFFFFF7B
:10A23000648E32BEFEFFFFFF000000C0FFFFFFFF85
:10A24000FFFFFFFF38A5D3BDFEFFFFFF000000C0EA
:10A25000FFFFFFFFFFFFFFFF000000800500000081
:10A2600088DBAC42250B0000260B0000000000C07C
:10A2700004000000D7330BC3270B0000280B00009D
:10A28000000000C0040000004981AFC2290B00009B
:10A290002A0B0000000000C0010000004F90CAC45B
:10A2A0002B0B00002C0B0000000000C0020000007F
:10A2B0008C0C34442D0B00002E0B0000000000C05D
:10A2C0000200000074F32BC42F0B0000300B0000C1
:10A2D000000000C002000000E9E69CC3310B000052
:10A2E000320B0000000000C0FEFFFFFF000000C0B6
:10A2F000FFFFFFFFFFFFFFFF0000008004000000E2
:10A300000A2726C3330B0000340B0000000000C0F6
:10A3100002000000BAB9A2C4350B0000360B0000E1
:10A32000000000C0010000009E200DC4370B00009B
:10A33000380B0000000000C001000000007802BFE0
:10A34000390B00003A0B0000000000C001000000C3
:10A35000C4BEEC433B0B00003C0B0000000000C0FF
:10A3600004000000EAB1CE423D0B00003E0B0000AD
:10A37000000000C0020000008C8C21443F0B000054
:10A38000400B0000000000C0FEFFFFFF000000C007
:10A39000FFFFFFFFFFFFFFFFC4DE1FBEFEFFFFFF4B
:10A3A000000000C0FFFFFFFFFFFFFFFF3C9264BD06
:10A3B000FEFFFFFF000000C0FFFFFFFFFFFFFFFFEA
:10A3C0004F5A84BDFEFFFFFF000000C0FFFFFFFFEC
:10A3D000FFFFFFFF9C2DB73CFEFFFFFF000000C00A
:10A3E000FFFFFFFFFFFFFFFF00000080FEFFFFFFFA
:10A3F000000000C0FFFFFFFFFFFFFFFF353308BE77
:10A40000FEFFFFFF000000C0FFFFFFFFFFFFFFFF99
:10A410009CF1B3BDFEFFFFFF000000C0FFFFFFFF88
:10A42000FFFFFFFF00000080FEFFFFFF000000C0F5
:10A43000FFFFFFFFFFFFFFFF4769BD3DFEFFFFFF7F
:10A44000000000C0FFFFFFFFFFFFFFFF4ADA73BD00
:10A45000FEFFFFFF000000C0FFFFFFFFFFFFFFFF49
:10A460009543C83DFEFFFFFF000000C0FFFFFFFF58
:10A47000FFFFFFFF2CEB69BDFEFFFFFF000000C0E8
:10A48000FFFFFFFFFFFFFFFF4F6EB5BDFEFFFFFFAA
:10A49000000000C0FFFFFFFFFFFFFFFF264CD63C80
:10A4A000020000007091E941420B0000430B0000E4
:10A4B000000000C001000000F004B9C2440B00001D
:10A4C000450B0000000000C005000000656E17C3CA
:10A4D000460B0000470B0000000000C00500000014
:10A4E000F24833C2480B0000490B0000000000C0D6
:10A4F000030000007466BE434A0B00004B0B0000D3
:10A50000000000C0020000008C8C63444C0B000073
:10A510004D0B0000000000C003000000E4A39643C0
:10A520004E0B00004F0B0000000000C003000000B5
:10A530002D5347C4500B0000510B0000000000C019
:10A54000010000003C41AEC3520B0000530B000061
:10A55000000000C003000000E8E471C0540B0000DC
:10A56000550B0000000000C0050000002A544443C1
:10A57000560B0000570B0000000000C00300000055
:10A5800089921CC4580B0000590B0000000000C049
:10A590000100000028380AC55A0B00005B0B0000C0
:10A5A000000000C001000000788253C35C0B000073
:10A5B0005D0B0000000000C005000000A6609A428C
:10A5C0005E0B00005F0B0000000000C0FEFFFFFFFD
:10A5D000000000C0FFFFFFFFFFFFFFFF0C3E9A3EA1
:10A5E000FEFFFFFF000000C0FFFFFFFFFFFFFFFFB8
:10A5F00085298F3BFEFFFFFF000000C0FFFFFFFF2C
:10A60000FFFFFFFFE893173EFEFFFFFF000000C0C3
:10A61000FFFFFFFFFFFFFFFF5E69633DFEFFFFFFE0
:10A62000000000C0FFFFFFFFFFFFFFFF629E783CBE
:10A63000FEFFFFFF000000C0FFFFFFFFFFFFFFFF67
:10A64000201082BDFEFFFFFF000000C0FFFFFFFFE4
:10A65000FFFFFFFF08D8043EFEFFFFFF000000C021
:10A66000FFFFFFFFFFFFFFFF31D4B7BDFEFFFFFF7E
:10A67000000000C0FFFFFFFFFFFFFFFF2EDB473D95
:10A68000FEFFFFFF000000C0FFFFFFFFFFFFFFFF17
:10A6900041FF94BDFEFFFFFF000000C0FFFFFFFF72
:10A6A000FFFFFFFF00000080FEFFFFFF000000C073
:10A6B000FFFFFFFFFFFFFFFFB45F5F3EFEFFFFFFF7
:10A6C000000000C0FFFFFFFFFFFFFFFF960DFDBD75
:10A6D000FEFFFFFF000000C0FFFFFFFFFFFFFFFFC7
:10A6E000AC1D53BDFEFFFFFF000000C0FFFFFFFFDA
:10A6F000FFFFFFFF5B3D993EFEFFFFFF000000C034
:10A70000FFFFFFFFFFFFFFFF4119C7BD040000006F
:10A71000292C33C3610B0000620B0000000000C055
:10A720000300000050EB81C2630B0000640B0000CB
:10A73000000000C004000000F4888942650B00009E
:10A74000660B0000000000C002000000A49B85C250
:10A75000670B0000680B0000000000C00300000051
:10A7600068B39A42690B00006A0B0000000000C049
:10A7700004000000920214C26B0B00006C0B00007E
:10A78000000000C0010000003C418BC36D0B0000C5
:10A790006E0B0000000000C001000000C4BED943E1
:10A7A0006F0B0000700B0000000000C001000000F3
:10A7B000625F5644710B0000720B0000000000C085
:10A7C000010000003CC1A3C3730B0000740B000028
:10A7D000000000C004000000B96E7AC3750B0000D1
:10A7E000760B0000000000C00200000017199F4314
:10A7F000770B0000780B0000000000C00300000091
:10A800001CE2FA41790B00007A0B0000000000C046
:10A8100004000000002C09447B0B00007C0B0000AE
:10A82000000000C00300000011144EC27D0B0000A8
:10A830007E0B0000000000C0FEFFFFFF000000C014
:10A84000FFFFFFFFFFFFFFFF3543E6BDFEFFFFFFFA
:10A85000000000C0FFFFFFFFFFFFFFFF00000080C0
:10A86000FEFFFFFF000000C0FFFFFFFFFFFFFFFF35
:10A870003B4D113EFEFFFFFF000000C0FFFFFFFF4A
:10A88000FFFFFFFF00000080FEFFFFFF000000C091
:10A89000FFFFFFFFFFFFFFFF860472BDFEFFFFFF0C
:10A8A000000000C0FFFFFFFFFFFFFFFF73D3183E54
:10A8B000FEFFFFFF000000C0FFFFFFFFFFFFFFFFE5
:10A8C000402C8C3DFEFFFFFF000000C0FFFFFFFF9C
:10A8D000FFFFFFFFF01691BCFEFFFFFF000000C06E
:10A8E000FFFFFFFFFFFFFFFF288367BDFEFFFFFFA6
:10A8F000000000C0FFFFFFFFFFFFFFFF7BED1A3EE0
:10A90000FEFFFFFF000000C0FFFFFFFFFFFFFFFF94
:10A91000C1C1B6BDFEFFFFFF000000C0FFFFFFFF8B
:10A92000FFFFFFFF60DA5DBCFEFFFFFF000000C01D
:10A93000FFFFFFFFFFFFFFFF697FECBCFEFFFFFF94
:10A94000000000C0FFFFFFFFFFFFFFFFDC98AB3DF3
:10A95000FEFFFFFF000000C0FFFFFFFFFFFFFFFF44
:10A96000C62536BDFEFFFFFF000000C0FFFFFFFF52
:10A97000FFFFFFFF55A2CB3D04000000C495A4C219
:10A98000800B0000810B0000000000C002000000EE
:10A990008C0C7144820B0000830B0000000000C08F
:10A9A000040000001D65BA42840B0000850B000006
:10A9B000000000C0FEFFFFFF000000C0FFFFFFFF20
:10A9C000FFFFFFFFC0C21BBE04000000157E00C3D6
:10A9D000860B0000870B0000000000C00400000090
:10A9E00062E6A941880B0000890B0000000000C04E
:10A9F000FEFFFFFF000000C0FFFFFFFFFFFFFFFFA4
:10AA000092380DBEFEFFFFFF000000C0FFFFFFFFFA
:10AA1000FFFFFFFFE2DA6FBD020000004606994427
:10AA20008A0B00008B0B0000000000C00200000039
:10AA30008C8C53448C0B00008D0B0000000000C078
:10AA400002000000D2CD76C38E0B00008F0B0000F9
:10AA5000000000C0FEFFFFFF000000C0FFFFFFFF7F
:10AA6000FFFFFFFF00000080FEFFFFFF000000C0AF
:10AA7000FFFFFFFFFFFFFFFFBA1CC93DFEFFFFFF07
:10AA8000000000C0FFFFFFFFFFFFFFFF3049FABCDF
:10AA9000FEFFFFFF000000C0FFFFFFFFFFFFFFFF03
:10AAA00062B7A93DFEFFFFFF000000C0FFFFFFFFF0
:10AAB000FFFFFFFF42C1F0BDFEFFFFFF000000C02F
:10AAC000FFFFFFFFFFFFFFFFFB16B83D0300000085
:10AAD00006524943910B0000920B0000000000C099
:10AAE000050000007C4C0A43930B0000940B00000F
:10AAF000000000C0050000003EA69543950B000035
:10AB0000960B0000000000C003000000A2A3F1C2E9
:10AB1000970B0000980B0000000000C00000000030
:10AB20009E83C2C3990B00009A0B0000000000C076
:10AB3000050000002D8A33C19B0B00009C0B000018
:10AB4000000000C003000000E4A396439D0B00003A
:10AB50009E0B0000000000C0050000007FF4414291
:10AB60009F0B0000A00B0000000000C005000000CB
:10AB7000F066C23FA10B0000A20B0000000000C065
:10AB8000FEFFFFFF000000C0FFFFFFFFFFFFFFFF12
:10AB90000B613A3E030000004B7B0242A30B000016
:10ABA000A40B0000000000C003000000365C8143DD
:10ABB000A50B0000A60B0000000000C0FEFFFFFF79
:10ABC000000000C0FFFFFFFFFFFFFFFFCFAF29BE68
:10ABD000FEFFFFFF000000C0FFFFFFFFFFFFFFFFC2
:10ABE000B192183EFEFFFFFF000000C0FFFFFFFF15
:10ABF000FFFFFFFF00000080FEFFFFFF000000C01E
:10AC0000FFFFFFFFFFFFFFFF5E73AFBDFEFFFFFF14
:10AC1000000000C0FFFFFFFFFFFFFFFF1DBA193E4E
:10AC2000FEFFFFFF000000C0FFFFFFFFFFFFFFFF71
:10AC3000EE64703DFEFFFFFF000000C0FFFFFFFF5E
:10AC4000FFFFFFFFF4BE39BDFEFFFFFF000000C0A5
:10AC5000FFFFFFFFFFFFFFFFB15D043EFEFFFFFFB1
:10AC6000000000C0FFFFFFFFFFFFFFFF47496EBD71
:10AC7000FEFFFFFF000000C0FFFFFFFFFFFFFFFF21
:10AC8000EA85A43BFEFFFFFF000000C0FFFFFFFFBF
:10AC9000FFFFFFFF1FFE0ABE00000000C4F81D43B7
:10ACA000A80B0000A90B0000000000C00500000078
:10ACB000DB830342AA0B0000AB0B0000000000C0C6
:10ACC00000000000627C8343AC0B0000AD0B000071
:10ACD000000000C0050000002D8A4FC1AE0B00002F
:10ACE000AF0B0000000000C00500000054A8E742C0
:10ACF000B00B0000B10B0000000000C0030000001A
:10AD000024164E41B20B0000B30B0000000000C03F
:10AD1000FEFFFFFF000000C0FFFFFFFFFFFFFFFF80
:10AD20000BB70DBE050000008DD2ABC2B40B000006
:10AD3000B50B0000000000C003000000DEE06CC2A4
:10AD4000B60B0000B70B0000000000C003000000BD
:10AD500076CF3443B80B0000B90B0000000000C0F0
:10AD6000FEFFFFFF000000C0FFFFFFFFFFFFFFFF30
:10AD7000944F0FBE03000000849E97C2BA0B0000E0
:10AD8000BB0B0000000000C00000000062FC80431C
:10AD9000BC0B0000BD0B0000000000C0FEFFFFFF69
:10ADA000000000C0FFFFFFFFFFFFFFFF94ED07BEA5
:10ADB000FEFFFFFF000000C0FFFFFFFFFFFFFFFFE0
:10ADC0000CD869B9FEFFFFFF000000C0FFFFFFFFC6
:10ADD000FFFFFFFF942F2ABCFEFFFFFF000000C013
:10ADE000FFFFFFFFFFFFFFFF8C69D93DFEFFFFFF65
:10ADF000000000C0FFFFFFFFFFFFFFFFB3FF41BDEB
:10AE0000FEFFFFFF000000C0FFFFFFFFFFFFFFFF8F
:10AE1000DD69A83EFEFFFFFF000000C0FFFFFFFF4F
:10AE2000FFFFFFFF975BB7BDFEFFFFFF000000C005
:10AE3000FFFFFFFFFFFFFFFFD045743BFEFFFFFF5B
:10AE4000000000C0FFFFFFFFFFFFFFFF32B20ABE9E
:10AE5000FEFFFFFF000000C0FFFFFFFFFFFFFFFF3F
:10AE6000000000800500000088DBAC42BF0B000042
:10AE7000C00B0000000000C0000000009E03E5C3FE
:10AE8000C10B0000C20B0000000000C00400000065
:10AE9000A49956C1C30B0000C40B0000000000C001
:10AEA00004000000E1D2DE43C50B0000C60B000029
:10AEB000000000C004000000157E00C3C70B0000A6
:10AEC000C80B0000000000C004000000867388C3A7
:10AED000C90B0000CA0B0000000000C00100000008
:10AEE00078825FC3CB0B0000CC0B0000000000C0D9
:10AEF0000400000068868BC2CD0B0000CE0B000062
:10AF0000000000C000000000CF8165C4CF0B00002E
:10AF1000D00B0000000000C0000000009E83A7C30B
:10AF2000D10B0000D20B0000000000C000000000A8
:10AF3000317E0544D30B0000D40B0000000000C09C
:10AF4000FEFFFFFF000000C0FFFFFFFFFFFFFFFF4E
:10AF5000545500BE0100000062DF3844D50B0000EC
:10AF6000D60B0000000000C000000000183F8C4419
:10AF7000D70B0000D80B0000000000C00400000048
:10AF8000C2655843D90B0000DA0B0000000000C076
:10AF9000FEFFFFFF000000C0FFFFFFFFFFFFFFFFFE
:10AFA0003D8465BBFEFFFFFF000000C0FFFFFFFF09
:10AFB000FFFFFFFF9B0DAD3DFEFFFFFF000000C048
:10AFC000FFFFFFFFFFFFFFFF15DC1DBEFEFFFFFFC2
:10AFD000000000C0FFFFFFFFFFFFFFFFA2C2A63C73
:10AFE000FEFFFFFF000000C0FFFFFFFFFFFFFFFFAE
:10AFF00000000080FEFFFFFF000000C0FFFFFFFF1A
:10B00000FFFFFFFFE3B4F9BDFEFFFFFF000000C03C
:10B01000FFFFFFFFFFFFFFFFEB460BBDFEFFFFFF44
:10B02000000000C0FFFFFFFFFFFFFFFFAE51043D28
:10B03000FEFFFFFF000000C0FFFFFFFFFFFFFFFF5D
:10B040006B429D3DFEFFFFFF000000C0FFFFFFFFC2
:10B05000FFFFFFFF552B30BDFEFFFFFF000000C0CC
:10B06000FFFFFFFFFFFFFFFFB2A908BEFEFFFFFFCC
:10B07000000000C0FFFFFFFFFFFFFFFF0000008098
:10B08000FEFFFFFF000000C0FFFFFFFFFFFFFFFF0D
:10B0900075EA0D3CFEFFFFFF000000C0FFFFFFFF51
:10B0A000FFFFFFFF1E8F00BE0000000018FF84445A
:10B0B000DC0B0000DD0B0000000000C00100000000
:10B0C000C4BE8943DE0B0000DF0B0000000000C09F
:10B0D00005000000986163C3E00B0000E10B000075
:10B0E000000000C0040000003E362A44E20B0000CD
:10B0F000E30B0000000000C00000000074001EC54B
:10B10000E40B0000E50B0000000000C0010000009F
:10B11000D8472245E60B0000E70B0000000000C006
:10B1200005000000CF3CE042E80B0000E90B000006
:10B13000000000C0010000003CC188C3EA0B000011
:10B14000EB0B0000000000C000000000E880F0C42D
:10B15000EC0B0000ED0B0000000000C0010000003F
:10B16000B1AFA444EE0B0000EF0B0000000000C0E4
:10B1700001000000D8470845F00B0000F10B00006B
:10B18000000000C004000000FFB79843F20B00006D
:10B19000F30B0000000000C004000000F610ABC379
:10B1A000F40B0000F50B0000000000C004000000DC
:10B1B0008B429141F60B0000F70B0000000000C02D
:10B1C00001000000F00481C2F80B0000F90B000040
:10B1D000000000C0FEFFFFFF000000C0FFFFFFFFF8
:10B1E000FFFFFFFFE4F2133DFEFFFFFF000000C082
:10B1F000FFFFFFFFFFFFFFFFEDD325BBFEFFFFFFBC
:10B20000000000C0FFFFFFFFFFFFFFFF55C5263E08
:10B21000FEFFFFFF000000C0FFFFFFFFFFFFFFFF7B
:10B2200081227CBEFEFFFFFF000000C0FFFFFFFF8A
:10B23000FFFFFFFF735A073EFEFFFFFF000000C045
:10B24000FFFFFFFFFFFFFFFF9045B1BCFEFFFFFFC9
:10B25000000000C0FFFFFFFFFFFFFFFF3E4CC5BD2A
:10B26000FEFFFFFF000000C0FFFFFFFFFFFFFFFF2B
:10B27000D6AC553BFEFFFFFF000000C0FFFFFFFF05
:10B28000FFFFFFFF04EBBBBDFEFFFFFF000000C0A0
:10B29000FFFFFFFFFFFFFFFF00000080FEFFFFFF3B
:10B2A000000000C0FFFFFFFFFFFFFFFF0000008066
:10B2B000FEFFFFFF000000C0FFFFFFFFFFFFFFFFDB
:10B2C0002F34E53DFEFFFFFF000000C0FFFFFFFF42
:10B2D000FFFFFFFF83131D3EFEFFFFFF000000C0C6
:10B2E000FFFFFFFFFFFFFFFF00000080FEFFFFFFEB
:10B2F000000000C0FFFFFFFFFFFFFFFF0000008016
:10B30000FEFFFFFF000000C0FFFFFFFFFFFFFFFF8A
:10B31000562024BE04000000AE1730C3FB0B000013
:10B32000FC0B0000000000C005000000CF3CB6424E
:10B33000FD0B0000FE0B0000000000C00400000038
:10B34000B6DE4842FF0B0000000C0000000000C009
:10B350000300000050EB81C2010C0000020C000051
:10B36000000000C00300000068B39A42030C000014
:10B37000040C0000000000C0040000005FCF0FC2FA
:10B38000050C0000060C0000000000C005000000D5
:10B390007C2B8CC1070C0000080C0000000000C0D2
:10B3A00005000000E4F58740090C00000A0C0000CD
:10B3B000000000C0010000003CC1A3C30B0C000052
:10B3C0000C0C0000000000C003000000555B9DC194
:10B3D0000D0C00000E0C0000000000C00100000079
:10B3E0009E601BC40F0C0000100C0000000000C089
:10B3F00003000000555B9DC1110C0000120C000001
:10B40000000000C00300000024164E41130C000091
:10B41000140C0000000000C00500000033B7C9C3D1
:10B42000150C0000160C0000000000C00400000015
:10B4300047516343170C0000180C0000000000C0C7
:10B44000FEFFFFFF000000C0FFFFFFFFFFFFFFFF49
:10B4500087FACB3DFEFFFFFF000000C0FFFFFFFFAC
:10B46000FFFFFFFF634D83BDFEFFFFFF000000C035
:10B47000FFFFFFFFFFFFFFFF00000080FEFFFFFF59
:10B48000000000C0FFFFFFFFFFFFFFFF8EAC0E3E7E
:10B49000FEFFFFFF000000C0FFFFFFFFFFFFFFFFF9
:10B4A0001DDF76BDFEFFFFFF000000C0FFFFFFFFB6
:10B4B000FFFFFFFF0485953DFEFFFFFF000000C07A
:10B4C000FFFFFFFFFFFFFFFF00000080FEFFFFFF09
:10B4D000000000C0FFFFFFFFFFFFFFFF107FE9BD7F
:10B4E000FEFFFFFF000000C0FFFFFFFFFFFFFFFFA9
:10B4F0007B071E3EFEFFFFFF000000C0FFFFFFFFB7
:10B50000FFFFFFFFE47707BDFEFFFFFF000000C065
:10B51000FFFFFFFFFFFFFFFFD0A4B7BDFEFFFFFF50
:10B52000000000C0FFFFFFFFFFFFFFFF21F2C1BCD3
:10B53000FEFFFFFF000000C0FFFFFFFFFFFFFFFF58
:10B54000C3DB903DFEFFFFFF000000C0FFFFFFFFD9
:10B55000FFFFFFFF387C02BDFEFFFFFF000000C0C1
:10B56000FFFFFFFFFFFFFFFF0BEBAD3CFEFFFFFF09
:10B57000000000C0FFFFFFFFFFFFFFFF7C521D3EEA
:10B58000000000003C0738C31A0C00001B0C000030
:10B59000000000C0020000002E3237431C0C0000E7
:10B5A0001D0C0000000000C004000000C495A4C2EF
:10B5B0001E0C00001F0C0000000000C00400000072
:10B5C000261C3642200C0000210C0000000000C0A8
:10B5D000000000009E0391C3220C0000230C000019
:10B5E000000000C003000000BB078743240C0000DC
:10B5F000250C0000000000C002000000D2CD76C380
:10B60000260C0000270C0000000000C00400000011
:10B6100043618441280C0000290C0000000000C098
:10B62000FEFFFFFF000000C0FFFFFFFFFFFFFFFF67
:10B630009D5AF3BDFEFFFFFF000000C0FFFFFFFFAC
:10B64000FFFFFFFF921C16BE04000000D68383425A
:10B650002A0C00002B0C0000000000C003000000BA
:10B660008CD981C32C0C00002D0C0000000000C000
:10B67000FEFFFFFF000000C0FFFFFFFFFFFFFFFF17
:10B6800000000080FEFFFFFF000000C0FFFFFFFF83
:10B69000FFFFFFFFC3AE05BE04000000528F0D4147
:10B6A0002E0C00002F0C0000000000C0FEFFFFFF6A
:10B6B000000000C0FFFFFFFFFFFFFFFF768B50BDC4
:10B6C000FEFFFFFF000000C0FFFFFFFFFFFFFFFFC7
:10B6D000EF30743EFEFFFFFF000000C0FFFFFFFFE2
:10B6E000FFFFFFFFD0D5AFBDFEFFFFFF000000C092
:10B6F000FFFFFFFFFFFFFFFFDA00EF3DFEFFFFFF51
:10B70000000000C0FFFFFFFFFFFFFFFF0000008001
:10B71000FEFFFFFF000000C0FFFFFFFFFFFFFFFF76
:10B72000526119BEFEFFFFFF000000C0FFFFFFFFD8
:10B73000FFFFFFFF3F6E383CFEFFFFFF000000C031
:10B74000FFFFFFFFFFFFFFFF98D8963D03000000BB
:10B7500006125943310C0000320C0000000000C0FA
:10B7600004000000E4BA6EC2330C0000340C000088
:10B77000000000C001000000625F5644350C00006C
:10B78000360C0000000000C0020000002E322343EF
:10B79000370C0000380C0000000000C0030000005F
:10B7A0006B6B3DC3390C00003A0C0000000000C078
:10B7B000020000001799C1433B0C00003C0C000044
:10B7C000000000C0FEFFFFFF000000C0FFFFFFFF02
:10B7D000FFFFFFFFEF2E1EBE04000000A44036C393
:10B7E0003D0C00003E0C0000000000C00200000004
:10B7F0008C8C63443F0C0000400C0000000000C033
:10B80000040000008B429141410C0000420C0000FA
:10B81000000000C0040000006CBDB141430C0000FA
:10B82000440C0000000000C002000000747349C412
:10B83000450C0000460C0000000000C004000000A1
:10B840009A2929C3470C0000480C0000000000C0E2
:10B85000FEFFFFFF000000C0FFFFFFFFFFFFFFFF35
:10B86000950C05BEFEFFFFFF000000C0FFFFFFFFBD
:10B87000FFFFFFFFE729DC3CFEFFFFFF000000C0E9
:10B88000FFFFFFFFFFFFFFFF918503BEFEFFFFFFEE
:10B89000000000C0FFFFFFFFFFFFFFFF0000008070
:10B8A000FEFFFFFF000000C0FFFFFFFFFFFFFFFFE5
:10B8B000C27010BEFEFFFFFF000000C0FFFFFFFFD1
:10B8C000FFFFFFFF8592753BFEFFFFFF000000C0FA
:10B8D000FFFFFFFFFFFFFFFFE163483DFEFFFFFFAC
:10B8E000000000C0FFFFFFFFFFFFFFFF7E19A1BCAC
:10B8F000FEFFFFFF000000C0FFFFFFFFFFFFFFFF95
:10B9000007EA87BDFEFFFFFF000000C0FFFFFFFF4B
:10B91000FFFFFFFF24B0223DFEFFFFFF000000C03D
:10B92000FFFFFFFFFFFFFFFF00000080FEFFFFFFA4
:10B93000000000C0FFFFFFFFFFFFFFFF68CCFCBD62
:10B9400000000000C4F837434A0C00004B0C000014
:10B95000000000C001000000C4BEC7434C0C000042
:10B960004D0C0000000000C0FEFFFFFF000000C003
:10B97000FFFFFFFFFFFFFFFFFDE2EFBD0200000042
:10B98000D2CD23C34E0C00004F0C0000000000C0BD
:10B9900000000000780ED6C2500C0000510C0000D0
:10B9A000000000C000000000CF8102C4520C000063
:10B9B000530C0000000000C0020000008C8C5F44AB
:10B9C000540C0000550C0000000000C0FEFFFFFFFB
:10B9D000000000C0FFFFFFFFFFFFFFFF0E9E16BE2F
:10B9E0000100000062DF3D44560C0000570C0000CF
:10B9F000000000C0FEFFFFFF000000C0FFFFFFFFD0
:10BA0000FFFFFFFF84C8183CFEFFFFFF000000C0DF
:10BA1000FFFFFFFFFFFFFFFFB8DA12BEFEFFFFFFD1
:10BA2000000000C0FFFFFFFFFFFFFFFF2CC23D3DF6
:10BA3000FEFFFFFF000000C0FFFFFFFFFFFFFFFF53
:10BA4000B48119BEFEFFFFFF000000C0FFFFFFFF33
:10BA5000FFFFFFFF00000080FEFFFFFF000000C0AF
:10BA6000FFFFFFFFFFFFFFFF3355C4BD00000000D5
:10BA7000780ED6C2590C00005A0C0000000000C01D
:10BA800002000000BA39F8C45B0C00005C0C000036
:10BA9000000000C002000000D2CD31C35D0C0000E8
:10BAA0005E0C0000000000C0FEFFFFFF000000C0B1
:10BAB000FFFFFFFFFFFFFFFF1151FABD0100000074
:10BAC0004F10E9C45F0C0000600C0000000000C0D3
:10BAD0000000000062FCD843610C0000620C000012
:10BAE000000000C00000000010E33B42630C0000B7
:10BAF000640C0000000000C00200000046E6B444F0
:10BB0000650C0000660C0000000000C00100000091
:10BB1000F0048BC2670C0000680C0000000000C03D
:10BB2000050000009232BF42690C00006A0C000060
:10BB3000000000C001000000887D4F436B0C000036
:10BB40006C0C0000000000C005000000ED890C43F3
:10BB50006D0C00006E0C0000000000C0050000002D
:10BB60002A5444436F0C0000700C0000000000C019
:10BB7000FEFFFFFF000000C0FFFFFFFFFFFFFFFF12
:10BB80005932333EFEFFFFFF000000C0FFFFFFFF02
:10BB9000FFFFFFFF6F9BF6BDFEFFFFFF000000C031
:10BBA000FFFFFFFFFFFFFFFF185F193CFEFFFFFFD6
:10BBB000000000C0FFFFFFFFFFFFFFFFEED0513D81
:10BBC000FEFFFFFF000000C0FFFFFFFFFFFFFFFFC2
:10BBD000916F9DBDFEFFFFFF000000C0FFFFFFFF54
:10BBE000FFFFFFFF5E6A933DFEFFFFFF000000C006
:10BBF000FFFFFFFFFFFFFFFF8EAAAA3DFEFFFFFF33
:10BC0000000000C0FFFFFFFFFFFFFFFF161F0EBD7C
:10BC1000FEFFFFFF000000C0FFFFFFFFFFFFFFFF71
:10BC2000FDCBA23CFEFFFFFF000000C0FFFFFFFFB7
:10BC3000FFFFFFFFD2F6D1BDFEFFFFFF000000C0F7
:10BC4000FFFFFFFFFFFFFFFF108DFEBDFEFFFFFFA9
:10BC5000000000C0FFFFFFFFFFFFFFFFFAB00E3E36
:10BC60000200000000E9E6BF720C0000730C000047
:10BC7000000000C0030000002D5347C4740C0000F6
:10BC8000750C0000000000C00500000028E40EC391
:10BC9000760C0000770C0000000000C005000000DA
:10BCA000703F1BC4780C0000790C0000000000C03D
:10BCB00004000000130EC4427A0C00007B0C00004C
:10BCC000000000C0020000008CCC4F447C0C00003F
:10BCD0007D0C0000000000C004000000367375C237
:10BCE0007E0C00007F0C0000000000C0FEFFFFFF84
:10BCF000000000C0FFFFFFFFFFFFFFFF000000800C
:10BD000004000000C2655843800C0000810C000054
:10BD1000000000C003000000469484C2820C0000B2
:10BD2000830C0000000000C0030000002DF6294233
:10BD3000840C0000850C0000000000C0030000001F
:10BD4000E463AD43860C0000870C0000000000C0D7
:10BD500005000000703F1BC4880C0000890C000027
:10BD6000000000C0020000008C4C3A448A0C000025
:10BD70008B0C0000000000C00300000040938D43C6
:10BD80008C0C00008D0C0000000000C0FEFFFFFFC7
:10BD9000000000C0FFFFFFFFFFFFFFFF000000806B
:10BDA000FEFFFFFF000000C0FFFFFFFFFFFFFFFFE0
:10BDB0002775043FFEFFFFFF000000C0FFFFFFFFED
:10BDC000FFFFFFFF6AB4C93DFEFFFFFF000000C098
:10BDD000FFFFFFFFFFFFFFFF58B2973CFEFFFFFF93
:10BDE000000000C0FFFFFFFFFFFFFFFFA902C7BD6C
:10BDF000FEFFFFFF000000C0FFFFFFFFFFFFFFFF90
:10BE0000DF3ECC3CFEFFFFFF000000C0FFFFFFFF56
:10BE1000FFFFFFFF410C0CBDFEFFFFFF000000C055
:10BE2000FFFFFFFFFFFFFFFF934A1A3EFEFFFFFFEA
:10BE3000000000C0FFFFFFFFFFFFFFFF00000080CA
:10BE4000FEFFFFFF000000C0FFFFFFFFFFFFFFFF3F
:10BE5000921D233EFEFFFFFF000000C0FFFFFFFF1B
:10BE6000FFFFFFFFBF06AE3CFEFFFFFF000000C06C
:10BE7000FFFFFFFFFFFFFFFF71B686BDFEFFFFFF65
:10BE8000000000C0FFFFFFFFFFFFFFFF4294DABD8D
:10BE9000FEFFFFFF000000C0FFFFFFFFFFFFFFFFEF
:10BEA00000000080040000005C9F04C38F0C0000B1
:10BEB000900C0000000000C0050000002B4C9742D1
:10BEC000910C0000920C0000000000C00400000073
:10BED000B6DE4842930C0000940C0000000000C045
:10BEE00000000000627CF043950C0000960C0000FE
:10BEF000000000C00300000068B39A42970C0000E5
:10BF0000980C0000000000C004000000DAE35FC2EB
:10BF1000990C00009A0C0000000000C00000000016
:10BF20003C0710C39B0C00009C0C0000000000C0EC
:10BF300003000000A713A4C19D0C00009E0C00008C
:10BF4000000000C0030000001CE2FA419F0C00004A
:10BF5000A00C0000000000C003000000E8B720C2F1
:10BF6000A10C0000A20C0000000000C005000000B1
:10BF700086A36243A30C0000A40C0000000000C0D4
:10BF800003000000A713A4C1A50C0000A60C00002C
:10BF9000000000C0050000004E8A7A41A70C000096
:10BFA000A80C0000000000C00500000014F2ACC3A3
:10BFB000A90C0000AA0C0000000000C00300000053
:10BFC000EE06D7C0AB0C0000AC0C0000000000C0B7
:10BFD000FEFFFFFF000000C0FFFFFFFFFFFFFFFFAE
:10BFE000396D663DFEFFFFFF000000C0FFFFFFFF51
:10BFF000FFFFFFFF82DD0B3EFEFFFFFF000000C0E2
:10C00000FFFFFFFFFFFFFFFFDD1CD9BDFEFFFFFFAE
:10C01000000000C0FFFFFFFFFFFFFFFFF047AF3C46
:10C02000FEFFFFFF000000C0FFFFFFFFFFFFFFFF5D
:10C03000DFDACDBDFEFFFFFF000000C0FFFFFFFF06
:10C04000FFFFFFFF4AC83A3DFEFFFFFF000000C0B0
:10C05000FFFFFFFFFFFFFFFF7EA8C9BDFEFFFFFF41
:10C06000000000C0FFFFFFFFFFFFFFFFE988963CD5
:10C07000FEFFFFFF000000C0FFFFFFFFFFFFFFFF0D
:10C080002AAF113EFEFFFFFF000000C0FFFFFFFFD1
:10C09000FFFFFFFF91E22CBDFEFFFFFF000000C08D
:10C0A000FFFFFFFFFFFFFFFFEF96ABBDFEFFFFFFB0
:10C0B000000000C0FFFFFFFFFFFFFFFF3434D0BCD4
:10C0C000FEFFFFFF000000C0FFFFFFFFFFFFFFFFBD
:10C0D000A469A73DFEFFFFFF000000C0FFFFFFFFB8
:10C0E000FFFFFFFFA01605BDFEFFFFFF000000C021
:10C0F000FFFFFFFFFFFFFFFF00000080FEFFFFFFCD
:10C10000000000C0FFFFFFFFFFFFFFFF7E61C23D99
:10C11000040000003F2A81C2AE0C0000AF0C0000FA
:10C12000000000C00200000046468644B00C00003B
:10C13000B10C0000000000C00500000028E40EC3A0
:10C14000B20C0000B30C0000000000C005000000AD
:10C150003F027743B40C0000B50C0000000000C0A3
:10C16000040000009162EDC2B60C0000B70C0000A4
:10C17000000000C0FEFFFFFF000000C0FFFFFFFF48
:10C18000FFFFFFFFD5BC0FBE05000000D85B2A43B0
:10C19000B80C0000B90C0000000000C00100000055
:10C1A0009EA01FC4BA0C0000BB0C0000000000C021
:10C1B000FEFFFFFF000000C0FFFFFFFFFFFFFFFFCC
:10C1C00000000080FEFFFFFF000000C0FFFFFFFF38
:10C1D000FFFFFFFFDB9950BD0200000023B30845BD
:10C1E000BC0C0000BD0C0000000000C001000000FD
:10C1F000C43EC443BE0C0000BF0C0000000000C0E1
:10C2000001000000B16FD044C00C0000C10C000060
:10C21000000000C0FEFFFFFF000000C0FFFFFFFFA7
:10C22000FFFFFFFF00000080FEFFFFFF000000C0D7
:10C23000FFFFFFFFFFFFFFFF3EB908BEFEFFFFFF4E
:10C24000000000C0FFFFFFFFFFFFFFFF1745E13DBC
:10C25000FEFFFFFF000000C0FFFFFFFFFFFFFFFF2B
:10C2600000000080FEFFFFFF000000C0FFFFFFFF97
:10C27000FFFFFFFF020B34BCFEFFFFFF000000C00A
:10C28000FFFFFFFFFFFFFFFF6E5C833DFEFFFFFF31
:10C29000000000C0FFFFFFFFFFFFFFFF1C6411BE97
:10C2A000FEFFFFFF000000C0FFFFFFFFFFFFFFFFDB
:10C2B0005A332A3B04000000878B9FC2C30C000046
:10C2C000C40C0000000000C00300000038C45D4141
:10C2D000C50C0000C60C0000000000C003000000F8
:10C2E00006524943C70C0000C80C0000000000C003
:10C2F00004000000292C33C3C90C0000CA0C000044
:10C30000000000C001000000C43ED543CB0C00007B
:10C31000CC0C0000000000C0030000006B6B3DC3AC
:10C32000CD0C0000CE0C0000000000C00100000099
:10C33000625F4344CF0C0000D00C0000000000C03E
:10C34000FEFFFFFF000000C0FFFFFFFFFFFFFFFF3A
:10C350004835EEBD04000000E31AF4C2D10C000021
:10C36000D20C0000000000C000000000CF4144C417
:10C37000D30C0000D40C0000000000C0040000003A
:10C38000D7330BC3D50C0000D60C0000000000C052
:10C39000000000009E0395C3D70C0000D80C0000DD
:10C3A000000000C004000000D223BA41D90C0000F4
:10C3B000DA0C0000000000C00100000062DF3D4414
:10C3C000DB0C0000DC0C0000000000C003000000DB
:10C3D00006125943DD0C0000DE0C0000000000C016
:10C3E000FEFFFFFF000000C0FFFFFFFFFFFFFFFF9A
:10C3F000CBCEA13DFEFFFFFF000000C0FFFFFFFF0F
:10C40000FFFFFFFF0DBF02BDFEFFFFFF000000C0EA
:10C41000FFFFFFFFFFFFFFFF00000080FEFFFFFFA9
:10C42000000000C0FFFFFFFFFFFFFFFF889E0BBE65
:10C43000FEFFFFFF000000C0FFFFFFFFFFFFFFFF49
:10C44000D46E9BBDFEFFFFFF000000C0FFFFFFFF9B
:10C45000FFFFFFFF46A5F83CFEFFFFFF000000C006
:10C46000FFFFFFFFFFFFFFFF3462783DFEFFFFFF8E
:10C47000000000C0FFFFFFFFFFFFFFFFF396E4BDDA
:10C48000FEFFFFFF000000C0FFFFFFFFFFFFFFFFF9
:10C4900031211C3DFEFFFFFF000000C0FFFFFFFF3A
:10C4A000FFFFFFFF3C719CBCFEFFFFFF000000C0D0
:10C4B000FFFFFFFFFFFFFFFFB01524BDFEFFFFFFE3
:10C4C000000000C0FFFFFFFFFFFFFFFF0000008034
:10C4D000FEFFFFFF000000C0FFFFFFFFFFFFFFFFA9
:10C4E00000000080FEFFFFFF000000C0FFFFFFFF15
:10C4F000FFFFFFFF530E26BE04000000610FF5C1D1
:10C50000E00C0000E10C0000000000C0030000008F
:10C51000C4AAB7C0E20C0000E30C0000000000C099
:10C520000500000054CFF8C1E40C0000E50C000049
:10C53000000000C0050000005533FA40E60C000082
:10C54000E70C0000000000C004000000E31AE6C28F
:10C55000E80C0000E90C0000000000C0050000002D
:10C56000A180BBC2EA0C0000EB0C0000000000C080
:10C570000500000054288942EC0C0000ED0C00007E
:10C58000000000C003000000F9CBAAC1EE0C0000BF
:10C59000EF0C0000000000C0FEFFFFFF000000C025
:10C5A000FFFFFFFFFFFFFFFF774B55BE03000000BB
:10C5B000431C3B43F00C0000F10C0000000000C0E5
:10C5C00003000000E447AF42F20C0000F30C00004F
:10C5D000000000C0FEFFFFFF000000C0FFFFFFFFE4
:10C5E000FFFFFFFF893108BE0100000010FB804201
:10C5F000F40C0000F50C0000000000C00100000079
:10C600009E2029C4F60C0000F70C0000000000C0BA
:10C6100004000000B77097C0F80C0000F90C00008F
:10C62000000000C0FEFFFFFF000000C0FFFFFFFF93
:10C63000FFFFFFFF181909BEFEFFFFFF000000C04B
:10C64000FFFFFFFFFFFFFFFF00000080FEFFFFFF77
:10C65000000000C0FFFFFFFFFFFFFFFFFF870BBED3
:10C66000FEFFFFFF000000C0FFFFFFFFFFFFFFFF17
:10C67000746D733DFEFFFFFF000000C0FFFFFFFF72
:10C68000FFFFFFFFCE962DBCFEFFFFFF000000C0A6
:10C69000FFFFFFFFFFFFFFFF9FE4B13DFEFFFFFF36
:10C6A000000000C0FFFFFFFFFFFFFFFF19DFD63ACA
:10C6B000FEFFFFFF000000C0FFFFFFFFFFFFFFFFC7
:10C6C0002B3FE1BDFEFFFFFF000000C0FFFFFFFFAB
:10C6D000FFFFFFFFEDB4A7BDFEFFFFFF000000C09E
:10C6E000FFFFFFFFFFFFFFFF13637D3DFEFFFFFF27
:10C6F000000000C0FFFFFFFFFFFFFFFF0000008002
:10C70000FEFFFFFF000000C0FFFFFFFFFFFFFFFF76
:10C71000FB6EE1BD0000000018DF9144FB0C00003F
:10C72000FC0C0000000000C002000000BA39F8C490
:10C73000FD0C0000FE0C0000000000C00200000024
:10C74000BAD982C4FF0C0000000D0000000000C038
:10C75000FEFFFFFF000000C0FFFFFFFFFFFFFFFF26
:10C76000F6EE06BE00000000CFC107C4010D0000B8
:10C77000020D0000000000C0050000008FB40CC4D2
:10C78000030D0000040D0000000000C0FEFFFFFFCD
:10C79000000000C0FFFFFFFFFFFFFFFFD8A933BE6F
:10C7A00005000000179E8E42050D0000060D0000DA
:10C7B000000000C002000000747301C4070D0000F7
:10C7C000080D0000000000C000000000187FFA44BF
:10C7D000090D00000A0D0000000000C0010000006B
:10C7E00010FBA8420B0D00000C0D0000000000C063
:10C7F000FEFFFFFF000000C0FFFFFFFFFFFFFFFF86
:10C80000B2C88B3DFEFFFFFF000000C0FFFFFFFF2F
:10C81000FFFFFFFF00000080FEFFFFFF000000C0E1
:10C82000FFFFFFFFFFFFFFFF6BD1033DFEFFFFFF99
:10C83000000000C0FFFFFFFFFFFFFFFF69BC77BCE8
:10C84000FEFFFFFF000000C0FFFFFFFFFFFFFFFF35
:10C85000364BE93DFEFFFFFF000000C0FFFFFFFF7A
:10C86000FFFFFFFF00000080FEFFFFFF000000C091
:10C87000FFFFFFFFFFFFFFFF44CEEEBDFEFFFFFF08
:10C88000000000C0FFFFFFFFFFFFFFFF408A3F3DAA
:10C890000000000018FF84440E0D00000F0D000082
:10C8A000000000C001000000C43E9243100D0000D3
:10C8B000110D0000000000C0040000008B429141F7
:10C8C000120D0000130D0000000000C00300000066
:10C8D0003AF30344140D0000150D0000000000C0E1
:10C8E000030000000D00B643160D0000170D0000F8
:10C8F000000000C003000000F2011044180D000009
:10C90000190D0000000000C000000000185FA144E5
:10C910001A0D00001B0D0000000000C00300000005
:10C920002D5347C41C0D00001D0D0000000000C069
:10C93000FEFFFFFF000000C0FFFFFFFFFFFFFFFF44
:10C94000917D693E03000000265396C31E0D000032
:10C950001F0D0000000000C001000000D8B76E45A8
:10C96000200D0000210D0000000000C003000000A9
:10C97000D49AB2C3220D0000230D0000000000C0B5
:10C98000FEFFFFFF000000C0FFFFFFFFFFFFFFFFF4
:10C9900000000080010000004F309AC4240D000008
:10C9A000250D0000000000C0040000004719B0433E
:10C9B000260D0000270D0000000000C0FEFFFFFF55
:10C9C000000000C0FFFFFFFFFFFFFFFFA332313E6B
:10C9D000FEFFFFFF000000C0FFFFFFFFFFFFFFFFA4
:10C9E0006F5F283BFEFFFFFF000000C0FFFFFFFF5F
:10C9F000FFFFFFFFEDFF2B3EFEFFFFFF000000C02B
:10CA0000FFFFFFFFFFFFFFFFDC1CE6BDFEFFFFFF98
:10CA1000000000C0FFFFFFFFFFFFFFFFC5358F3D98
:10CA2000FEFFFFFF000000C0FFFFFFFFFFFFFFFF53
:10CA30002B5917BEFEFFFFFF000000C0FFFFFFFFE6
:10CA4000FFFFFFFF00000080FEFFFFFF000000C0AF
:10CA5000FFFFFFFFFFFFFFFF112A0F3EFEFFFFFF5B
:10CA6000000000C0FFFFFFFFFFFFFFFF000000808E
:10CA7000FEFFFFFF000000C0FFFFFFFFFFFFFFFF03
:10CA800011128DBDFEFFFFFF000000C0FFFFFFFF82
:10CA9000FFFFFFFF7DA3533DFEFFFFFF000000C02F
:10CAA000FFFFFFFFFFFFFFFF00000080040000000A
:10CAB000C3DD83C3290D00002A0D0000000000C063
:10CAC000000000003C0716C32B0D00002C0D0000D9
:10CAD000000000C0040000007ACCFD432D0D0000D2
:10CAE0002E0D0000000000C00200000074B309C455
:10CAF0002F0D0000300D0000000000C002000000FB
:10CB000074337AC4310D0000320D0000000000C003
:10CB1000020000008C0C0544330D0000340D0000B1
:10CB2000000000C000000000E8C0B2C4350D0000E5
:10CB3000360D0000000000C000000000CF4134C4EA
:10CB4000370D0000380D0000000000C0000000009C
:10CB5000E8C0B2C4390D00003A0D0000000000C06A
:10CB6000FEFFFFFF000000C0FFFFFFFFFFFFFFFF12
:10CB70000000008005000000CF3CE0423B0D0000BB
:10CB80003C0D0000000000C00000000088F1814260
:10CB90003D0D00003E0D0000000000C0040000003C
:10CBA0002C9C66C23F0D0000400D0000000000C03C
:10CBB00002000000DD7C29C5410D0000420D00008F
:10CBC000000000C002000000DD3C10C5430D000065
:10CBD000440D0000000000C0FEFFFFFF000000C089
:10CBE000FFFFFFFFFFFFFFFF00000080FEFFFFFFD2
:10CBF000000000C0FFFFFFFFFFFFFFFFA00DE2BD31
:10CC0000FEFFFFFF000000C0FFFFFFFFFFFFFFFF71
:10CC100000000080FEFFFFFF000000C0FFFFFFFFDD
:10CC2000FFFFFFFF825BC33DFEFFFFFF000000C070
:10CC3000FFFFFFFFFFFFFFFF938A303EFEFFFFFF76
:10CC4000000000C0FFFFFFFFFFFFFFFF00000080AC
:10CC5000FEFFFFFF000000C0FFFFFFFFFFFFFFFF21
:10CC6000624B7CBDFEFFFFFF000000C0FFFFFFFF27
:10CC7000FFFFFFFF7B16503CFEFFFFFF000000C0E0
:10CC8000FFFFFFFFFFFFFFFF3A7A0C3EFEFFFFFFB3
:10CC9000000000C0FFFFFFFFFFFFFFFF597B4FBCFD
:10CCA000FEFFFFFF000000C0FFFFFFFFFFFFFFFFD1
:10CCB00015C336BCFEFFFFFF000000C0FFFFFFFFF3
:10CCC000FFFFFFFFA59C0C3EFEFFFFFF000000C022
:10CCD000FFFFFFFFFFFFFFFF8E7E553EFEFFFFFFC2
:10CCE000000000C0FFFFFFFFFFFFFFFF000000800C
:10CCF0000000000088F1D942460D0000470D0000F9
:10CD0000000000C005000000B607CF41480D00003C
:10CD1000490D0000000000C0020000005C64CA422F
:10CD20004A0D00004B0D0000000000C00200000092
:10CD300046468B444C0D00004D0D0000000000C025
:10CD4000000000009E03CAC34E0D00004F0D0000FE
:10CD5000000000C001000000625F3344500D00007D
:10CD6000510D0000000000C001000000F004E5C209
:10CD7000520D0000530D0000000000C00100000033
:10CD8000C4BEF243540D0000550D0000000000C069
:10CD9000000000003C0733C3560D0000570D000093
:10CDA000000000C002000000B8C84442580D000056
:10CDB000590D0000000000C001000000B1AFA44404
:10CDC0005A0D00005B0D0000000000C005000000CF
:10CDD000171ECA425C0D00005D0D0000000000C07F
:10CDE0000000000062FCE7435E0D00005F0D0000E4
:10CDF000000000C0020000008C8C3E44600D00006A
:10CE0000610D0000000000C00000000031BE4C4475
:10CE1000620D0000630D0000000000C0FEFFFFFF78
:10CE2000000000C0FFFFFFFFFFFFFFFF10A510BEC7
:10CE3000FEFFFFFF000000C0FFFFFFFFFFFFFFFF3F
:10CE4000F8E459BDFEFFFFFF000000C0FFFFFFFF39
:10CE5000FFFFFFFF7C7295BDFEFFFFFF000000C0DB
:10CE6000FFFFFFFFFFFFFFFFB729683DFEFFFFFF4A
:10CE7000000000C0FFFFFFFFFFFFFFFF000000807A
:10CE8000FEFFFFFF000000C0FFFFFFFFFFFFFFFFEF
:10CE900059EA0FBEFEFFFFFF000000C0FFFFFFFFCB
:10CEA000FFFFFFFF73C707BCFEFFFFFF000000C0CE
:10CEB000FFFFFFFFFFFFFFFF0BBED03DFEFFFFFFA9
:10CEC000000000C0FFFFFFFFFFFFFFFF5D6BF9BD2C
:10CED000FEFFFFFF000000C0FFFFFFFFFFFFFFFF9F
:10CEE00000000080FEFFFFFF000000C0FFFFFFFF0B
:10CEF000FFFFFFFF86D3773DFEFFFFFF000000C06E
:10CF0000FFFFFFFFFFFFFFFF085EABBDFEFFFFFF60
:10CF1000000000C0FFFFFFFFFFFFFFFFF89539BDD6
:10CF2000FEFFFFFF000000C0FFFFFFFFFFFFFFFF4E
:10CF3000F519BB3DFEFFFFFF000000C0FFFFFFFF34
:10CF4000FFFFFFFF8581B53DFEFFFFFF000000C032
:10CF5000FFFFFFFFFFFFFFFFD55FC0BD0300000025
:10CF600006524943650D0000660D0000000000C038
:10CF700000000000313E0844670D0000680D00000D
:10CF8000000000C001000000625F4344690D000022
:10CF90006A0D0000000000C001000000C4BED943BB
:10CFA0006B0D00006C0D0000000000C001000000CF
:10CFB0003CC1C8C36D0D00006E0D0000000000C034
:10CFC000020000001799D0436F0D0000700D0000A3
:10CFD000000000C0FEFFFFFF000000C0FFFFFFFFDA
:10CFE000FFFFFFFF8AF01EBE0000000010E30B42AF
:10CFF000710D0000720D0000000000C00000000074
:10D0000088F1EF42730D0000740D0000000000C0B5
:10D0100003000000555BE3C1750D0000760D0000B4
:10D02000000000C0030000008BBD1843770D000016
:10D03000780D0000000000C002000000E9E69CC37B
:10D04000790D00007A0D0000000000C00100000012
:10D050003C41AEC37B0D00007C0D0000000000C011
:10D06000FEFFFFFF000000C0FFFFFFFFFFFFFFFF0D
:10D07000158CC8BCFEFFFFFF000000C0FFFFFFFFD4
:10D08000FFFFFFFF9C182C3DFEFFFFFF000000C0CC
:10D09000FFFFFFFFFFFFFFFF6A2DCD3DFEFFFFFFFC
:10D0A000000000C0FFFFFFFFFFFFFFFF76E68CBD23
:10D0B000FEFFFFFF000000C0FFFFFFFFFFFFFFFFBD
:10D0C0005A57A2BDFEFFFFFF000000C0FFFFFFFF99
:10D0D000FFFFFFFFB61B0F3DFEFFFFFF000000C07C
:10D0E000FFFFFFFFFFFFFFFF3E1507BEFEFFFFFF35
:10D0F000000000C0FFFFFFFFFFFFFFFF00000080F8
:10D10000FEFFFFFF000000C0FFFFFFFFFFFFFFFF6C
:10D11000478A9FBDFEFFFFFF000000C0FFFFFFFF2B
:10D12000FFFFFFFFF66E013DFEFFFFFF000000C0A6
:10D13000FFFFFFFFFFFFFFFF00000080FEFFFFFF7C
:10D14000000000C0FFFFFFFFFFFFFFFF52B60ABE57
:10D1500000000000C4F83C437E0D00007F0D00007D
:10D16000000000C003000000088A8DC2800D00008E
:10D17000810D0000000000C0FEFFFFFF000000C0A6
:10D18000FFFFFFFFFFFFFFFF8045FFBD0200000024
:10D190001799EC43820D0000830D0000000000C0D1
:10D1A00002000000D2CD3EC3840D0000850D0000BA
:10D1B000000000C003000000197338C3860D000092
:10D1C000870D0000000000C004000000F4888942C0
:10D1D000880D0000890D0000000000C00300000061
:10D1E0008BBD18438A0D00008B0D0000000000C0AD
:10D1F000040000004C6183C18C0D00008D0D000007
:10D20000000000C0FEFFFFFF000000C0FFFFFFFFA7
:10D21000FFFFFFFF9F3085BDFEFFFFFF000000C046
:10D22000FFFFFFFFFFFFFFFFF899C83CFEFFFFFF76
:10D23000000000C0FFFFFFFFFFFFFFFFD8A818BEE0
:10D24000FEFFFFFF000000C0FFFFFFFFFFFFFFFF2B
:10D2500000000080FEFFFFFF000000C0FFFFFFFF97
:10D26000FFFFFFFFD58A08BEFEFFFFFF000000C0E2
:10D27000FFFFFFFFFFFFFFFF00000080FEFFFFFF3B
:10D28000000000C0FFFFFFFFFFFFFFFF883EAEBBB7
:10D29000FEFFFFFF000000C0FFFFFFFFFFFFFFFFDB
:10D2A0001861AA3D04000000475992438F0D000009
:10D2B000900D0000000000C000000000181F804416
:10D2C000910D0000920D0000000000C0030000005E
:10D2D0002AA9F742930D0000940D0000000000C041
:10D2E0000000000031BE1D44950D0000960D0000A9
:10D2F000000000C003000000B25E04C4970D0000EF
:10D30000980D0000000000C0030000002D5347C42A
:10D31000990D00009A0D0000000000C0FEFFFFFF05
:10D32000000000C0FFFFFFFFFFFFFFFF1C83FABDEF
:10D33000030000004057BA429B0D00009C0D000006
:10D34000000000C002000000E966EFC39D0D000070
:10D350009E0D0000000000C0FEFFFFFF000000C0A7
:10D36000FFFFFFFFFFFFFFFF2F2C7CBE020000002E
:10D37000747373C49F0D0000A00D0000000000C076
:10D3800000000000181FB544A10D0000A20D000010
:10D39000000000C002000000BA59ACC4A30D000098
:10D3A000A40D0000000000C0FEFFFFFF000000C051
:10D3B000FFFFFFFFFFFFFFFF73A792BCFEFFFFFF12
:10D3C000000000C0FFFFFFFFFFFFFFFFCCC9113DC2
:10D3D000FEFFFFFF000000C0FFFFFFFFFFFFFFFF9A
:10D3E000DE4E053EFEFFFFFF000000C0FFFFFFFF17
:10D3F000FFFFFFFFB3DBB4BDFEFFFFFF000000C077
:10D40000FFFFFFFFFFFFFFFF03D9053EFEFFFFFF0A
:10D41000000000C0FFFFFFFFFFFFFFFFE11BF9BDA2
:10D42000FEFFFFFF000000C0FFFFFFFFFFFFFFFF49
:10D430003AA325BEFEFFFFFF000000C0FFFFFFFF75
:10D44000FFFFFFFF00000080FEFFFFFF000000C0A5
:10D45000FFFFFFFFFFFFFFFF00000080FEFFFFFF59
:10D46000000000C0FFFFFFFFFFFFFFFF433B273E21
:10D4700000000000317E7844A60D0000A70D0000DA
:10D48000000000C0030000003AF30344A80D0000B0
:10D49000A90D0000000000C0040000008B42914173
:10D4A000AA0D0000AB0D0000000000C00400000049
:10D4B0003E362A44AC0D0000AD0D0000000000C057
:10D4C0000500000086A36243AE0D0000AF0D000012
:10D4D000000000C005000000F3B88DC2B00D0000D0
:10D4E000B10D0000000000C005000000430179C23A
:10D4F000B20D0000B30D0000000000C000000000ED
:10D50000627C9A43B40D0000B50D0000000000C01D
:10D5100000000000E880F0C4B60D0000B70D000068
:10D52000000000C00500000014F2ACC3B80D0000FC
:10D53000B90D0000000000C0FEFFFFFF000000C0AA
:10D54000FFFFFFFFFFFFFFFFFE5B9FBD030000002B
:10D5500006120C43BA0D0000BB0D0000000000C015
:10D5600005000000CF3CE042BC0D0000BD0D0000F6
:10D57000000000C0040000007B444D43BE0D0000CD
:10D58000BF0D0000000000C000000000185FA144B3
:10D59000C00D0000C10D0000000000C0FEFFFFFF35
:10D5A000000000C0FFFFFFFFFFFFFFFF89F0BD3B52
:10D5B000FEFFFFFF000000C0FFFFFFFFFFFFFFFFB8
:10D5C000BA29FFBCFEFFFFFF000000C0FFFFFFFF06
:10D5D000FFFFFFFF00000080FEFFFFFF000000C014
:10D5E000FFFFFFFFFFFFFFFFBDF262BEFEFFFFFF79
:10D5F000000000C0FFFFFFFFFFFFFFFF00000080F3
:10D60000FEFFFFFF000000C0FFFFFFFFFFFFFFFF67
:10D61000E8292B3EFEFFFFFF000000C0FFFFFFFFD9
:10D62000FFFFFFFF48D14EBDFEFFFFFF000000C01F
:10D63000FFFFFFFFFFFFFFFF30CF8E3DFEFFFFFF2D
:10D64000000000C0FFFFFFFFFFFFFFFF48AC1A3ED6
:10D65000FEFFFFFF000000C0FFFFFFFFFFFFFFFF17
:10D6600000000080FEFFFFFF000000C0FFFFFFFF83
:10D67000FFFFFFFFF945D63DFEFFFFFF000000C0A2
:10D68000FFFFFFFFFFFFFFFF01A71ABDFEFFFFFF28
:10D69000000000C0FFFFFFFFFFFFFFFF940EC6BDAD
:10D6A000FEFFFFFF000000C0FFFFFFFFFFFFFFFFC7
:10D6B0000000008001000000887D3743C30D00009A
:10D6C000C40D0000000000C0020000008C8C194452
:10D6D000C50D0000C60D0000000000C003000000E2
:10D6E0007466BE43C70D0000C80D0000000000C0F6
:10D6F000000000003C0771C3C90D0000CA0D000006
:10D70000000000C00000000088F18F42CB0D000037
:10D71000CC0D0000000000C0030000004068B33ED4
:10D72000CD0D0000CE0D0000000000C00100000083
:10D73000D8B76E45CF0D0000D00D0000000000C02E
:10D740000200000017999443D10D0000D20D000093
:10D75000000000C002000000BA79B7C4D30D000079
:10D76000D40D0000000000C0030000000692244316
:10D77000D50D0000D60D0000000000C00200000022
:10D7800046E6D544D70D0000D80D0000000000C0CB
:10D7900001000000625F0E44D90D0000DA0D0000A8
:10D7A000000000C00000000062FCD543DB0D00005B
:10D7B000DC0D0000000000C002000000DDCC63C5ED
:10D7C000DD0D0000DE0D0000000000C000000000C4
:10D7D00062FCD843DF0D0000E00D0000000000C037
:10D7E000FEFFFFFF000000C0FFFFFFFFFFFFFFFF86
:10D7F0002CA3C0BDFEFFFFFF000000C0FFFFFFFF26
:10D80000FFFFFFFF00000080FEFFFFFF000000C0E1
:10D81000FFFFFFFFFFFFFFFFEDBCB73DFEFFFFFF78
:10D82000000000C0FFFFFFFFFFFFFFFF25BFA5BCFB
:10D83000FEFFFFFF000000C0FFFFFFFFFFFFFFFF35
:10D8400074B1E53DFEFFFFFF000000C0FFFFFFFFDA
:10D85000FFFFFFFF5624E5BCFEFFFFFF000000C0F6
:10D86000FFFFFFFFFFFFFFFFF6EE64BDFEFFFFFFC0
:10D87000000000C0FFFFFFFFFFFFFFFFC6CA553DCE
:10D88000FEFFFFFF000000C0FFFFFFFFFFFFFFFFE5
:10D890006B9FF13CFEFFFFFF000000C0FFFFFFFF9A
:10D8A000FFFFFFFFDCB43BBDFEFFFFFF000000C039
:10D8B000FFFFFFFFFFFFFFFFA303103DFEFFFFFF82
:10D8C000000000C0FFFFFFFFFFFFFFFF51D6F83D44
:10D8D000FEFFFFFF000000C0FFFFFFFFFFFFFFFF95
:10D8E000415E923DFEFFFFFF000000C0FFFFFFFF13
:10D8F000FFFFFFFF658B00BEFEFFFFFF000000C0C3
:10D90000FFFFFFFFFFFFFFFFD0AE373EFEFFFFFF31
:10D91000000000C0FFFFFFFFFFFFFFFF00000080CF
:10D920000000000088F1C342E20D0000E30D00009A
:10D93000000000C0040000002A0AF540E40D0000C9
:10D94000E50D0000000000C0010000003CC1A3C3C1
:10D95000E60D0000E70D0000000000C0030000001D
:10D960006833F242E80D0000E90D0000000000C03D
:10D97000000000009E03C5C3EA0D0000EB0D00008F
:10D98000000000C0040000006CBDB141EC0D0000BF
:10D99000ED0D0000000000C0040000002C9C66C2D9
:10D9A000EE0D0000EF0D0000000000C003000000BD
:10D9B000641D9DC3F00D0000F10D0000000000C0CB
:10D9C00001000000621F1944F20D0000F30D000079
:10D9D000000000C001000000B1AFA444F40D00003D
:10D9E000F50D0000000000C003000000841EA9C265
:10D9F000F60D0000F70D0000000000C0030000005D
:10DA00002D2102C3F80D0000F90D0000000000C038
:10DA100003000000F9CBAAC1FA0D0000FB0D0000C5
:10DA2000000000C00300000068B3E742FC0D0000E6
:10DA3000FD0D0000000000C004000000F408B0422A
:10DA4000FE0D0000FF0D0000000000C0FEFFFFFF04
:10DA5000000000C0FFFFFFFFFFFFFFFF000000808E
:10DA6000FEFFFFFF000000C0FFFFFFFFFFFFFFFF03
:10DA7000E78B0ABEFEFFFFFF000000C0FFFFFFFFB5
:10DA8000FFFFFFFFEC3577BDFEFFFFFF000000C08A
:10DA9000FFFFFFFFFFFFFFFFEA32ED3DFEFFFFFF4D
:10DAA000000000C0FFFFFFFFFFFFFFFF6D330FBE51
:10DAB000FEFFFFFF000000C0FFFFFFFFFFFFFFFFB3
:10DAC00000000080FEFFFFFF000000C0FFFFFFFF1F
:10DAD000FFFFFFFFBF7221BDFEFFFFFF000000C080
:10DAE000FFFFFFFFFFFFFFFF21FF6A3DFEFFFFFF7C
:10DAF000000000C0FFFFFFFFFFFFFFFF82E75D3D6B
:10DB0000FEFFFFFF000000C0FFFFFFFFFFFFFFFF62
:10DB10003266EABDFEFFFFFF000000C0FFFFFFFF0F
:10DB2000FFFFFFFFA53DB8BDFEFFFFFF000000C0E7
:10DB3000FFFFFFFFFFFFFFFF310DFE3DFEFFFFFF79
:10DB4000000000C0FFFFFFFFFFFFFFFF1AB50EBE82
:10DB5000FEFFFFFF000000C0FFFFFFFFFFFFFFFF12
:10DB600006696C3DFEFFFFFF000000C0FFFFFFFFE6
:10DB7000FFFFFFFF036D813DFEFFFFFF000000C0C0
:10DB8000FFFFFFFFFFFFFFFF077A17BE0500000042
:10DB900086A36243010E0000020E0000000000C0D8
:10DBA00002000000E966DDC3030E0000040E000061
:10DBB000000000C00200000046468644050E00003A
:10DBC000060E0000000000C00000000010E31F422D
:10DBD000070E0000080E0000000000C00200000058
:10DBE0008C4C7A44090E00000A0E0000000000C0B0
:10DBF0000200000074B341C40B0E00000C0E0000C4
:10DC0000000000C0FEFFFFFF000000C0FFFFFFFF9D
:10DC1000FFFFFFFF000000800500000060E9E1BE9B
:10DC20000D0E00000E0E0000000000C0FEFFFFFF02
:10DC3000000000C0FFFFFFFFFFFFFFFF5B2610BEDD
:10DC4000040000001C453C420F0E0000100E0000B6
:10DC5000000000C0000000009E0395C3110E0000EC
:10DC6000120E0000000000C0FEFFFFFF000000C019
:10DC7000FFFFFFFFFFFFFFFF00000080000000002C
:10DC8000313E2E44130E0000140E0000000000C0B0
:10DC9000FEFFFFFF000000C0FFFFFFFFFFFFFFFFD1
:10DCA0006DDECCBDFEFFFFFF000000C0FFFFFFFFE9
:10DCB000FFFFFFFF51D2023DFEFFFFFF000000C04B
:10DCC000FFFFFFFFFFFFFFFFC88B433CFEFFFFFF8F
:10DCD000000000C0FFFFFFFFFFFFFFFF181839BD66
:10DCE000FEFFFFFF000000C0FFFFFFFFFFFFFFFF81
:10DCF0008D383CBCFEFFFFFF000000C0FFFFFFFFB0
:10DD0000FFFFFFFFDC8311BEFEFFFFFF000000C02E
:10DD1000FFFFFFFFFFFFFFFF651F0D3EFEFFFFFF41
:10DD2000000000C0FFFFFFFFFFFFFFFF00000080BB
:10DD300000000000627C8343160E0000170E0000F6
:10DD4000000000C001000000621F1944180E00000E
:10DD5000190E0000000000C0FEFFFFFF000000C021
:10DD6000FFFFFFFFFFFFFFFFB984FFBD02000000C0
:10DD7000464686441A0E00001B0E0000000000C03C
:10DD8000FEFFFFFF000000C0FFFFFFFFFFFFFFFFE0
:10DD900086070CBE04000000610FF5C11C0E0000D8
:10DDA0001D0E0000000000C0FEFFFFFF000000C0CD
:10DDB000FFFFFFFFFFFFFFFF25E731BEFEFFFFFF75
:10DDC000000000C0FFFFFFFFFFFFFFFF76D2EABCAD
:10DDD000FEFFFFFF000000C0FFFFFFFFFFFFFFFF90
:10DDE0006D08493D03000000B6D1FDC21F0E0000C2
:10DDF000200E0000000000C00500000013978941BC
:10DE0000210E0000220E0000000000C005000000EE
:10DE1000DB830342230E0000240E0000000000C03C
:10DE200005000000656E17C3250E0000260E0000D9
:10DE3000000000C001000000B18FC144270E0000A7
:10DE4000280E0000000000C00300000058FE43C17F
:10DE5000290E00002A0E0000000000C00300000090
:10DE6000555B9DC12B0E00002C0E0000000000C071
:10DE700002000000B8C870422D0E00002E0E0000F7
:10DE8000000000C0020000008C0C2C442F0E00008B
:10DE9000300E0000000000C0FEFFFFFF000000C0C9
:10DEA000FFFFFFFFFFFFFFFF479821BEFEFFFFFFC1
:10DEB000000000C0FFFFFFFFFFFFFFFF000000802A
:10DEC00002000000E9E6F3C3310E0000320E00004C
:10DED000000000C0010000009EA07FC4330E0000BF
:10DEE000340E0000000000C0050000009E792F42A3
:10DEF000350E0000360E0000000000C001000000DA
:10DF00003CC190C3370E0000380E0000000000C076
:10DF1000FEFFFFFF000000C0FFFFFFFFFFFFFFFF4E
:10DF2000380F103DFEFFFFFF000000C0FFFFFFFFA6
:10DF3000FFFFFFFFE6D0BEBDFEFFFFFF000000C0F9
:10DF4000FFFFFFFFFFFFFFFF1A5A873EFEFFFFFFA5
:10DF5000000000C0FFFFFFFFFFFFFFFFBA3137BD2A
:10DF6000FEFFFFFF000000C0FFFFFFFFFFFFFFFFFE
:10DF70005C01933DFEFFFFFF000000C0FFFFFFFFBD
:10DF8000FFFFFFFFF735AEBCFEFFFFFF000000C044
:10DF9000FFFFFFFFFFFFFFFFBB190C3DFEFFFFFF71
:10DFA000000000C0FFFFFFFFFFFFFFFFD13DE1BD0D
:10DFB000FEFFFFFF000000C0FFFFFFFFFFFFFFFFAE
:10DFC000910C163BFEFFFFFF000000C0FFFFFFFFAC
:10DFD000FFFFFFFF20C9E9BDFEFFFFFF000000C0FB
:10DFE000FFFFFFFFFFFFFFFF67021EBDFEFFFFFFFA
:10DFF000000000C0FFFFFFFFFFFFFFFF95F7443D5C
:10E00000020000002E321A433A0E00003B0E0000C0
:10E01000000000C001000000788200C33C0E000038
:10E020003D0E0000000000C005000000A180A6C257
:10E030003E0E00003F0E0000000000C00500000082
:10E04000D5B3DBC2400E0000410E0000000000C04E
:10E050000500000072751743420E0000430E0000D9
:10E06000000000C00200000046269E44440E00004E
:10E07000450E0000000000C003000000365C9D4318
:10E08000460E0000470E0000000000C00200000025
:10E09000BAB9A2C4480E0000490E0000000000C03A
:10E0A00002000000DD3C10C54A0E00004B0E0000CF
:10E0B000000000C003000000E463AD434C0E00000C
:10E0C0004D0E0000000000C002000000B8C844422D
:10E0D0004E0E00004F0E0000000000C001000000C6
:10E0E000621F7144500E0000510E0000000000C07D
:10E0F0000100000028380AC5520E0000530E00002F
:10E10000000000C003000000CCFFD1C2540E00008C
:10E11000550E0000000000C0050000002B4C974287
:10E12000560E0000570E0000000000C0FEFFFFFF6B
:10E13000000000C0FFFFFFFFFFFFFFFF34527E3DE6
:10E14000FEFFFFFF000000C0FFFFFFFFFFFFFFFF1C
:10E1500031BFCBBDFEFFFFFF000000C0FFFFFFFF90
:10E16000FFFFFFFF63C360BDFEFFFFFF000000C0B5
:10E17000FFFFFFFFFFFFFFFF4895B53DFEFFFFFFDD
:10E18000000000C0FFFFFFFFFFFFFFFFD85999BC51
:10E19000FEFFFFFF000000C0FFFFFFFFFFFFFFFFCC
:10E1A000BE5D933DFEFFFFFF000000C0FFFFFFFFCD
:10E1B000FFFFFFFF73F0EBBDFEFFFFFF000000C09D
:10E1C000FFFFFFFFFFFFFFFF82A5093EFEFFFFFFEE
:10E1D000000000C0FFFFFFFFFFFFFFFF617A8ABD65
:10E1E000FEFFFFFF000000C0FFFFFFFFFFFFFFFF7C
:10E1F00039C5BD3DFEFFFFFF000000C0FFFFFFFF70
:10E20000FFFFFFFF00000080FEFFFFFF000000C0D7
:10E21000FFFFFFFFFFFFFFFFC0807A3EFEFFFFFF13
:10E22000000000C0FFFFFFFFFFFFFFFFB4D284BC70
:10E23000FEFFFFFF000000C0FFFFFFFFFFFFFFFF2B
:10E24000D620DDBDFEFFFFFF000000C0FFFFFFFF87
:10E25000FFFFFFFF790C3F3EFEFFFFFF000000C005
:10E26000FFFFFFFFFFFFFFFFEA4F7EBD040000003E
:10E27000867388C3590E00005A0E0000000000C0CB
:10E2800003000000444736C25B0E00005C0E000035
:10E29000000000C004000000F48889425D0E000008
:10E2A0005E0E0000000000C002000000E9E6FDC3B1
:10E2B0005F0E0000600E0000000000C003000000C0
:10E2C0000D00B643610E0000620E0000000000C0A9
:10E2D00004000000BB5E25C2630E0000640E000057
:10E2E000000000C0010000003CC188C3650E0000B2
:10E2F000660E0000000000C0040000003E128DC346
:10E30000670E0000680E0000000000C0FEFFFFFF67
:10E31000000000C0FFFFFFFFFFFFFFFFEFD9983DA8
:10E32000010000003C418EC3690E00006A0E00002F
:10E33000000000C0FEFFFFFF000000C0FFFFFFFF66
:10E34000FFFFFFFF2DF88ABC0200000017999A43D7
:10E350006B0E00006C0E0000000000C00200000008
:10E3600046269E446D0E00006E0E0000000000C0A8
:10E37000030000004518CFC36F0E0000700E0000B0
:10E38000000000C0030000003C3D87C2710E000089
:10E39000720E0000000000C0FEFFFFFF000000C082
:10E3A000FFFFFFFFFFFFFFFF4C1BC7BDFEFFFFFF8F
:10E3B000000000C0FFFFFFFFFFFFFFFF0000008025
:10E3C000FEFFFFFF000000C0FFFFFFFFFFFFFFFF9A
:10E3D00000000080FEFFFFFF000000C0FFFFFFFF06
:10E3E000FFFFFFFFAC762B3EFEFFFFFF000000C0EB
:10E3F000FFFFFFFFFFFFFFFF5C3B11BDFEFFFFFFC5
:10E40000000000C0FFFFFFFFFFFFFFFF22B8B93D84
:10E41000FEFFFFFF000000C0FFFFFFFFFFFFFFFF49
:10E42000AAE866BDFEFFFFFF000000C0FFFFFFFF80
:10E43000FFFFFFFF4E23A33DFEFFFFFF000000C0D4
:10E44000FFFFFFFFFFFFFFFFCB47913DFEFFFFFFF9
:10E45000000000C0FFFFFFFFFFFFFFFF0A3CCEBC34
:10E46000FEFFFFFF000000C0FFFFFFFFFFFFFFFFF9
:10E47000A8740DBDFEFFFFFF000000C0FFFFFFFFFF
:10E48000FFFFFFFFA4BC853D02000000D2CD76C394
:10E49000740E0000750E0000000000C003000000B4
:10E4A000E63F1FC3760E0000770E0000000000C09C
:10E4B000010000009EA06CC4780E0000790E0000E0
:10E4C000000000C0FEFFFFFF000000C0FFFFFFFFD5
:10E4D000FFFFFFFF00000080FEFFFFFF000000C005
:10E4E000FFFFFFFFFFFFFFFF53280DBE02000000EC
:10E4F00046468B447A0E00007B0E0000000000C0F0
:10E50000020000008C8C09447C0E00007D0E00008F
:10E51000000000C0020000002E3253437E0E0000B7
:10E520007F0E0000000000C0010000004F10AFC4CB
:10E53000800E0000810E0000000000C001000000FD
:10E54000621F0144820E0000830E0000000000C024
:10E550000200000046E6EF44840E0000850E000035
:10E56000000000C0FEFFFFFF000000C0FFFFFFFF34
:10E57000FFFFFFFF00000080FEFFFFFF000000C064
:10E58000FFFFFFFFFFFFFFFF53B22FBEFEFFFFFFA6
:10E59000000000C0FFFFFFFFFFFFFFFFD7F57BBDBF
:10E5A000FEFFFFFF000000C0FFFFFFFFFFFFFFFFB8
:10E5B00000000080FEFFFFFF000000C0FFFFFFFF24
:10E5C000FFFFFFFFD52380BDFEFFFFFF000000C05F
:10E5D000FFFFFFFFFFFFFFFF03DE133DFEFFFFFF17
:10E5E000000000C0FFFFFFFFFFFFFFFFA3F7213D7B
:10E5F000FEFFFFFF000000C0FFFFFFFFFFFFFFFF68
:10E60000E90914BE00000000E8A0DAC4870E00008B
:10E61000880E0000000000C0FEFFFFFF000000C0E9
:10E62000FFFFFFFFFFFFFFFFDCE61CBE0300000053
:10E63000365C8143890E00008A0E0000000000C095
:10E640000300000038781BC38B0E00008C0E000006
:10E65000000000C0040000001DE5F5428D0E000022
:10E660008E0E0000000000C0000000003C073DC30B
:10E670008F0E0000900E0000000000C0040000009B
:10E68000A44036C3910E0000920E0000000000C0AE
:10E69000010000003C4181C3930E0000940E000075
:10E6A000000000C000000000627CCE43950E000018
:10E6B000960E0000000000C0FEFFFFFF000000C03B
:10E6C000FFFFFFFFFFFFFFFF757C2B3DFEFFFFFFFE
:10E6D000000000C0FFFFFFFFFFFFFFFF98FEC7BD68
:10E6E000FEFFFFFF000000C0FFFFFFFFFFFFFFFF77
:10E6F0001106F9BDFEFFFFFF000000C0FFFFFFFF96
:10E70000FFFFFFFF4A83973CFEFFFFFF000000C0B2
:10E71000FFFFFFFFFFFFFFFF00000080FEFFFFFF86
:10E72000000000C0FFFFFFFFFFFFFFFF5F7E0EBE88
:10E73000FEFFFFFF000000C0FFFFFFFFFFFFFFFF26
:10E74000DFA086BDFEFFFFFF000000C0FFFFFFFF50
:10E75000FFFFFFFF0000008002000000E9E6BBC3EE
:10E76000980E0000990E0000000000C0FEFFFFFFA1
:10E77000000000C0FFFFFFFFFFFFFFFF77940ABE0E
:10E7800005000000CAB5FA419A0E00009B0E000079
:10E79000000000C0050000008DD2ABC29C0E00003E
:10E7A0009D0E0000000000C0020000002E321A433F
:10E7B0009E0E00009F0E0000000000C0FEFFFFFF45
:10E7C000000000C0FFFFFFFFFFFFFFFFC78A07BE7B
:10E7D00001000000621F1944A00E0000A10E0000FD
:10E7E000000000C0010000003C419EC3A20E0000DA
:10E7F000A30E0000000000C0040000002C9C66C2B4
:10E80000A40E0000A50E0000000000C0FEFFFFFFE8
:10E81000000000C0FFFFFFFFFFFFFFFF982F433DF9
:10E82000FEFFFFFF000000C0FFFFFFFFFFFFFFFF35
:10E8300027EA00BEFEFFFFFF000000C0FFFFFFFF52
:10E84000FFFFFFFF434E563EFEFFFFFF000000C0EC
:10E85000FFFFFFFFFFFFFFFF60A168BAFEFFFFFFA2
:10E86000000000C0FFFFFFFFFFFFFFFFD5EC28BE49
:10E87000FEFFFFFF000000C0FFFFFFFFFFFFFFFFE5
:10E8800092BF37BD03000000C73A0BC3A70E0000BC
:10E89000A80E0000000000C005000000F066C23FA6
:10E8A000A90E0000AA0E0000000000C00500000034
:10E8B0009E794B42AB0E0000AC0E0000000000C081
:10E8C00005000000656E17C3AD0E0000AE0E00001F
:10E8D000000000C005000000B607CF41AF0E0000E9
:10E8E000B00E0000000000C003000000443ED44110
:10E8F000B10E0000B20E0000000000C003000000D6
:10E90000185198C1B30E0000B40E0000000000C002
:10E91000040000001DE5F542B50E0000B60E000033
:10E92000000000C004000000126E0342B70E000099
:10E93000B80E0000000000C0FEFFFFFF000000C096
:10E94000FFFFFFFFFFFFFFFF00000080FEFFFFFF54
:10E95000000000C0FFFFFFFFFFFFFFFF880518BE9C
:10E9600004000000E1EA2243B90E0000BA0E0000E4
:10E97000000000C005000000CC5423C3BB0E000003
:10E98000BC0E0000000000C00200000074331EC472
:10E99000BD0E0000BE0E0000000000C0040000001C
:10E9A00099C94143BF0E0000C00E0000000000C026
:10E9B000FEFFFFFF000000C0FFFFFFFFFFFFFFFFA4
:10E9C00020B1C8BDFEFFFFFF000000C0FFFFFFFF3A
:10E9D000FFFFFFFF3BA0333DFEFFFFFF000000C035
:10E9E000FFFFFFFFFFFFFFFF6415843EFEFFFFFFF9
:10E9F000000000C0FFFFFFFFFFFFFFFF00000080DF
:10EA0000FEFFFFFF000000C0FFFFFFFFFFFFFFFF53
:10EA1000223582BCFEFFFFFF000000C0FFFFFFFFAA
:10EA2000FFFFFFFF8891BB3DFEFFFFFF000000C01E
:10EA3000FFFFFFFFFFFFFFFF7EFDD1BBFEFFFFFFDC
:10EA4000000000C0FFFFFFFFFFFFFFFF4452EBBDD0
:10EA5000FEFFFFFF000000C0FFFFFFFFFFFFFFFF03
:10EA60006BFC7FBCFEFFFFFF000000C0FFFFFFFF4D
:10EA7000FFFFFFFF2F7E08BEFEFFFFFF000000C06C
:10EA8000FFFFFFFFFFFFFFFF9375403DFEFFFFFF0E
:10EA9000000000C0FFFFFFFFFFFFFFFF5AE401BEC1
:10EAA00000000000181F8044C20E0000C30E0000CA
:10EAB000000000C004000000737D49C2C40E0000C5
:10EAC000C50E0000000000C0050000008FB40CC49B
:10EAD000C60E0000C70E0000000000C003000000CA
:10EAE00050EB81C2C80E0000C90E0000000000C03B
:10EAF0000500000004E02242CA0E0000CB0E000018
:10EB0000000000C0FEFFFFFF000000C0FFFFFFFF8E
:10EB1000FFFFFFFFB75AF6BD05000000CF3CE04203
:10EB2000CC0E0000CD0E0000000000C0050000006B
:10EB3000032E14C1CE0E0000CF0E0000000000C056
:10EB4000030000004057BA42D00E0000D10E000072
:10EB5000000000C00300000011144EC2D20E0000DD
:10EB6000D30E0000000000C000000000E8A0DAC4DE
:10EB7000D40E0000D50E0000000000C0040000000C
:10EB8000CBAC9E42D60E0000D70E0000000000C0A5
:10EB9000FEFFFFFF000000C0FFFFFFFFFFFFFFFFC2
:10EBA00086EB18BDFEFFFFFF000000C0FFFFFFFF68
:10EBB000FFFFFFFF33CF83BDFEFFFFFF000000C05C
:10EBC000FFFFFFFFFFFFFFFFE74E123EFEFFFFFFCD
:10EBD000000000C0FFFFFFFFFFFFFFFF67961B3C29
:10EBE000FEFFFFFF000000C0FFFFFFFFFFFFFFFF72
:10EBF000FA996EBDFEFFFFFF000000C0FFFFFFFFA0
:10EC0000FFFFFFFFDDD173BDFEFFFFFF000000C06F
:10EC1000FFFFFFFFFFFFFFFF4451023DFEFFFFFF2D
:10EC2000000000C0FFFFFFFFFFFFFFFFF064903C0C
:10EC3000FEFFFFFF000000C0FFFFFFFFFFFFFFFF21
:10EC40002DF3D1BDFEFFFFFF000000C0FFFFFFFF5F
:10EC5000FFFFFFFF1685043EFEFFFFFF000000C020
:10EC6000FFFFFFFFFFFFFFFF000000800500000027
:10EC70003DAE9FC3D90E0000DA0E0000000000C0B8
:10EC800002000000DD2C1EC5DB0E0000DC0E0000C3
:10EC9000000000C005000000F24833C2DD0E000095
:10ECA000DE0E0000000000C002000000DDCC63C5E5
:10ECB000DF0E0000E00E0000000000C003000000B6
:10ECC000ABDE87C3E10E0000E20E0000000000C0D2
:10ECD0000300000076CF3443E30E0000E40E000092
:10ECE000000000C001000000887D4543E50E0000E3
:10ECF000E60E0000000000C0FEFFFFFF000000C0A5
:10ED0000FFFFFFFFFFFFFFFF00000080FEFFFFFF90
:10ED1000000000C0FFFFFFFFFFFFFFFFCECBB5BD30
:10ED20000100000010FBF642E70E0000E80E0000B4
:10ED3000000000C0020000004686C644E90E000044
:10ED4000EA0E0000000000C0020000008CCC02446B
:10ED5000EB0E0000EC0E0000000000C003000000FD
:10ED60000D00B643ED0E0000EE0E0000000000C0E6
:10ED700005000000A6E0B942EF0E0000F00E000012
:10ED8000000000C00200000074732FC4F10E0000E8
:10ED9000F20E0000000000C0FEFFFFFF000000C0F8
:10EDA000FFFFFFFFFFFFFFFFD687783DFEFFFFFF5E
:10EDB000000000C0FFFFFFFFFFFFFFFFE62406BECD
:10EDC000FEFFFFFF000000C0FFFFFFFFFFFFFFFF90
:10EDD000C7C71D3EFEFFFFFF000000C0FFFFFFFF93
:10EDE000FFFFFFFFA84A57BDFEFFFFFF000000C066
:10EDF000FFFFFFFFFFFFFFFF679ED2BDFEFFFFFF8C
:10EE0000000000C0FFFFFFFFFFFFFFFFB7F6F03C71
:10EE1000FEFFFFFF000000C0FFFFFFFFFFFFFFFF3F
:10EE2000EE68743DFEFFFFFF000000C0FFFFFFFF24
:10EE3000FFFFFFFF7935FBBCFEFFFFFF000000C0B6
:10EE4000FFFFFFFFFFFFFFFFDA85BB3BFEFFFFFF7A
:10EE5000000000C0FFFFFFFFFFFFFFFFEB6E5CBD88
:10EE6000FEFFFFFF000000C0FFFFFFFFFFFFFFFFEF
:10EE700099060ABDFEFFFFFF000000C0FFFFFFFF75
:10EE8000FFFFFFFF138B4C3D05000000AC57CAC2CB
:10EE9000F40E0000F50E0000000000C0FEFFFFFFB2
:10EEA000000000C0FFFFFFFFFFFFFFFF7769F4BD19
:10EEB000030000004CE679C3F60E0000F70E0000D8
:10EEC000000000C0050000009E794B42F80E0000D3
:10EED000F90E0000000000C004000000528F0D4138
:10EEE000FA0E0000FB0E0000000000C00100000050
:10EEF0004F1086C4FC0E0000FD0E0000000000C094
:10EF0000FEFFFFFF000000C0FFFFFFFFFFFFFFFF4E
:10EF1000BC544EBA01000000C43E8343FE0E000004
:10EF2000FF0E0000000000C004000000AD27DB421F
:10EF3000000F0000010F0000000000C0FEFFFFFFF7
:10EF4000000000C0FFFFFFFFFFFFFFFF0000008089
:10EF5000FEFFFFFF000000C0FFFFFFFFFFFFFFFFFE
:10EF600026B5223EFEFFFFFF000000C0FFFFFFFFAF
:10EF7000FFFFFFFFE19C9DBDFEFFFFFF000000C003
:10EF8000FFFFFFFFFFFFFFFF2B18C23CFEFFFFFF4D
:10EF9000000000C0FFFFFFFFFFFFFFFF5B7C493D5C
:10EFA000FEFFFFFF000000C0FFFFFFFFFFFFFFFFAE
:10EFB000C0B908BE05000000AFFF2643030F0000E4
:10EFC000040F0000000000C004000000261C3642B0
:10EFD000050F0000060F0000000000C00000000048
:10EFE000C4F84143070F0000080F0000000000C0F4
:10EFF0000500000046F1EBC2090F00000A0F0000F7
:10F00000000000C0000000003C075BC30B0F0000C5
:10F010000C0F0000000000C0040000003553D4C2F3
:10F020000D0F00000E0F0000000000C004000000E3
:10F030001DE5F5420F0F0000100F0000000000C09A
:10F04000010000009E6024C4110F0000120F000098
:10F05000000000C0010000009EA034C4130F000097
:10F06000140F0000000000C005000000E55A124225
:10F07000150F0000160F0000000000C00000000087
:10F0800010E35742170F0000180F0000000000C0E7
:10F09000050000000AD38743190F00001A0F000073
:10F0A000000000C0010000009E2059C41B0F00009A
:10F0B0001C0F0000000000C001000000C43E864399
:10F0C0001D0F00001E0F0000000000C00500000022
:10F0D000527481431F0F0000200F0000000000C089
:10F0E000FEFFFFFF000000C0FFFFFFFFFFFFFFFF6D
:10F0F000760502BEFEFFFFFF000000C0FFFFFFFF1E
:10F10000FFFFFFFF624FDF3DFEFFFFFF000000C07B
:10F11000FFFFFFFFFFFFFFFF0B79DF3DFEFFFFFF5C
:10F12000000000C0FFFFFFFFFFFFFFFF052AB6BC86
:10F13000FEFFFFFF000000C0FFFFFFFFFFFFFFFF1C
:10F140002D3056BDFEFFFFFF000000C0FFFFFFFF98
:10F15000FFFFFFFFC869013EFEFFFFFF000000C088
:10F16000FFFFFFFFFFFFFFFF05BE74BDFEFFFFFFB8
:10F17000000000C0FFFFFFFFFFFFFFFF0B701DBE81
:10F18000FEFFFFFF000000C0FFFFFFFFFFFFFFFFCC
:10F190000D5585BDFEFFFFFF000000C0FFFFFFFF14
:10F1A000FFFFFFFF07FC3A3DFEFFFFFF000000C02E
:10F1B000FFFFFFFFFFFFFFFF00000080FEFFFFFFDC
:10F1C000000000C0FFFFFFFFFFFFFFFFD0C7F53DBE
:10F1D000FEFFFFFF000000C0FFFFFFFFFFFFFFFF7C
:10F1E00000000080FEFFFFFF000000C0FFFFFFFFE8
:10F1F000FFFFFFFF08AEC9BDFEFFFFFF000000C01C
:10F20000FFFFFFFFFFFFFFFF00000080FEFFFFFF8B
:10F21000000000C0FFFFFFFFFFFFFFFF4E26AE3ED6
:10F2200000000000C4F83C43220F0000230F000040
:10F23000000000C002000000E9E6A9C3240F00009E
:10F24000250F0000000000C00300000082513BC2F7
:10F25000260F0000270F0000000000C0FEFFFFFF88
:10F26000000000C0FFFFFFFFFFFFFFFF7D1703BE91
:10F2700003000000444736C2280F0000290F000099
:10F28000000000C003000000777A5DC22A0F000072
:10F290002B0F0000000000C0050000004FC8C2C2D4
:10F2A0002C0F00002D0F0000000000C00200000025
:10F2B0001799EC432E0F00002F0F0000000000C034
:10F2C00005000000A6609A42300F0000310F0000D8
:10F2D000000000C0FEFFFFFF000000C0FFFFFFFFB7
:10F2E000FFFFFFFFDC1A8DBDFEFFFFFF000000C027
:10F2F000FFFFFFFFFFFFFFFFD1B38C3DFEFFFFFFCE
:10F30000000000C0FFFFFFFFFFFFFFFF00000080C5
:10F31000FEFFFFFF000000C0FFFFFFFFFFFFFFFF3A
:10F32000FA9C0FBEFEFFFFFF000000C0FFFFFFFFC3
:10F33000FFFFFFFF2B448E3CFEFFFFFF000000C0DD
:10F34000FFFFFFFFFFFFFFFF0324CDBDFEFFFFFF19
:10F35000000000C0FFFFFFFFFFFFFFFF91693D3D81
:10F36000FEFFFFFF000000C0FFFFFFFFFFFFFFFFEA
:10F37000BE88AEBD000000009E03D1C3330F000065
:10F38000340F0000000000C004000000A49956C122
:10F39000350F0000360F0000000000C00100000023
:10F3A000E0096EC2370F0000380F0000000000C0F7
:10F3B00004000000157E0EC3390F00003A0F000054
:10F3C000000000C0010000004F90FCC43B0F000093
:10F3D0003C0F0000000000C004000000C28D8D43FF
:10F3E0003D0F00003E0F0000000000C003000000C1
:10F3F00074C6C9433F0F0000400F0000000000C06A
:10F4000000000000E8C09FC4410F0000420F000050
:10F41000000000C001000000887D2343430F00006E
:10F42000440F0000000000C000000000E8C0B2C4AB
:10F43000450F0000460F0000000000C00100000062
:10F4400062DF3844470F0000480F0000000000C092
:10F450000000000031BE1044490F00004A0F0000B8
:10F46000000000C000000000627C9F434B0F0000C2
:10F470004C0F0000000000C001000000C43E8343A8
:10F480004D0F00004E0F0000000000C004000000FF
:10F490003BCA14424F0F0000500F0000000000C094
:10F4A000FEFFFFFF000000C0FFFFFFFFFFFFFFFFA9
:10F4B000F94ABC3DFEFFFFFF000000C0FFFFFFFF59
:10F4C000FFFFFFFF10E9C9BDFEFFFFFF000000C006
:10F4D000FFFFFFFFFFFFFFFF8FDA0D3EFEFFFFFF85
:10F4E000000000C0FFFFFFFFFFFFFFFF00000080E4
:10F4F000FEFFFFFF000000C0FFFFFFFFFFFFFFFF59
:10F50000CE3F143EFEFFFFFF000000C0FFFFFFFFE5
:10F51000FFFFFFFF7B0823BDFEFFFFFF000000C0D1
:10F52000FFFFFFFFFFFFFFFFCC5A0CBDFEFFFFFFF9
:10F53000000000C0FFFFFFFFFFFFFFFF82340C3D14
:10F54000FEFFFFFF000000C0FFFFFFFFFFFFFFFF08
:10F55000F34483BDFEFFFFFF000000C0FFFFFFFF7D
:10F56000FFFFFFFF179FBA3CFEFFFFFF000000C038
:10F57000FFFFFFFFFFFFFFFFE43FF13DFEFFFFFF47
:10F58000000000C0FFFFFFFFFFFFFFFF0000008043
:10F59000FEFFFFFF000000C0FFFFFFFFFFFFFFFFB8
:10F5A000B90DBE3CFEFFFFFF000000C0FFFFFFFFE4
:10F5B000FFFFFFFF044B04BDFEFFFFFF000000C084
:10F5C000FFFFFFFFFFFFFFFF00000080FEFFFFFFC8
:10F5D000000000C0FFFFFFFFFFFFFFFF0B82523E56
:10F5E000020000002E321A43520F0000530F000099
:10F5F000000000C0040000008F327743540F000069
:10F60000550F0000000000C005000000D5B3DBC2AC
:10F61000560F0000570F0000000000C0020000005D
:10F6200074734DC4580F0000590F0000000000C053
:10F63000030000002D5347C45A0F00005B0F000069
:10F64000000000C0020000008C8C75445C0F0000BC
:10F650005D0F0000000000C0040000002C9C0BC2E5
:10F660005E0F00005F0F0000000000C005000000FA
:10F6700071E195C3600F0000610F0000000000C041
:10F680000400000043618441620F0000630F00002A
:10F69000000000C005000000703F1BC4640F0000A4
:10F6A000650F0000000000C002000000BAB9A2C44B
:10F6B000660F0000670F0000000000C0020000009D
:10F6C0008CCC0344680F0000690F0000000000C0EC
:10F6D000040000003F2A81C26A0F00006B0F000087
:10F6E000000000C003000000984CBCC26C0F00007A
:10F6F0006D0F0000000000C003000000A7D9A44364
:10F700006E0F00006F0F0000000000C0FEFFFFFF43
:10F71000000000C0FFFFFFFFFFFFFFFF92F78ABD61
:10F72000FEFFFFFF000000C0FFFFFFFFFFFFFFFF26
:10F73000B7EABF3DFEFFFFFF000000C0FFFFFFFF75
:10F74000FFFFFFFFECDED83CFEFFFFFF000000C024
:10F75000FFFFFFFFFFFFFFFFBD1033BDFEFFFFFFF9
:10F76000000000C0FFFFFFFFFFFFFFFF0000008061
:10F77000FEFFFFFF000000C0FFFFFFFFFFFFFFFFD6
:10F780001934B53EFEFFFFFF000000C0FFFFFFFF82
:10F79000FFFFFFFF7F9A2ABBFEFFFFFF000000C0B4
:10F7A000FFFFFFFFFFFFFFFF493712BEFEFFFFFF16
:10F7B000000000C0FFFFFFFFFFFFFFFF5F7E4BBDAC
:10F7C000FEFFFFFF000000C0FFFFFFFFFFFFFFFF86
:10F7D00000000080FEFFFFFF000000C0FFFFFFFFF2
:10F7E000FFFFFFFF00000080FEFFFFFF000000C0E2
:10F7F000FFFFFFFFFFFFFFFF3465203EFEFFFFFF1F
:10F80000000000C0FFFFFFFFFFFFFFFFBF5E0C3DDA
:10F81000FEFFFFFF000000C0FFFFFFFFFFFFFFFF35
:10F820007B0B4ABDFEFFFFFF000000C0FFFFFFFF94
:10F83000FFFFFFFFCD54F8BDFEFFFFFF000000C03B
:10F84000FFFFFFFFFFFFFFFF00000080020000003E
:10F8500046E6EF44710F0000720F0000000000C088
:10F8600001000000788272C3730F0000740F000063
:10F87000000000C0050000002A544443750F00003A
:10F88000760F0000000000C005000000A454ECC387
:10F89000770F0000780F0000000000C00500000096
:10F8A00060E9E1BE790F00007A0F0000000000C09F
:10F8B00001000000887D4F437B0F00007C0F00009B
:10F8C000000000C0FEFFFFFF000000C0FFFFFFFFC1
:10F8D000FFFFFFFFBE52E3BD040000008F327743FD
:10F8E0007D0F00007E0F0000000000C0040000003B
:10F8F0004719B0437F0F0000800F0000000000C0D8
:10F9000001000000B1EF9644810F0000820F00005B
:10F91000000000C00500000092B29142830F000079
:10F92000840F0000000000C0010000009EA01FC462
:10F93000850F0000860F0000000000C0FEFFFFFFE3
:10F94000000000C0FFFFFFFFFFFFFFFF4B6A37BD56
:10F95000FEFFFFFF000000C0FFFFFFFFFFFFFFFFF4
:10F96000C62DFB3DFEFFFFFF000000C0FFFFFFFFB5
:10F97000FFFFFFFF00000080FEFFFFFF000000C050
:10F98000FFFFFFFFFFFFFFFF86F4B0BDFEFFFFFF9D
:10F99000000000C0FFFFFFFFFFFFFFFF85FA1F3DD4
:10F9A000FEFFFFFF000000C0FFFFFFFFFFFFFFFFA4
:10F9B0000BDF0EBDFEFFFFFF000000C0FFFFFFFFDB
:10F9C000FFFFFFFFA0EEAD3DFEFFFFFF000000C008
:10F9D000FFFFFFFFFFFFFFFFA2215A3DFEFFFFFFDA
:10F9E000000000C0FFFFFFFFFFFFFFFF48E63539C3
:10F9F000FEFFFFFF000000C0FFFFFFFFFFFFFFFF54
:10FA0000F818F23DFEFFFFFF000000C0FFFFFFFF00
:10FA1000FFFFFFFF3DF0AD3E00000000C4F82E43A5
:10FA2000880F0000890F0000000000C004000000E3
:10FA300018153EBF8A0F00008B0F0000000000C0A9
:10FA4000020000007091E9418C0F00008D0F000052
:10FA5000000000C003000000167BDD428E0F000096
:10FA60008F0F0000000000C0000000009E03C5C30F
:10FA7000900F0000910F0000000000C00300000084
:10FA8000E63F1FC3920F0000930F0000000000C06C
:10FA900003000000506B9AC2940F0000950F000005
:10FAA000000000C00200000046A68144960F00003E
:10FAB000970F0000000000C0000000000062FC3F43
:10FAC000980F0000990F0000000000C00200000025
:10FAD000B8C844429A0F00009B0F0000000000C00D
:10FAE00003000000C0F2DFBF9C0F00009D0F00006C
:10FAF000000000C00000000062FCE7439E0F000011
:10FB00009F0F0000000000C002000000E02213412F
:10FB1000A00F0000A10F0000000000C000000000C6
:10FB2000317E6D44A20F0000A30F0000000000C052
:10FB3000020000008CCC1344A40F0000A50F0000AD
:10FB4000000000C0FEFFFFFF000000C0FFFFFFFF3E
:10FB5000FFFFFFFFA90E09BEFEFFFFFF000000C070
:10FB6000FFFFFFFFFFFFFFFF00000080FEFFFFFF22
:10FB7000000000C0FFFFFFFFFFFFFFFFFE2947BDA2
:10FB8000FEFFFFFF000000C0FFFFFFFFFFFFFFFFC2
:10FB900028C6813DFEFFFFFF000000C0FFFFFFFF02
:10FBA000FFFFFFFF00000080FEFFFFFF000000C01E
:10FBB000FFFFFFFFFFFFFFFF68AC0FBEFEFFFFFF71
:10FBC000000000C0FFFFFFFFFFFFFFFF71FEC5BC8D
:10FBD000FEFFFFFF000000C0FFFFFFFFFFFFFFFF72
:10FBE0008EB45B3DFEFFFFFF000000C0FFFFFFFF84
:10FBF000FFFFFFFF4CEEBE3DFEFFFFFF000000C019
:10FC0000FFFFFFFFFFFFFFFF00000080FEFFFFFF81
:10FC1000000000C0FFFFFFFFFFFFFFFF3E84FCBDB1
:10FC2000FEFFFFFF000000C0FFFFFFFFFFFFFFFF21
:10FC300000000080FEFFFFFF000000C0FFFFFFFF8D
:10FC4000FFFFFFFF8CE6C73DFEFFFFFF000000C087
:10FC5000FFFFFFFFFFFFFFFFEC6C9ABDFEFFFFFF02
:10FC6000000000C0FFFFFFFFFFFFFFFF6F4971BCF7
:10FC7000FEFFFFFF000000C0FFFFFFFFFFFFFFFFD1
:10FC80002BD7373D04000000A3888743A70F00004F
:10FC9000A80F0000000000C00400000055F84DC28D
:10FCA000A90F0000AA0F0000000000C0FEFFFFFF28
:10FCB000000000C0FFFFFFFFFFFFFFFFAA8FF5BDA1
:10FCC000020000002E325343AB0F0000AC0F0000C7
:10FCD000000000C00200000046468B44AD0F00004B
:10FCE000AE0F0000000000C00400000029EC1FC39C
:10FCF000AF0F0000B00F0000000000C000000000C7
:10FD0000CF0122C4B10F0000B20F0000000000C0FC
:10FD1000000000009E83DAC3B30F0000B40F0000A0
:10FD2000000000C0000000009E83C2C3B50F0000A9
:10FD3000B60F0000000000C0FEFFFFFF000000C083
:10FD4000FFFFFFFFFFFFFFFF3FA8B1BDFEFFFFFF6B
:10FD5000000000C0FFFFFFFFFFFFFFFFB131A63C27
:10FD6000FEFFFFFF000000C0FFFFFFFFFFFFFFFFE0
:10FD7000B297B53CFEFFFFFF000000C0FFFFFFFF92
:10FD8000FFFFFFFFFBABFDBDFEFFFFFF000000C05C
:10FD9000FFFFFFFFFFFFFFFF2AB6753DFEFFFFFFDE
:10FDA000000000C0FFFFFFFFFFFFFFFFBD370A3C61
:10FDB000FEFFFFFF000000C0FFFFFFFFFFFFFFFF90
:10FDC0006650E0BBFEFFFFFF000000C0FFFFFFFF2B
:10FDD000FFFFFFFFF39108BE0000000088F1CD4255
:10FDE000B80F0000B90F0000000000C005000000BF
:10FDF000DB835742BA0F0000BB0F0000000000C0B9
:10FE0000030000005AEC8141BC0F0000BD0F000050
:10FE1000000000C005000000A180BBC2BE0F0000B2
:10FE2000BF0F0000000000C0000000009E83B9C3A7
:10FE3000C00F0000C10F0000000000C00000000063
:10FE4000627C9043C20F0000C30F0000000000C09E
:10FE5000FEFFFFFF000000C0FFFFFFFFFFFFFFFFEF
:10FE600017690EBEFEFFFFFF000000C0FFFFFFFF8F
:10FE7000FFFFFFFF8DBFF1BD04000000610FF5C162
:10FE8000C40F0000C50F0000000000C00300000008
:10FE9000442CF440C60F0000C70F0000000000C053
:10FEA00005000000CF3CB642C80F0000C90F00009B
:10FEB000000000C003000000849E97C2CA0F00002B
:10FEC000CB0F0000000000C0FEFFFFFF000000C0DD
:10FED000FFFFFFFFFFFFFFFF7666E7BDFEFFFFFFAF
:10FEE000000000C0FFFFFFFFFFFFFFFF1BA081BC62
:10FEF000FEFFFFFF000000C0FFFFFFFFFFFFFFFF4F
:10FF0000C413613DFEFFFFFF000000C0FFFFFFFFC5
:10FF1000FFFFFFFF1B7E82BDFEFFFFFF000000C052
:10FF2000FFFFFFFFFFFFFFFF899B963DFEFFFFFFE7
:10FF3000000000C0FFFFFFFFFFFFFFFF581958BD83
:10FF4000FEFFFFFF000000C0FFFFFFFFFFFFFFFFFE
:10FF50004F8B0BBEFEFFFFFF000000C0FFFFFFFF47
:10FF6000FFFFFFFFA790C8BDFEFFFFFF000000C01E
:10FF7000FFFFFFFFFFFFFFFFBC61963D0400000095
:10FF800071CD72C3CD0F0000CE0F0000000000C085
:10FF90000300000068B3E742CF0F0000D00F00005D
:10FFA000000000C00300000050EB9DC2D10F000014
:10FFB000D20F0000000000C00200000074B366C44D
:10FFC000D30F0000D40F0000000000C003000000A9
:10FFD00024D72F43D50F0000D60F0000000000C02B
:10FFE00005000000321C9341D70F0000D80F00001D
:10FFF000000000C005000000DB830342D90F0000B1
:020000040802F0
:10000000DA0F0000000000C0FEFFFFFF000000C08C
:10001000FFFFFFFFFFFFFFFF00000080FEFFFFFF6D
:10002000000000C0FFFFFFFFFFFFFFFFF99807BEC2
:10003000FEFFFFFF000000C0FFFFFFFFFFFFFFFF0D
:100040000C83733DFEFFFFFF000000C0FFFFFFFFBA
:10005000FFFFFFFF6C60ADBC05000000656E17C3BD
:10006000DB0F0000DC0F0000000000C003000000F8
:10007000B651B4C2DD0F0000DE0F0000000000C06A
:10008000040000004D38FC41DF0F0000E00F0000CD
:10009000000000C004000000859B3543E10F000014
:1000A000E20F0000000000C0FEFFFFFF000000C0E4
:1000B000FFFFFFFFFFFFFFFF00000080FEFFFFFFCD
:1000C000000000C0FFFFFFFFFFFFFFFF6A79EB3D6D
:1000D000FEFFFFFF000000C0FFFFFFFFFFFFFFFF6D
:1000E000F5E016BEFEFFFFFF000000C0FFFFFFFFB0
:1000F000FFFFFFFF00000080FEFFFFFF000000C0C9
:10010000FFFFFFFFFFFFFFFF318CB7BDFEFFFFFFCB
:10011000000000C0FFFFFFFFFFFFFFFF36993A3CE2
:10012000FEFFFFFF000000C0FFFFFFFFFFFFFFFF1C
:10013000A24A083DFEFFFFFF000000C0FFFFFFFFD7
:10014000FFFFFFFF671308BE0000000018DF9144A7
:10015000E40F0000E50F0000000000C002000000F6
:1001600000E9E6BFE60F0000E70F0000000000C056
:1001700002000000BA5987C4E80F0000E90F000030
:10018000000000C000000000627C9F43EA0F0000F6
:10019000EB0F0000000000C000000000313E0E44E4
:1001A000EC0F0000ED0F0000000000C0FEFFFFFF9D
:1001B000000000C0FFFFFFFFFFFFFFFFE1248EBD37
:1001C00005000000F51A00C4EE0F0000EF0F00005C
:1001D000000000C002000000E966EAC3F00F000062
:1001E000F10F0000000000C004000000157E00C3F5
:1001F000F20F0000F30F0000000000C00500000037
:100200005B1744C3F40F0000F50F0000000000C0AE
:10021000020000008C4C1D44F60F0000F70F000098
:10022000000000C0FEFFFFFF000000C0FFFFFFFF57
:10023000FFFFFFFF0000008005000000C4ED344315
:10024000F80F0000F90F0000000000C0FEFFFFFFE4
:10025000000000C0FFFFFFFFFFFFFFFF12DD473D73
:10026000FEFFFFFF000000C0FFFFFFFFFFFFFFFFDB
:10027000695194BCFEFFFFFF000000C0FFFFFFFFBD
:10028000FFFFFFFF1B8D913DFEFFFFFF000000C041
:10029000FFFFFFFFFFFFFFFF4C06BDBDFEFFFFFF9F
:1002A000000000C0FFFFFFFFFFFFFFFF22D3873CDE
:1002B000FEFFFFFF000000C0FFFFFFFFFFFFFFFF8B
:1002C000BB7CD6BDFEFFFFFF000000C0FFFFFFFFAD
:1002D000FFFFFFFFD783B33DFEFFFFFF000000C01D
:1002E000FFFFFFFFFFFFFFFFA5B947BCFEFFFFFFBA
:1002F000000000C0FFFFFFFFFFFFFFFFBAF4103E4A
:10030000FEFFFFFF000000C0FFFFFFFFFFFFFFFF3A
:1003100000000080040000002834EF43FB0F0000C1
:10032000FC0F0000000000C004000000B96E7AC39A
:10033000FD0F0000FE0F0000000000C001000000E3
:100340004F1086C4FF0F000000100000000000C026
:1003500003000000469484C2011000000210000057
:10036000000000C001000000887D0543031000006C
:1003700004100000000000C0040000003E362A44C3
:100380000510000006100000000000C0FEFFFFFF87
:10039000000000C0FFFFFFFFFFFFFFFF49C9083E4D
:1003A00002000000D2CD31C3071000000810000089
:1003B000000000C001000000B1AF9D440910000022
:1003C0000A100000000000C0020000008C8C1944DC
:1003D0000B1000000C100000000000C00100000025
:1003E000621F07440D1000000E100000000000C046
:1003F000FEFFFFFF000000C0FFFFFFFFFFFFFFFF4A
:100400004259AABC03000000BEB041430F100000D7
:1004100010100000000000C0FEFFFFFF000000C041
:10042000FFFFFFFFFFFFFFFFCDCCC2BDFEFFFFFFC1
:10043000000000C0FFFFFFFFFFFFFFFF0000008084
:10044000FEFFFFFF000000C0FFFFFFFFFFFFFFFFF9
:1004500018B4003EFEFFFFFF000000C0FFFFFFFFDB
:10046000FFFFFFFF00000080FEFFFFFF000000C055
:10047000FFFFFFFFFFFFFFFFE1BE1CBDFEFFFFFF11
:10048000000000C0FFFFFFFFFFFFFFFF47FE0E3D24
:10049000FEFFFFFF000000C0FFFFFFFFFFFFFFFFA9
:1004A0009DC20B3DFEFFFFFF000000C0FFFFFFFFEE
:1004B000FFFFFFFF1D251CBCFEFFFFFF000000C06B
:1004C000FFFFFFFFFFFFFFFF00000080FEFFFFFFB9
:1004D000000000C0FFFFFFFFFFFFFFFF7757AD3DAC
:1004E00000000000C4F818431210000013100000B0
:1004F000000000C0050000002F531CC214100000B3
:1005000015100000000000C0020000005C64AA4258
:100510001610000017100000000000C0FEFFFFFFD3
:10052000000000C0FFFFFFFFFFFFFFFF1A2E0CBE01
:100530000400000018153EBF18100000191000003C
:10054000000000C00000000062FC89431A10000097
:100550001B100000000000C000000000181F8044B5
:100560001C1000001D100000000000C0050000006D
:10057000A0C32D3F1E1000001F100000000000C08F
:1005800005000000D8DB2D432010000021100000E2
:10059000000000C004000000FAA898C1221000006A
:1005A00023100000000000C005000000F818D2422F
:1005B0002410000025100000000000C0050000000D
:1005C000C3118F432610000027100000000000C058
:1005D000FEFFFFFF000000C0FFFFFFFFFFFFFFFF68
:1005E000CECCE5BDFEFFFFFF000000C0FFFFFFFF18
:1005F000FFFFFFFF00000080FEFFFFFF000000C0C4
:10060000FFFFFFFFFFFFFFFFAEF5C1BDFEFFFFFFD6
:10061000000000C0FFFFFFFFFFFFFFFF496F183D15
:10062000FEFFFFFF000000C0FFFFFFFFFFFFFFFF17
:10063000F86F00BEFEFFFFFF000000C0FFFFFFFFDE
:10064000FFFFFFFF15C987BDFEFFFFFF000000C0D1
:10065000FFFFFFFFFFFFFFFF00000080FEFFFFFF27
:10066000000000C0FFFFFFFFFFFFFFFF8998F4BD00
:10067000FEFFFFFF000000C0FFFFFFFFFFFFFFFFC7
:1006800000000080FEFFFFFF000000C0FFFFFFFF33
:10069000FFFFFFFFE1DA2A3DFEFFFFFF000000C081
:1006A000FFFFFFFFFFFFFFFFD4264CBE0500000049
:1006B00052748143291000002A100000000000C07D
:1006C00003000000241720432B1000002C10000012
:1006D000000000C003000000365C9D432D100000A8
:1006E0002E100000000000C005000000171EFB4295
:1006F0002F10000030100000000000C005000000B6
:10070000A68781C13110000032100000000000C037
:100710000200000074F32BC43310000034100000FA
:10072000000000C0020000002E32444335100000DB
:1007300036100000000000C0030000007F5952C3C3
:100740003710000038100000000000C00300000057
:100750008C1FB741391000003A100000000000C0A3
:1007600005000000F3B88DC23B1000003C100000F3
:10077000000000C0FEFFFFFF000000C0FFFFFFFF02
:10078000FFFFFFFFF80C18BEFEFFFFFF000000C0D8
:10079000FFFFFFFFFFFFFFFF00000080FEFFFFFFE6
:1007A000000000C0FFFFFFFFFFFFFFFF15E83B3E1B
:1007B00001000000625F56443D1000003E10000042
:1007C000000000C0FEFFFFFF000000C0FFFFFFFFB2
:1007D000FFFFFFFFF4C692BDFEFFFFFF000000C059
:1007E000FFFFFFFFFFFFFFFF244B98BDFEFFFFFF52
:1007F000000000C0FFFFFFFFFFFFFFFF3537873B13
:10080000FEFFFFFF000000C0FFFFFFFFFFFFFFFF35
:1008100040C61F3EFEFFFFFF000000C0FFFFFFFFBE
:10082000FFFFFFFF128706BDFEFFFFFF000000C0B5
:10083000FFFFFFFFFFFFFFFF7B207FBDFEFFFFFFEE
:10084000000000C0FFFFFFFFFFFFFFFF6D79CC3D01
:10085000FEFFFFFF000000C0FFFFFFFFFFFFFFFFE5
:10086000A47AE53DFEFFFFFF000000C0FFFFFFFF91
:10087000FFFFFFFFC98F9ABC00000000C4F845438A
:100880004010000041100000000000C00100000006
:10089000C4BEC7434210000043100000000000C067
:1008A000FEFFFFFF000000C0FFFFFFFFFFFFFFFF95
:1008B000CD96EABD0500000064F696C24410000023
:1008C00045100000000000C000000000780EC2C209
:1008D0004610000047100000000000C001000000AA
:1008E0009E6024C44810000049100000000000C0B1
:1008F00005000000D68CF4414A1000004B100000A7
:10090000000000C0FEFFFFFF000000C0FFFFFFFF70
:10091000FFFFFFFF40F507BE0100000062DF3D441E
:100920004C1000004D100000000000C0FEFFFFFF53
:10093000000000C0FFFFFFFFFFFFFFFF000000807F
:10094000FEFFFFFF000000C0FFFFFFFFFFFFFFFFF4
:100950006442FABDFEFFFFFF000000C0FFFFFFFF83
:10096000FFFFFFFFD7B7273DFEFFFFFF000000C0DE
:10097000FFFFFFFFFFFFFFFF5FABC9BCFEFFFFFFF5
:10098000000000C0FFFFFFFFFFFFFFFF000000802F
:10099000FEFFFFFF000000C0FFFFFFFFFFFFFFFFA4
:1009A0007E689EBD00000000780EF0C24F1000006F
:1009B00050100000000000C004000000EC6156C3AD
:1009C0005110000052100000000000C0050000009F
:1009D00002F085425310000054100000000000C0D7
:1009E00000000000E8C0B2C455100000561000001E
:1009F000000000C00400000086C21841571000002B
:100A000058100000000000C0040000005366DC40E5
:100A1000591000005A100000000000C0040000003F
:100A20005FCF39C25B1000005C100000000000C006
:100A3000FEFFFFFF000000C0FFFFFFFFFFFFFFFF03
:100A400000000080000000003C072DC35D10000086
:100A50005E100000000000C00500000084731DC38C
:100A60005F10000060100000000000C001000000E6
:100A70004F10E9C46110000062100000000000C0C7
:100A800001000000629F2E4463100000641000000B
:100A9000000000C000000000627CD243651000002E
:100AA00066100000000000C001000000C4BEDE436C
:100AB0006710000068100000000000C00500000082
:100AC00072F55943691000006A100000000000C070
:100AD000FEFFFFFF000000C0FFFFFFFFFFFFFFFF63
:100AE000103000BEFEFFFFFF000000C0FFFFFFFF51
:100AF000FFFFFFFF00000080FEFFFFFF000000C0BF
:100B0000FFFFFFFFFFFFFFFF7348ABBDFEFFFFFFCF
:100B1000000000C0FFFFFFFFFFFFFFFF65E6883D0D
:100B2000FEFFFFFF000000C0FFFFFFFFFFFFFFFF12
:100B30003374CD3DFEFFFFFF000000C0FFFFFFFF4D
:100B4000FFFFFFFF72B767BCFEFFFFFF000000C0A2
:100B5000FFFFFFFFFFFFFFFF9E49C9BDFEFFFFFF35
:100B6000000000C0FFFFFFFFFFFFFFFF2D58B43B59
:100B7000FEFFFFFF000000C0FFFFFFFFFFFFFFFFC2
:100B80003F7F40BDFEFFFFFF000000C0FFFFFFFFF3
:100B9000FFFFFFFF592AFD3CFEFFFFFF000000C0E2
:100BA000FFFFFFFFFFFFFFFF3A7D653DFEFFFFFFF9
:100BB000000000C0FFFFFFFFFFFFFFFFDF615DBD23
:100BC000FEFFFFFF000000C0FFFFFFFFFFFFFFFF72
:100BD000C2FD64BDFEFFFFFF000000C0FFFFFFFF7E
:100BE000FFFFFFFFB016933D030000002D5347C4E5
:100BF0006C1000006D100000000000C00500000037
:100C00008FB40CC46E1000006F100000000000C014
:100C1000020000002E325A437010000071100000D4
:100C2000000000C0FEFFFFFF000000C0FFFFFFFF4D
:100C3000FFFFFFFF00000080FEFFFFFF000000C07D
:100C4000FFFFFFFFFFFFFFFF049B733E010000005B
:100C5000C4BE95437210000073100000000000C075
:100C6000020000004686C6447410000075100000A3
:100C7000000000C0030000004CE679C376100000BD
:100C800077100000000000C003000000A7D9A443B3
:100C90007810000079100000000000C00300000080
:100CA000A7D9A4437A1000007B100000000000C008
:100CB000050000009E792F427C1000007D1000008E
:100CC000000000C0FEFFFFFF000000C0FFFFFFFFAD
:100CD000FFFFFFFF84E0E2BDFEFFFFFF000000C05A
:100CE000FFFFFFFFFFFFFFFF5B3C0B3DFEFFFFFF32
:100CF000000000C0FFFFFFFFFFFFFFFF68CBADBD9F
:100D0000FEFFFFFF000000C0FFFFFFFFFFFFFFFF30
:100D10000FD47E3CFEFFFFFF000000C0FFFFFFFF7F
:100D2000FFFFFFFFF7919BBDFEFFFFFF000000C02C
:100D3000FFFFFFFFFFFFFFFF66FAAD3DFEFFFFFF76
:100D4000000000C0FFFFFFFFFFFFFFFF280DEC3D8D
:100D5000FEFFFFFF000000C0FFFFFFFFFFFFFFFFE0
:100D6000352355BD0400000048715AC37F100000B0
:100D700080100000000000C003000000555B9DC112
:100D80008110000082100000000000C0040000007C
:100D9000B6DE48428310000084100000000000C04E
:100DA00005000000BA35E5C185100000861000007E
:100DB000000000C005000000DA93EB42871000003D
:100DC00088100000000000C0030000003C3D87C206
:100DD000891000008A100000000000C0050000001B
:100DE0008802DAC18B1000008C100000000000C0E7
:100DF000FEFFFFFF000000C0FFFFFFFFFFFFFFFF40
:100E00009615DD3D00000000C4F872438D1000000F
:100E10008E100000000000C0000000003C0703C36B
:100E20008F10000090100000000000C003000000C0
:100E3000728A8D429110000092100000000000C0E4
:100E400004000000E899C1BF931000009410000056
:100E5000000000C00500000060E9E1BE9510000040
:100E600096100000000000C0040000003E362A4436
:100E70009710000098100000000000C0040000005F
:100E800099C94143991000009A100000000000C069
:100E9000FEFFFFFF000000C0FFFFFFFFFFFFFFFF9F
:100EA00000000080FEFFFFFF000000C0FFFFFFFF0B
:100EB000FFFFFFFF042F1EBEFEFFFFFF000000C06C
:100EC000FFFFFFFFFFFFFFFF008C463CFEFFFFFF21
:100ED000000000C0FFFFFFFFFFFFFFFF92BE243EA8
:100EE000FEFFFFFF000000C0FFFFFFFFFFFFFFFF4F
:100EF000A690193DFEFFFFFF000000C0FFFFFFFFAF
:100F0000FFFFFFFF4BD064BDFEFFFFFF000000C0EE
:100F1000FFFFFFFFFFFFFFFFF83BC73DFEFFFFFFA7
:100F2000000000C0FFFFFFFFFFFFFFFF9FFFA6BD08
:100F3000FEFFFFFF000000C0FFFFFFFFFFFFFFFFFE
:100F400064FC9FBDFEFFFFFF000000C0FFFFFFFF2E
:100F5000FFFFFFFF7D8B23BCFEFFFFFF000000C0F3
:100F6000FFFFFFFFFFFFFFFFFD4F6FBCFEFFFFFF17
:100F7000000000C0FFFFFFFFFFFFFFFFABC1DA3D36
:100F8000FEFFFFFF000000C0FFFFFFFFFFFFFFFFAE
:100F9000A8BEA53CFEFFFFFF000000C0FFFFFFFF53
:100FA000FFFFFFFF05C8EA3D000000003C072DC31E
:100FB0009C1000009D100000000000C00200000016
:100FC000B8C844429E1000009F100000000000C0FE
:100FD00002000000D2CD76C3A0100000A1100000D6
:100FE000000000C0050000005E7F9442A2100000D7
:100FF000A3100000000000C0000000009E839EC3FC
:10100000A4100000A5100000000000C0FEFFFFFFBC
:10101000000000C0FFFFFFFFFFFFFFFF23FDF7BD44
:1010200005000000FF8704C3A6100000A710000001
:10103000000000C0FEFFFFFF000000C0FFFFFFFF39
:10104000FFFFFFFF8503C5BD05000000EEC1F742AD
:10105000A8100000A9100000000000C0FEFFFFFF64
:10106000000000C0FFFFFFFFFFFFFFFF993113BE2D
:10107000020000008C0C4344AA100000AB100000DA
:10108000000000C0FEFFFFFF000000C0FFFFFFFFE9
:10109000FFFFFFFF6E53FDBD04000000205C5641C2
:1010A000AC100000AD100000000000C0FEFFFFFF0C
:1010B000000000C0FFFFFFFFFFFFFFFF3CD8833EA3
:1010C000FEFFFFFF000000C0FFFFFFFFFFFFFFFF6D
:1010D00000000080FEFFFFFF000000C0FFFFFFFFD9
:1010E000FFFFFFFFFA48A0BDFEFFFFFF000000C0AA
:1010F000FFFFFFFFFFFFFFFF00000080FEFFFFFF7D
:10110000000000C0FFFFFFFFFFFFFFFF4C00BD3AE4
:10111000FEFFFFFF000000C0FFFFFFFFFFFFFFFF1C
:10112000591C703D02000000747321C4AF10000010
:10113000B0100000000000C0030000003A7058C268
:10114000B1100000B2100000000000C0010000005B
:101150009E2059C4B3100000B4100000000000C06D
:101160000100000020F62542B5100000B610000076
:10117000000000C000000000317E6D44B710000088
:10118000B8100000000000C000000000E88084C427
:10119000B9100000BA100000000000C003000000F9
:1011A000A2A3F1C2BB100000BC100000000000C0F0
:1011B000FEFFFFFF000000C0FFFFFFFFFFFFFFFF7C
:1011C000A7CC7FBD03000000984CBCC2BD1000003E
:1011D000BE100000000000C0FEFFFFFF000000C0C6
:1011E000FFFFFFFFFFFFFFFFC1D7D4BDFEFFFFFFE3
:1011F000000000C0FFFFFFFFFFFFFFFF00000080B7
:10120000FEFFFFFF000000C0FFFFFFFFFFFFFFFF2B
:1012100003EEDBBD020000002E325343BF1000007E
:10122000C0100000000000C0000000003C0738C3F0
:10123000C1100000C2100000000000C00200000049
:101240008CCC1044C3100000C4100000000000C08B
:10125000FEFFFFFF000000C0FFFFFFFFFFFFFFFFDB
:1012600000000080FEFFFFFF000000C0FFFFFFFF47
:10127000FFFFFFFF0F8C4D3EFEFFFFFF000000C091
:10128000FFFFFFFFFFFFFFFF382D71BDFEFFFFFFD8
:10129000000000C0FFFFFFFFFFFFFFFF726F1E3E59
:1012A000FEFFFFFF000000C0FFFFFFFFFFFFFFFF8B
:1012B000700AAB3CFEFFFFFF000000C0FFFFFFFF16
:1012C000FFFFFFFF1FFEC9BDFEFFFFFF000000C0C4
:1012D000FFFFFFFFFFFFFFFF9E74823CFEFFFFFF4B
:1012E000000000C0FFFFFFFFFFFFFFFF233804BD2A
:1012F0000000000088F1C342C6100000C7100000C3
:10130000000000C001000000621F1944C810000066
:10131000C9100000000000C004000000510AB9C05C
:10132000CA100000CB100000000000C00100000047
:101330009E2059C4CC100000CD100000000000C059
:10134000FEFFFFFF000000C0FFFFFFFFFFFFFFFFEA
:1013500095D706BEFEFFFFFF000000C0FFFFFFFFA6
:10136000FFFFFFFFD3CAEDBD050000002845ED419A
:10137000CE100000CF100000000000C0FEFFFFFFF5
:10138000000000C0FFFFFFFFFFFFFFFF062712BEA8
:10139000040000001EAE7CC1D0100000D11000007F
:1013A000000000C00400000045A12342D21000004C
:1013B000D3100000000000C0050000000270DD42F4
:1013C000D4100000D5100000000000C0FEFFFFFF99
:1013D000000000C0FFFFFFFFFFFFFFFF75F8C0BC6C
:1013E000FEFFFFFF000000C0FFFFFFFFFFFFFFFF4A
:1013F0002E4D3D3DFEFFFFFF000000C0FFFFFFFF41
:10140000FFFFFFFF42D1F83CFEFFFFFF000000C0DE
:10141000FFFFFFFFFFFFFFFF549AADBDFEFFFFFF81
:10142000000000C0FFFFFFFFFFFFFFFF5FC6E8BD3A
:10143000FEFFFFFF000000C0FFFFFFFFFFFFFFFFF9
:101440000000008000000000CF4112C4D71000004F
:10145000D8100000000000C0050000003DAE9FC392
:10146000D9100000DA100000000000C004000000E5
:1014700047599243DB100000DC100000000000C060
:101480000200000074F314C4DD100000DE10000040
:10149000000000C005000000CF3CB642DF10000095
:1014A000E0100000000000C005000000B227384234
:1014B000E1100000E2100000000000C00500000084
:1014C000DF8AE3C2E3100000E4100000000000C067
:1014D000FEFFFFFF000000C0FFFFFFFFFFFFFFFF59
:1014E000867D26BE05000000C2D9D9C3E5100000E4
:1014F000E6100000000000C00200000046E6EF44D5
:10150000E7100000E8100000000000C0020000002A
:1015100046A6AB44E9100000EA100000000000C03D
:1015200004000000F7C8B6C2EB100000EC10000089
:10153000000000C004000000C4CC2B41ED100000EE
:10154000EE100000000000C00200000000E9E6BF4D
:10155000EF100000F0100000000000C0FEFFFFFFD1
:10156000000000C0FFFFFFFFFFFFFFFF88B2D0BDFC
:10157000FEFFFFFF000000C0FFFFFFFFFFFFFFFFB8
:1015800092FA363DFEFFFFFF000000C0FFFFFFFFA5
:10159000FFFFFFFFA59E8BBCFEFFFFFF000000C00A
:1015A000FFFFFFFFFFFFFFFFF194C93DFEFFFFFFBD
:1015B000000000C0FFFFFFFFFFFFFFFF308C02BEF7
:1015C000FEFFFFFF000000C0FFFFFFFFFFFFFFFF68
:1015D00031E140BDFEFFFFFF000000C0FFFFFFFF45
:1015E000FFFFFFFF2B15C63DFEFFFFFF000000C001
:1015F000FFFFFFFFFFFFFFFF36ADE5BDFEFFFFFF73
:10160000000000C0FFFFFFFFFFFFFFFF083176BCB7
:10161000FEFFFFFF000000C0FFFFFFFFFFFFFFFF17
:101620001AB4A33CFEFFFFFF000000C0FFFFFFFF56
:10163000FFFFFFFF2FAC48BDFEFFFFFF000000C013
:10164000FFFFFFFFFFFFFFFFD164023EFEFFFFFF32
:10165000000000C0FFFFFFFFFFFFFFFFA651C7BB59
:101660000400000085639E43F2100000F3100000A8
:10167000000000C0010000003CC190C3F410000055
:10168000F5100000000000C005000000257C45C2E8
:10169000F6100000F7100000000000C0030000007A
:1016A000926586C1F8100000F9100000000000C02B
:1016B00003000000984CBCC2FA100000FB100000B0
:1016C000000000C00100000028F819C5FC1000004F
:1016D000FD100000000000C0040000003E362A4457
:1016E000FE100000FF100000000000C00400000019
:1016F000878BC2C20011000001110000000000C071
:10170000010000003CC1C4C302110000031100002D
:10171000000000C0040000005738EDC104110000B3
:1017200005110000000000C00500000004E0224296
:101730000611000007110000000000C005000000B5
:10174000F51A00C40811000009110000000000C0D3
:10175000030000004AAEBE420A1100000B11000057
:10176000000000C003000000504E21400C1100009A
:101770000D110000000000C0FEFFFFFF000000C0D0
:10178000FFFFFFFFFFFFFFFF00000080FEFFFFFFE6
:10179000000000C0FFFFFFFFFFFFFFFF1692403D6C
:1017A000FEFFFFFF000000C0FFFFFFFFFFFFFFFF86
:1017B000757413BDFEFFFFFF000000C0FFFFFFFFB9
:1017C000FFFFFFFFB3FAF33DFEFFFFFF000000C085
:1017D000FFFFFFFFFFFFFFFF00000080FEFFFFFF96
:1017E000000000C0FFFFFFFFFFFFFFFF09BEE93D54
:1017F000FEFFFFFF000000C0FFFFFFFFFFFFFFFF36
:101800003A59E0BBFEFFFFFF000000C0FFFFFFFFF3
:10181000FFFFFFFFBDAC0E3CFEFFFFFF000000C05E
:10182000FFFFFFFFFFFFFFFF2BF041BDFEFFFFFFAC
:10183000000000C0FFFFFFFFFFFFFFFF0000008070
:10184000FEFFFFFF000000C0FFFFFFFFFFFFFFFFE5
:101850000AA9313EFEFFFFFF000000C0FFFFFFFFAF
:10186000FFFFFFFF8641EFBDFEFFFFFF000000C04E
:10187000FFFFFFFFFFFFFFFF00000080FEFFFFFFF5
:10188000000000C0FFFFFFFFFFFFFFFF0000008020
:10189000FEFFFFFF000000C0FFFFFFFFFFFFFFFF95
:1018A000C54B17BE040000007ACCFD430F110000A9
:1018B00010110000000000C0000000009E8388C3DB
:1018C0001111000012110000000000C00000000013
:1018D000E8A0DAC41311000014110000000000C0D9
:1018E00000000000E8C09FC41511000016110000A0
:1018F000000000C0040000003E128DC3171100005C
:1019000018110000000000C002000000DD7C29C5A5
:10191000191100001A110000000000C003000000AF
:10192000BEB041431B1100001C110000000000C0AC
:101930000200000023B308451D1100001E11000025
:10194000000000C0040000005FCF0FC21F110000A4
:1019500020110000000000C002000000BAD982C4BB
:101960002111000022110000000000C00200000050
:101970001799AE432311000024110000000000C09D
:101980000000000074F033C525110000261100008E
:10199000000000C0FEFFFFFF000000C0FFFFFFFFD0
:1019A000FFFFFFFF0A50153E040000000A331344F6
:1019B0002711000028110000000000C002000000F4
:1019C000DD7C29C5291100002A110000000000C09B
:1019D000FEFFFFFF000000C0FFFFFFFFFFFFFFFF54
:1019E00000000080FEFFFFFF000000C0FFFFFFFFC0
:1019F000FFFFFFFF48580B3EFEFFFFFF000000C047
:101A0000FFFFFFFFFFFFFFFF596693BCFEFFFFFFD5
:101A1000000000C0FFFFFFFFFFFFFFFFEEFAE7BD82
:101A2000FEFFFFFF000000C0FFFFFFFFFFFFFFFF03
:101A3000016E14BDFEFFFFFF000000C0FFFFFFFFAF
:101A4000FFFFFFFFB883153EFEFFFFFF000000C051
:101A5000FFFFFFFFFFFFFFFF00000080FEFFFFFF13
:101A6000000000C0FFFFFFFFFFFFFFFF0A28263D29
:101A7000FEFFFFFF000000C0FFFFFFFFFFFFFFFFB3
:101A8000A526BDBDFEFFFFFF000000C0FFFFFFFF5A
:101A9000FFFFFFFF00000080FEFFFFFF000000C00F
:101AA000FFFFFFFFFFFFFFFF00000080FEFFFFFFC3
:101AB000000000C0FFFFFFFFFFFFFFFFB7409B3D9F
:101AC000FEFFFFFF000000C0FFFFFFFFFFFFFFFF63
:101AD000EFE4683EFEFFFFFF000000C0FFFFFFFFD6
:101AE000FFFFFFFF000000800500000028E40EC398
:101AF0002C1100002D110000000000C0FEFFFFFFB0
:101B0000000000C0FFFFFFFFFFFFFFFF292010BE06
:101B1000030000004CE679C32E1100002F110000D5
:101B2000000000C000000000313E3C4430110000C5
:101B300031110000000000C004000000F7C8B6C268
:101B40003211000033110000000000C00500000049
:101B5000AC57CAC23411000035110000000000C0AB
:101B6000FEFFFFFF000000C0FFFFFFFFFFFFFFFFC2
:101B70000759F2BC050000002A5444433611000006
:101B800037110000000000C003000000728A8D427F
:101B90003811000039110000000000C0FEFFFFFFF7
:101BA000000000C0FFFFFFFFFFFFFFFF00000080FD
:101BB000FEFFFFFF000000C0FFFFFFFFFFFFFFFF72
:101BC000253A163EFEFFFFFF000000C0FFFFFFFFAB
:101BD000FFFFFFFF71A010BEFEFFFFFF000000C06F
:101BE000FFFFFFFFFFFFFFFF00000080FEFFFFFF82
:101BF000000000C0FFFFFFFFFFFFFFFFBF9384BC9B
:101C0000FEFFFFFF000000C0FFFFFFFFFFFFFFFF21
:101C10008E8E303D04000000DAE320C23B1100004C
:101C20003C110000000000C005000000773453C2E2
:101C30003D1100003E110000000000C00500000042
:101C4000171EF4423F11000040110000000000C0C8
:101C50000200000017998C4341110000421100005E
:101C6000000000C0050000005274814343110000D1
:101C700044110000000000C00400000045A1234200
:101C80004511000046110000000000C001000000E6
:101C9000621F6A444711000048110000000000C0A4
:101CA00001000000629F4844491100004A110000F1
:101CB000000000C0040000002C9C66C24B11000014
:101CC0004C110000000000C0050000005FBD06C10F
:101CD0004D1100004E110000000000C00400000083
:101CE0003E5A15C34F11000050110000000000C003
:101CF000010000003C41A6C3511100005211000038
:101D0000000000C001000000788275C3531100007C
:101D100054110000000000C0020000001719E74342
:101D20005511000056110000000000C00500000021
:101D30000AD387435711000058110000000000C06B
:101D4000FEFFFFFF000000C0FFFFFFFFFFFFFFFFE0
:101D500058B2193EFEFFFFFF000000C0FFFFFFFF6B
:101D6000FFFFFFFF00000080FEFFFFFF000000C03C
:101D7000FFFFFFFFFFFFFFFFDFD507BEFEFFFFFFF7
:101D8000000000C0FFFFFFFFFFFFFFFF000000801B
:101D9000FEFFFFFF000000C0FFFFFFFFFFFFFFFF90
:101DA00002E30EBDFEFFFFFF000000C0FFFFFFFFCC
:101DB000FFFFFFFF8344F3BDFEFFFFFF000000C0F5
:101DC000FFFFFFFFFFFFFFFF00000080FEFFFFFFA0
:101DD000000000C0FFFFFFFFFFFFFFFFBC499E3D6B
:101DE000FEFFFFFF000000C0FFFFFFFFFFFFFFFF40
:101DF000F091763DFEFFFFFF000000C0FFFFFFFFF8
:101E0000FFFFFFFFB041B0BBFEFFFFFF000000C0BF
:101E1000FFFFFFFFFFFFFFFF0D4ADABDFEFFFFFFE1
:101E2000000000C0FFFFFFFFFFFFFFFFEBE0EDBC86
:101E3000FEFFFFFF000000C0FFFFFFFFFFFFFFFFEF
:101E4000BA34133EFEFFFFFF000000C0FFFFFFFF9C
:101E5000FFFFFFFF00000080FEFFFFFF000000C04B
:101E6000FFFFFFFFFFFFFFFF51BCE3BCFEFFFFFFD3
:101E7000000000C0FFFFFFFFFFFFFFFF000000802A
:101E800002000000E9E6A9C35A1100005B1100003E
:101E9000000000C0FEFFFFFF000000C0FFFFFFFFCB
:101EA000FFFFFFFFCB2B0BBE030000001261E2C25D
:101EB0005C1100005D110000000000C00200000085
:101EC0001799A6435E1100005F110000000000C0DA
:101ED0000100000062DF2544601100006111000074
:101EE000000000C0030000006B6B3DC362110000E6
:101EF00063110000000000C0FEFFFFFF000000C0F3
:101F0000FFFFFFFFFFFFFFFFC52E10BE0500000013
:101F1000A6609A426411000065110000000000C034
:101F2000FEFFFFFF000000C0FFFFFFFFFFFFFFFFFE
:101F30006FE209BEFEFFFFFF000000C0FFFFFFFFD2
:101F4000FFFFFFFF57354BBDFEFFFFFF000000C046
:101F5000FFFFFFFFFFFFFFFFB748013EFEFFFFFF50
:101F6000000000C0FFFFFFFFFFFFFFFF14EBC13CBD
:101F7000FEFFFFFF000000C0FFFFFFFFFFFFFFFFAE
:101F80008AF8A4BD00000000780EA8C26711000006
:101F900068110000000000C005000000D85B2A4363
:101FA000691100006A110000000000C00300000079
:101FB00074C6C9436B1100006C110000000000C022
:101FC0000400000086C218416D1100006E1100006F
:101FD000000000C00300000006D214436F1100008F
:101FE00070110000000000C000000000313E1544E8
:101FF0007111000072110000000000C00500000017
:10200000C4ED34437311000074110000000000C0DF
:10201000040000009162EDC275110000761100000D
:10202000000000C004000000F408B0427711000076
:1020300078110000000000C0FEFFFFFF000000C09C
:10204000FFFFFFFFFFFFFFFF2C2C26BE0500000057
:102050000B0F3943791100007A110000000000C015
:1020600004000000C495A4C27B1100007C11000094
:10207000000000C003000000B25E04C47D11000037
:102080007E110000000000C00400000065468F4281
:102090007F11000080110000000000C0000000005F
:1020A00031FE51448111000082110000000000C087
:1020B000FEFFFFFF000000C0FFFFFFFFFFFFFFFF6D
:1020C000338535BCFEFFFFFF000000C0FFFFFFFFB0
:1020D000FFFFFFFFDFE5973DFEFFFFFF000000C0B1
:1020E000FFFFFFFFFFFFFFFFBF6801BDFEFFFFFF18
:1020F000000000C0FFFFFFFFFFFFFFFF2200AD3C1D
:10210000FEFFFFFF000000C0FFFFFFFFFFFFFFFF1C
:1021100045E9E33DFEFFFFFF000000C0FFFFFFFFBA
:10212000FFFFFFFF00000080FEFFFFFF000000C078
:10213000FFFFFFFFFFFFFFFFDBE7483CFEFFFFFF66
:10214000000000C0FFFFFFFFFFFFFFFFC46385BD6E
:10215000FEFFFFFF000000C0FFFFFFFFFFFFFFFFCC
:102160004AD3FBBDFEFFFFFF000000C0FFFFFFFFE3
:10217000FFFFFFFFE3CC0A3DFEFFFFFF000000C0B2
:10218000FFFFFFFFFFFFFFFF2D5F08BEFEFFFFFF0A
:10219000000000C0FFFFFFFFFFFFFFFF4A73C63CC8
:1021A000FEFFFFFF000000C0FFFFFFFFFFFFFFFF7C
:1021B000EE8D3D3EFEFFFFFF000000C0FFFFFFFF72
:1021C000FFFFFFFF0000008002000000A49B85C20B
:1021D0008411000085110000000000C00100000013
:1021E000788253C38611000087110000000000C0F0
:1021F000020000004686C6448811000089110000D4
:10220000000000C0050000006D5D0CC28A110000D6
:102210008B110000000000C005000000DA13DA4254
:102220008C1100008D110000000000C001000000B2
:102230003C419EC38E1100008F110000000000C0C1
:1022400005000000BFC7444190110000911100003B
:10225000000000C005000000F51A00C49211000043
:1022600093110000000000C002000000BAF9E5C4AC
:102270009411000095110000000000C00100000052
:10228000621F04449611000097110000000000C076
:1022900003000000A7F9D443981100009911000031
:1022A000000000C0030000006833F2429A110000F1
:1022B0009B110000000000C0030000005AC2EBC2E6
:1022C0009C1100009D110000000000C001000000F2
:1022D0009EA040C49E1100009F110000000000C09D
:1022E00001000000B1EF9144A0110000A111000015
:1022F000000000C0FEFFFFFF000000C0FFFFFFFF67
:10230000FFFFFFFF2C16BBBDFEFFFFFF000000C05C
:10231000FFFFFFFFFFFFFFFF663A693CFEFFFFFF85
:10232000000000C0FFFFFFFFFFFFFFFF57AE8BBBAA
:10233000FEFFFFFF000000C0FFFFFFFFFFFFFFFFEA
:10234000E979F13DFEFFFFFF000000C0FFFFFFFF46
:10235000FFFFFFFF173BD33CFEFFFFFF000000C065
:10236000FFFFFFFFFFFFFFFF901C1CBDFEFFFFFFF5
:10237000000000C0FFFFFFFFFFFFFFFF20CAACBD52
:10238000FEFFFFFF000000C0FFFFFFFFFFFFFFFF9A
:10239000A3A0813CFEFFFFFF000000C0FFFFFFFF86
:1023A000FFFFFFFF23A300BEFEFFFFFF000000C0F2
:1023B000FFFFFFFFFFFFFFFF00000080FEFFFFFFAA
:1023C000000000C0FFFFFFFFFFFFFFFF5096303D02
:1023D000FEFFFFFF000000C0FFFFFFFFFFFFFFFF4A
:1023E000B5C416BDFEFFFFFF000000C0FFFFFFFFEA
:1023F000FFFFFFFFB0F7F43CFEFFFFFF000000C04F
:10240000FFFFFFFFFFFFFFFF61907A3EFEFFFFFF30
:10241000000000C0FFFFFFFFFFFFFFFF9735D9BDA2
:10242000FEFFFFFF000000C0FFFFFFFFFFFFFFFFF9
:102430000000008001000000887D4A43A3110000D5
:10244000A4110000000000C005000000732DCE4262
:10245000A5110000A6110000000000C0030000004C
:10246000ABDE87C3A7110000A8110000000000C068
:102470000200000046E6B444A9110000AA110000C1
:10248000000000C003000000365C8143AB11000077
:10249000AC110000000000C0FEFFFFFF000000C004
:1024A000FFFFFFFFFFFFFFFFD41F0EBE0100000074
:1024B000621F0744AD110000AE110000000000C013
:1024C000010000003CC195C3AF110000B011000035
:1024D000000000C00300000040938D43B1110000D4
:1024E000B2110000000000C00200000023032545D7
:1024F000B3110000B4110000000000C0050000008E
:1025000053304B43B5110000B6110000000000C06D
:1025100005000000A68781C1B7110000B8110000B6
:10252000000000C00500000071E195C3B911000072
:10253000BA110000000000C0FEFFFFFF000000C055
:10254000FFFFFFFFFFFFFFFFFBFCD7BCFEFFFFFF0E
:10255000000000C0FFFFFFFFFFFFFFFF1880143CDB
:10256000FEFFFFFF000000C0FFFFFFFFFFFFFFFFB8
:10257000773BC83DFEFFFFFF000000C0FFFFFFFFED
:10258000FFFFFFFF00000080FEFFFFFF000000C014
:10259000FFFFFFFFFFFFFFFF2D1DB9BDFEFFFFFF88
:1025A000000000C0FFFFFFFFFFFFFFFF00000080F3
:1025B000FEFFFFFF000000C0FFFFFFFFFFFFFFFF68
:1025C000D5FBA83EFEFFFFFF000000C0FFFFFFFF9E
:1025D000FFFFFFFF53D94FBDFEFFFFFF000000C00C
:1025E000FFFFFFFFFFFFFFFF04667ABCFEFFFFFF58
:1025F000000000C0FFFFFFFFFFFFFFFFBE0CA33D79
:10260000FEFFFFFF000000C0FFFFFFFFFFFFFFFF17
:102610002504D23DFEFFFFFF000000C0FFFFFFFFCB
:10262000FFFFFFFFA6311BBC00000000F01C2CC206
:10263000BC110000BD110000000000C0050000003A
:10264000B607CF41BE110000BF110000000000C05E
:10265000010000003C41A1C3C0110000C1110000F5
:10266000000000C0FEFFFFFF000000C0FFFFFFFFF3
:10267000FFFFFFFF916FF0BD05000000D8DB0343B3
:10268000C2110000C3110000000000C004000000DF
:10269000261C3642C4110000C5110000000000C015
:1026A00004000000EE9153C2C6110000C7110000E3
:1026B000000000C0040000007F94AAC1C8110000FF
:1026C000C9110000000000C001000000B1AF9D442E
:1026D000CA110000CB110000000000C00000000083
:1026E00031FE0944CC110000CD110000000000C0F3
:1026F00005000000B607CF41CE110000CF11000049
:10270000000000C0050000001BA521C2D011000080
:10271000D1110000000000C00500000072F559430F
:10272000D2110000D3110000000000C0FEFFFFFF27
:10273000000000C0FFFFFFFFFFFFFFFFEF73BBBD07
:10274000FEFFFFFF000000C0FFFFFFFFFFFFFFFFD6
:10275000011F2A3DFEFFFFFF000000C0FFFFFFFF3B
:10276000FFFFFFFF76BC11BEFEFFFFFF000000C0B1
:10277000FFFFFFFFFFFFFFFFFC513C3DFEFFFFFFA0
:10278000000000C0FFFFFFFFFFFFFFFFDE6DC4BDC5
:10279000FEFFFFFF000000C0FFFFFFFFFFFFFFFF86
:1027A000E476903DFEFFFFFF000000C0FFFFFFFF4B
:1027B000FFFFFFFF8A7BC1BDFEFFFFFF000000C0DF
:1027C000FFFFFFFFFFFFFFFF5F6C4A3EFEFFFFFFC3
:1027D000000000C0FFFFFFFFFFFFFFFF7AF131BEE7
:1027E000FEFFFFFF000000C0FFFFFFFFFFFFFFFF36
:1027F000D0AE98BCFEFFFFFF000000C0FFFFFFFF50
:10280000FFFFFFFFE02D3A3DFEFFFFFF000000C08D
:10281000FFFFFFFFFFFFFFFF3DEF4CBE0300000087
:10282000365C8143D5110000D6110000000000C0C5
:1028300000000000E8A0DAC4D7110000D8110000A1
:10284000000000C00000000062FCBB43D911000082
:10285000DA110000000000C0FEFFFFFF000000C012
:10286000FFFFFFFFFFFFFFFFE74007BE0100000083
:102870009EA050C4DB110000DC110000000000C06D
:10288000FEFFFFFF000000C0FFFFFFFFFFFFFFFF95
:102890006D770FBEFEFFFFFF000000C0FFFFFFFFD0
:1028A000FFFFFFFF00000080020000002E325343B4
:1028B000DD110000DE110000000000C0000000007B
:1028C0009E03D4C3DF110000E0110000000000C02F
:1028D000FEFFFFFF000000C0FFFFFFFFFFFFFFFF45
:1028E000E933D3BDFEFFFFFF000000C0FFFFFFFF85
:1028F000FFFFFFFFF2C8F13DFEFFFFFF000000C039
:10290000FFFFFFFFFFFFFFFFA615363DFEFFFFFFA6
:10291000000000C0FFFFFFFFFFFFFFFF9CB12CBCCA
:102920000100000062DF2544E2110000E311000015
:10293000000000C00500000046F1EBC2E4110000F9
:10294000E5110000000000C0FEFFFFFF000000C016
:10295000FFFFFFFFFFFFFFFF469F02BEFEFFFFFFDF
:10296000000000C0FFFFFFFFFFFFFFFF3D1905BE96
:102970000400000001A0DAC2E6110000E711000027
:10298000000000C003000000431C3B43E8110000AE
:10299000E9110000000000C0010000009EE02EC40C
:1029A000EA110000EB110000000000C0FEFFFFFF75
:1029B000000000C0FFFFFFFFFFFFFFFFF362D0BD7D
:1029C000FEFFFFFF000000C0FFFFFFFFFFFFFFFF54
:1029D0004C8B0B3EFEFFFFFF000000C0FFFFFFFF20
:1029E000FFFFFFFFEB93CDBDFEFFFFFF000000C028
:1029F000FFFFFFFFFFFFFFFFB7BFB23C000000007B
:102A0000C07350C1ED110000EE110000000000C0C5
:102A100002000000D2CD76C3EF110000F0110000DB
:102A2000000000C002000000D2CD31C3F11100004F
:102A3000F2110000000000C004000000D00C7BC2B6
:102A4000F3110000F4110000000000C004000000B9
:102A50004C61C9C1F5110000F6110000000000C072
:102A600000000000627CCE43F7110000F811000066
:102A7000000000C0050000003EA69543F9110000CB
:102A8000FA110000000000C0000000003C072DC348
:102A9000FB110000FC110000000000C00400000059
:102AA000D4632F42FD110000FE110000000000C0A1
:102AB00005000000D5B3DBC2FF11000000120000CA
:102AC000000000C005000000C8D665C0011200006B
:102AD00002120000000000C005000000885BA9424F
:102AE0000312000004120000000000C002000000F9
:102AF000E966CCC30512000006120000000000C009
:102B000000000000C4F83243071200000812000061
:102B1000000000C00200000017199F4309120000C6
:102B20000A120000000000C0FEFFFFFF000000C00E
:102B3000FFFFFFFFFFFFFFFFD65D1EBEFEFFFFFF93
:102B4000000000C0FFFFFFFFFFFFFFFF699408BD0B
:102B5000FEFFFFFF000000C0FFFFFFFFFFFFFFFFC2
:102B6000C660943DFEFFFFFF000000C0FFFFFFFFB7
:102B7000FFFFFFFFA4F451BCFEFFFFFF000000C0F9
:102B8000FFFFFFFFFFFFFFFFB5A598BDFEFFFFFFA3
:102B9000000000C0FFFFFFFFFFFFFFFF2790923DF7
:102BA000FEFFFFFF000000C0FFFFFFFFFFFFFFFF72
:102BB0002E344C3DFEFFFFFF000000C0FFFFFFFF73
:102BC000FFFFFFFFC9AE6ABDFEFFFFFF000000C0B0
:102BD000FFFFFFFFFFFFFFFF988C97BDFEFFFFFF8A
:102BE000000000C0FFFFFFFFFFFFFFFFA897943D1D
:102BF000FEFFFFFF000000C0FFFFFFFFFFFFFFFF22
:102C0000A5CA753DFEFFFFFF000000C0FFFFFFFFEC
:102C1000FFFFFFFFF6EE0ABDFEFFFFFF000000C052
:102C2000FFFFFFFFFFFFFFFF8B7202BDFEFFFFFFF5
:102C3000000000C0FFFFFFFFFFFFFFFF0C59FEBDBC
:102C4000FEFFFFFF000000C0FFFFFFFFFFFFFFFFD1
:102C500000000080FEFFFFFF000000C0FFFFFFFF3D
:102C6000FFFFFFFFBDF7B33E0000000018DF9144F7
:102C70000C1200000D120000000000C00200000055
:102C8000483763C20E1200000F120000000000C09F
:102C900002000000BA5987C410120000111200008F
:102CA000000000C000000000627C9F431212000080
:102CB00013120000000000C000000000313E084474
:102CC0001412000015120000000000C0FEFFFFFFFC
:102CD000000000C0FFFFFFFFFFFFFFFFDB1CFDBB8D
:102CE0000500000085AD2CC416120000171200006C
:102CF000000000C003000000728A8D42181200001C
:102D000019120000000000C0030000003266C5C2B6
:102D10001A1200001B120000000000C00300000097
:102D2000D095F2431C1200001D120000000000C0EC
:102D3000020000008C4C4C441E1200001F120000C8
:102D4000000000C0FEFFFFFF000000C0FFFFFFFF0C
:102D5000FFFFFFFF00000080050000002A541A4317
:102D60002012000021120000000000C0FEFFFFFF43
:102D7000000000C0FFFFFFFFFFFFFFFF510C483DB9
:102D8000FEFFFFFF000000C0FFFFFFFFFFFFFFFF90
:102D90000DD466BAFEFFFFFF000000C0FFFFFFFF7B
:102DA000FFFFFFFFC183CD3DFEFFFFFF000000C01E
:102DB000FFFFFFFFFFFFFFFF499E54BDFEFFFFFF28
:102DC000000000C0FFFFFFFFFFFFFFFF6229B1BD52
:102DD000FEFFFFFF000000C0FFFFFFFFFFFFFFFF40
:102DE0009E14B43DFEFFFFFF000000C0FFFFFFFF89
:102DF000FFFFFFFFFF3EB83DFEFFFFFF000000C0EA
:102E0000FFFFFFFFFFFFFFFF889CEDBBFEFFFFFF03
:102E1000000000C0FFFFFFFFFFFFFFFFC150183E93
:102E2000FEFFFFFF000000C0FFFFFFFFFFFFFFFFEF
:102E300000000080010000003C4186C32312000016
:102E400024120000000000C00300000040938D43E6
:102E50002512000026120000000000C00300000040
:102E6000D11128C32712000028120000000000C062
:102E700003000000B38C17C3291200002A120000BF
:102E8000000000C002000000DDEC36C52B1200007F
:102E90002C120000000000C000000000CFC177C469
:102EA0002D1200002E120000000000C000000000E3
:102EB000780EFAC22F12000030120000000000C08D
:102EC0000000000018DFC34431120000321200007D
:102ED000000000C00200000023032545331200005B
:102EE00034120000000000C000000000E860C4C40C
:102EF0003512000036120000000000C0FEFFFFFF88
:102F0000000000C0FFFFFFFFFFFFFFFFE8E600BD7E
:102F1000FEFFFFFF000000C0FFFFFFFFFFFFFFFFFE
:102F20000000008000000000183FAB443712000092
:102F300038120000000000C00200000017999A43F8
:102F4000391200003A120000000000C00300000027
:102F5000A7F9D4433B1200003C120000000000C05F
:102F6000FEFFFFFF000000C0FFFFFFFFFFFFFFFFAE
:102F7000851CF93AFEFFFFFF000000C0FFFFFFFFC6
:102F8000FFFFFFFF7C849A3DFEFFFFFF000000C0B3
:102F9000FFFFFFFFFFFFFFFF03708BBDFEFFFFFF83
:102FA000000000C0FFFFFFFFFFFFFFFF74E7323E9E
:102FB000FEFFFFFF000000C0FFFFFFFFFFFFFFFF5E
:102FC00000000080FEFFFFFF000000C0FFFFFFFFCA
:102FD000FFFFFFFFAA4F493EFEFFFFFF000000C0BA
:102FE000FFFFFFFFFFFFFFFFA5DFA6BDFEFFFFFF07
:102FF000000000C0FFFFFFFFFFFFFFFF0000008099
:10300000FEFFFFFF000000C0FFFFFFFFFFFFFFFF0D
:10301000890F10BDFEFFFFFF000000C0FFFFFFFF94
:10302000FFFFFFFF7FA82E3DFEFFFFFF000000C057
:10303000FFFFFFFFFFFFFFFFAFA7DA3CFEFFFFFF31
:10304000000000C0FFFFFFFFFFFFFFFF1D86ABBDBD
:10305000000000009E0391C33E1200003F120000DA
:10306000000000C00300000006120C4340120000E4
:1030700041120000000000C00500000028E40EC35B
:103080004212000043120000000000C003000000D4
:10309000B6D1FDC24412000045120000000000C07D
:1030A00003000000AA027843461200004712000005
:1030B000000000C0FEFFFFFF000000C0FFFFFFFF99
:1030C000FFFFFFFFACC70BBE030000003BC1A7C35F
:1030D0004812000049120000000000C00500000076
:1030E0006F26C2414A1200004B120000000000C0CF
:1030F000FEFFFFFF000000C0FFFFFFFFFFFFFFFF1D
:10310000E1E303BE000000009E03CAC34C120000AE
:103110004D120000000000C0FEFFFFFF000000C0D5
:10312000FFFFFFFFFFFFFFFFB67187BD000000003C
:10313000313E3C444E1200004F120000000000C01F
:1031400000000000C4F87743501200005112000044
:10315000000000C0FEFFFFFF000000C0FFFFFFFFF8
:10316000FFFFFFFFDB1C97BDFEFFFFFF000000C05D
:10317000FFFFFFFFFFFFFFFF95D29D3AFEFFFFFF1E
:10318000000000C0FFFFFFFFFFFFFFFF0000008007
:10319000FEFFFFFF000000C0FFFFFFFFFFFFFFFF7C
:1031A00095A1E33DFEFFFFFF000000C0FFFFFFFF12
:1031B000FFFFFFFF9C7D233EFEFFFFFF000000C0DE
:1031C000FFFFFFFFFFFFFFFF00000080FEFFFFFF8C
:1031D000000000C0FFFFFFFFFFFFFFFF9F418ABC11
:1031E000FEFFFFFF000000C0FFFFFFFFFFFFFFFF2C
:1031F0002C26C43C0500000086A362435312000045
:1032000054120000000000C003000000BEB04143A3
:103210005512000056120000000000C0030000001C
:10322000E4A396435712000058120000000000C0AB
:1032300004000000E4BA59C2591200005A120000FA
:10324000000000C0050000002D8A33C15B120000A1
:103250005C120000000000C001000000B18FC144FA
:103260005D1200005E120000000000C001000000BE
:10327000625F43445F12000060120000000000C063
:1032800005000000E49194C1611200006212000088
:10329000000000C005000000171EF4426312000089
:1032A00064120000000000C00500000031C384C2A9
:1032B0006512000066120000000000C0040000005B
:1032C00000706B436712000068120000000000C02D
:1032D000FEFFFFFF000000C0FFFFFFFFFFFFFFFF3B
:1032E00044F1173EFEFFFFFF000000C0FFFFFFFF9D
:1032F000FFFFFFFF00000080040000004D38FC418C
:10330000691200006A120000000000C0FEFFFFFF0B
:10331000000000C0FFFFFFFFFFFFFFFF5EBED1BD4B
:10332000FEFFFFFF000000C0FFFFFFFFFFFFFFFFEA
:10333000CB74313DFEFFFFFF000000C0FFFFFFFF29
:10334000FFFFFFFF04EB0CBEFEFFFFFF000000C00D
:10335000FFFFFFFFFFFFFFFF80F37AB9FEFFFFFFD4
:10336000000000C0FFFFFFFFFFFFFFFF1FCAC23DBD
:10337000FEFFFFFF000000C0FFFFFFFFFFFFFFFF9A
:10338000BE929DBDFEFFFFFF000000C0FFFFFFFFDC
:10339000FFFFFFFF4CEC1D3DFEFFFFFF000000C0E4
:1033A000FFFFFFFFFFFFFFFF38FA1CBEFEFFFFFF1E
:1033B000000000C0FFFFFFFFFFFFFFFF00000080D5
:1033C000FEFFFFFF000000C0FFFFFFFFFFFFFFFF4A
:1033D00000000080FEFFFFFF000000C0FFFFFFFFB6
:1033E000FFFFFFFF0313773D02000000E9E6A9C3DA
:1033F0006C1200006D120000000000C00000000010
:10340000E86092C46E1200006F120000000000C05D
:10341000020000008C0C2C4470120000711200009D
:10342000000000C0FEFFFFFF000000C0FFFFFFFF25
:10343000FFFFFFFF00000080FEFFFFFF000000C055
:10344000FFFFFFFFFFFFFFFFF70D07BE01000000BA
:10345000C013B4C17212000073120000000000C05B
:10346000040000004C6183C174120000751200005A
:10347000000000C0000000003C074AC376120000B4
:1034800077120000000000C0000000003C075FC38E
:103490007812000079120000000000C00100000056
:1034A00020F65D427A1200007B120000000000C08E
:1034B00004000000AE1E38417C1200007D120000A6
:1034C000000000C0FEFFFFFF000000C0FFFFFFFF85
:1034D000FFFFFFFFABEA8C3DFEFFFFFF000000C0D7
:1034E000FFFFFFFFFFFFFFFFEC5CE6BCFEFFFFFFFF
:1034F000000000C0FFFFFFFFFFFFFFFFD792A1BD4D
:10350000FEFFFFFF000000C0FFFFFFFFFFFFFFFF08
:10351000EEE1DD3BFEFFFFFF000000C0FFFFFFFF0D
:10352000FFFFFFFF50FA54BEFEFFFFFF000000C088
:10353000FFFFFFFFFFFFFFFF00000080FEFFFFFF18
:10354000000000C0FFFFFFFFFFFFFFFFA76EE73C8B
:10355000FEFFFFFF000000C0FFFFFFFFFFFFFFFFB8
:103560007827B9BD000000009E03D1C37F12000080
:1035700080120000000000C002000000BAB9D4C4EC
:103580008112000082120000000000C00200000052
:10359000E9E6AEC38312000084120000000000C000
:1035A00000000000CF812EC48512000086120000AA
:1035B000000000C0050000009232BF4287120000E8
:1035C00088120000000000C000000000627CA843D8
:1035D000891200008A120000000000C000000000F4
:1035E000C4F82E438B1200008C120000000000C0B3
:1035F000FEFFFFFF000000C0FFFFFFFFFFFFFFFF18
:103600006F95ECBDFEFFFFFF000000C0FFFFFFFF56
:10361000FFFFFFFF0000008005000000DD9A3FC2B1
:103620008D1200008E120000000000C00200000099
:1036300046A6AB448F12000090120000000000C0AC
:103640000500000028E40EC3911200009212000051
:10365000000000C00000000018DF91449312000039
:1036600094120000000000C005000000C4ED3443C7
:103670009512000096120000000000C00500000036
:10368000C4ED6C439712000098120000000000C0C7
:10369000FEFFFFFF000000C0FFFFFFFFFFFFFFFF77
:1036A00000000080FEFFFFFF000000C0FFFFFFFFE3
:1036B000FFFFFFFF12E1A23DFEFFFFFF000000C081
:1036C000FFFFFFFFFFFFFFFFBFC680BDFEFFFFFF45
:1036D000000000C0FFFFFFFFFFFFFFFF1EB59A3D88
:1036E000FEFFFFFF000000C0FFFFFFFFFFFFFFFF27
:1036F00062CDFE3DFEFFFFFF000000C0FFFFFFFFA9
:10370000FFFFFFFF7B4E8ABDFEFFFFFF000000C0F2
:10371000FFFFFFFFFFFFFFFF845F603DFEFFFFFF36
:10372000000000C0FFFFFFFFFFFFFFFFF3BE30BD43
:10373000FEFFFFFF000000C0FFFFFFFFFFFFFFFFD6
:10374000864B283CFEFFFFFF000000C0FFFFFFFF8D
:10375000FFFFFFFF5B7BD1BDFEFFFFFF000000C04E
:10376000FFFFFFFFFFFFFFFFB405F8BDFEFFFFFFF8
:10377000000000C0FFFFFFFFFFFFFFFFF844023E15
:1037800003000000FCC822449A1200009B120000B3
:10379000000000C001000000C4BE95439C12000060
:1037A0009D120000000000C0050000003DAE9FC358
:1037B0009E1200009F120000000000C005000000E3
:1037C000F51A00C4A0120000A1120000000000C001
:1037D00003000000265396C3A2120000A3120000AB
:1037E000000000C0FEFFFFFF000000C0FFFFFFFF62
:1037F000FFFFFFFF000000800500000052748143BE
:10380000A4120000A5120000000000C00300000088
:103810003C3DB8C2A6120000A7120000000000C084
:10382000030000002D5347C4A8120000A912000095
:10383000000000C001000000C4BEDE43AA12000068
:10384000AB120000000000C003000000A7F9D44341
:10385000AC120000AD120000000000C00400000027
:10386000D7531943AE120000AF120000000000C091
:10387000FEFFFFFF000000C0FFFFFFFFFFFFFFFF95
:1038800000000080FEFFFFFF000000C0FFFFFFFF01
:10389000FFFFFFFF98C9DDBDFEFFFFFF000000C076
:1038A000FFFFFFFFFFFFFFFF00000080FEFFFFFFA5
:1038B000000000C0FFFFFFFFFFFFFFFF3CB42C3EF6
:1038C000FEFFFFFF000000C0FFFFFFFFFFFFFFFF45
:1038D0002F561F3CFEFFFFFF000000C0FFFFFFFF51
:1038E000FFFFFFFF00000080FEFFFFFF000000C0A1
:1038F000FFFFFFFFFFFFFFFF8FBA223EFEFFFFFF2C
:10390000000000C0FFFFFFFFFFFFFFFFC72A8ABDC7
:10391000FEFFFFFF000000C0FFFFFFFFFFFFFFFFF4
:10392000819D8B3CFEFFFFFF000000C0FFFFFFFFFB
:10393000FFFFFFFFD9F6763EFEFFFFFF000000C04D
:10394000FFFFFFFFFFFFFFFF0000008005000000FA
:1039500014F2ACC3B1120000B2120000000000C0AB
:1039600002000000BAB98CC4B3120000B412000007
:10397000000000C00500000058612E41B512000093
:10398000B6120000000000C000000000181FB5447F
:10399000B7120000B8120000000000C002000000D2
:1039A0008C0C7F44B9120000BA120000000000C065
:1039B000020000008C0C0E44BB120000BC12000080
:1039C000000000C000000000CF8102C4BD12000052
:1039D000BE120000000000C005000000B842BBC3DA
:1039E000BF120000C0120000000000C0050000006F
:1039F00085AD2CC4C1120000C2120000000000C03E
:103A0000000000003C071CC3C3120000C4120000E9
:103A1000000000C0030000009710E9C3C5120000B9
:103A2000C6120000000000C002000000E9E6C5C3A5
:103A3000C7120000C8120000000000C00000000013
:103A4000C4F87243C9120000CA120000000000C08E
:103A500003000000E463AD43CB120000CC12000071
:103A6000000000C0030000007466BE43CD120000D9
:103A7000CE120000000000C0FEFFFFFF000000C0EB
:103A8000FFFFFFFFFFFFFFFF3095AABDFEFFFFFF17
:103A9000000000C0FFFFFFFFFFFFFFFF00000080EE
:103AA000FEFFFFFF000000C0FFFFFFFFFFFFFFFF63
:103AB00000000080FEFFFFFF000000C0FFFFFFFFCF
:103AC000FFFFFFFF1CF68C3DFEFFFFFF000000C064
:103AD000FFFFFFFFFFFFFFFFE49A333EFEFFFFFF04
:103AE000000000C0FFFFFFFFFFFFFFFFB8FD3C3DF0
:103AF000FEFFFFFF000000C0FFFFFFFFFFFFFFFF13
:103B000000000080FEFFFFFF000000C0FFFFFFFF7E
:103B1000FFFFFFFFE02520BDFEFFFFFF000000C00C
:103B2000FFFFFFFFFFFFFFFF592304BBFEFFFFFF67
:103B3000000000C0FFFFFFFFFFFFFFFF5D4297BDDA
:103B4000FEFFFFFF000000C0FFFFFFFFFFFFFFFFC2
:103B50003A74D23DFEFFFFFF000000C0FFFFFFFFF1
:103B6000FFFFFFFFA7E796BDFEFFFFFF000000C0BD
:103B7000FFFFFFFFFFFFFFFF62B90DBEFEFFFFFF6C
:103B8000000000C0FFFFFFFFFFFFFFFF1D2D773C80
:103B9000FEFFFFFF000000C0FFFFFFFFFFFFFFFF72
:103BA0000DA1FA3CFEFFFFFF000000C0FFFFFFFF7A
:103BB000FFFFFFFF5724A7BD000000009E839EC3A8
:103BC000D0120000D1120000000000C0010000006F
:103BD000621F6A44D2120000D3120000000000C02D
:103BE000010000009EA06CC4D4120000D512000099
:103BF000000000C0FEFFFFFF000000C0FFFFFFFF4E
:103C0000FFFFFFFF5FBF07BE03000000B6D1FDC28C
:103C1000D6120000D7120000000000C0FEFFFFFF18
:103C2000000000C0FFFFFFFFFFFFFFFF3177FCBD7B
:103C300005000000AC57CAC2D8120000D91200001B
:103C4000000000C0FEFFFFFF000000C0FFFFFFFFFD
:103C5000FFFFFFFF077F033E000000009E03CAC373
:103C6000DA120000DB120000000000C0FEFFFFFFC0
:103C7000000000C0FFFFFFFFFFFFFFFFCF16A9BD41
:103C8000030000006B6B3DC3DC120000DD1200007E
:103C9000000000C0FEFFFFFF000000C0FFFFFFFFAD
:103CA000FFFFFFFF8F7BB5BDFEFFFFFF000000C0E1
:103CB000FFFFFFFFFFFFFFFF95709C3AFEFFFFFF36
:103CC000000000C0FFFFFFFFFFFFFFFF6970C93D5D
:103CD000FEFFFFFF000000C0FFFFFFFFFFFFFFFF31
:103CE000000000800000000031BE1044DF12000020
:103CF000E0120000000000C002000000747321C444
:103D0000E1120000E2120000000000C0010000000B
:103D10009E6006C4E3120000E4120000000000C030
:103D200000000000F01C70C2E5120000E612000066
:103D3000000000C0010000004F10E9C4E7120000BD
:103D4000E8120000000000C0020000008C8C454416
:103D5000E9120000EA120000000000C004000000A8
:103D600099C94143EB120000EC120000000000C0B2
:103D70000200000074337AC4ED120000EE1200005D
:103D8000000000C0FEFFFFFF000000C0FFFFFFFFBC
:103D9000FFFFFFFF1EA3FCBDFEFFFFFF000000C0F2
:103DA000FFFFFFFFFFFFFFFFE23801BE0100000041
:103DB0009E2059C4EF120000F0120000000000C065
:103DC000040000006CBDBF41F1120000F2120000BF
:103DD000000000C0FEFFFFFF000000C0FFFFFFFF6C
:103DE000FFFFFFFF42A59ABDFEFFFFFF000000C0DE
:103DF000FFFFFFFFFFFFFFFFCD42E7BDFEFFFFFF1D
:103E0000000000C0FFFFFFFFFFFFFFFF000000807A
:103E1000FEFFFFFF000000C0FFFFFFFFFFFFFFFFEF
:103E20005982CEBDFEFFFFFF000000C0FFFFFFFF75
:103E3000FFFFFFFF4341CF3CFEFFFFFF000000C03C
:103E4000FFFFFFFFFFFFFFFFC277CA3DFEFFFFFF3F
:103E5000000000C0FFFFFFFFFFFFFFFF26014DBA7C
:103E6000FEFFFFFF000000C0FFFFFFFFFFFFFFFF9F
:103E700016ABAC3DFEFFFFFF000000C0FFFFFFFFE1
:103E8000FFFFFFFFF1EC0EBD020000008C4C4C4424
:103E9000F4120000F5120000000000C00200000053
:103EA000E9E6BBC3F6120000F7120000000000C0F4
:103EB00003000000EEF4F6C1F8120000F912000051
:103EC000000000C0FEFFFFFF000000C0FFFFFFFF7B
:103ED000FFFFFFFF058E03BE030000005AC2EBC2C6
:103EE000FA120000FB120000000000C0FEFFFFFFFE
:103EF000000000C0FFFFFFFFFFFFFFFFEDD534BE56
:103F00000200000046A68844FC120000FD120000DA
:103F1000000000C00200000017998A43FE12000052
:103F2000FF120000000000C00100000062DF254415
:103F30000013000001130000000000C00200000098
:103F40008C8C63440213000003130000000000C0C7
:103F5000FEFFFFFF000000C0FFFFFFFFFFFFFFFFAE
:103F6000DB5304BEFEFFFFFF000000C0FFFFFFFFAA
:103F7000FFFFFFFF9E482F3DFEFFFFFF000000C038
:103F8000FFFFFFFFFFFFFFFF00ACE8BDFEFFFFFFED
:103F9000000000C0FFFFFFFFFFFFFFFF8175043D32
:103FA000FEFFFFFF000000C0FFFFFFFFFFFFFFFF5E
:103FB0000FC3DDBDFEFFFFFF000000C0FFFFFFFFDE
:103FC000FFFFFFFF00000080FEFFFFFF000000C0BA
:103FD000FFFFFFFFFFFFFFFFA573FC3D0300000095
:103FE000088A8DC20513000006130000000000C0FF
:103FF000050000001D6EC9410713000008130000F2
:10400000000000C005000000D68CF4410913000038
:104010000A130000000000C00500000084731DC3E7
:104020000B1300000C130000000000C00200000091
:10403000747349C40D1300000E130000000000C08B
:1040400003000000E8C009C10F13000010130000B6
:10405000000000C004000000E1EA22431113000048
:1040600012130000000000C0040000008F327743EC
:104070001313000014130000000000C0040000002F
:104080004D38FC411513000016130000000000C05D
:10409000FEFFFFFF000000C0FFFFFFFFFFFFFFFF6D
:1040A00000000080FEFFFFFF000000C0FFFFFFFFD9
:1040B000FFFFFFFFA1EE09BE02000000E9E6FDC31D
:1040C0001713000018130000000000C005000000D6
:1040D000CC5423C3191300001A130000000000C0C1
:1040E0000300000040ADEFC11B1300001C130000D3
:1040F000000000C003000000A7F9D4431D13000016
:104100001E130000000000C0FEFFFFFF000000C003
:10411000FFFFFFFFFFFFFFFF3DF08FBDFEFFFFFF33
:10412000000000C0FFFFFFFFFFFFFFFFFD62CE3D6D
:10413000FEFFFFFF000000C0FFFFFFFFFFFFFFFFCC
:104140006D2F093EFEFFFFFF000000C0FFFFFFFFD5
:10415000FFFFFFFF00000080FEFFFFFF000000C028
:10416000FFFFFFFFFFFFFFFF1880413DFEFFFFFF46
:10417000000000C0FFFFFFFFFFFFFFFFF771E2BC81
:10418000FEFFFFFF000000C0FFFFFFFFFFFFFFFF7C
:10419000F633CB3BFEFFFFFF000000C0FFFFFFFF39
:1041A000FFFFFFFFAD88C4BDFEFFFFFF000000C0A2
:1041B000FFFFFFFFFFFFFFFF58836CBDFEFFFFFF08
:1041C000000000C0FFFFFFFFFFFFFFFF1B8AB03CA6
:1041D000FEFFFFFF000000C0FFFFFFFFFFFFFFFF2C
:1041E00053490ABEFEFFFFFF000000C0FFFFFFFFB4
:1041F000FFFFFFFF000000800200000017998C43C2
:104200002013000021130000000000C00100000086
:10421000C4BE89432213000023130000000000C025
:10422000020000004686C644241300002513000047
:10423000000000C00000000010E3574226130000F9
:1042400027130000000000C000000000185FA14418
:104250002813000029130000000000C00000000027
:10426000313E65442A1300002B130000000000C0FB
:1042700000000000CF4144C42C1300002D130000A7
:10428000000000C002000000E966EAC32E1300002F
:104290002F130000000000C002000000E9E6B4C3D4
:1042A0003013000031130000000000C000000000C7
:1042B000CF414FC43213000033130000000000C090
:1042C00005000000F818D242341300003513000036
:1042D000000000C001000000621F124436130000FD
:1042E00037130000000000C001000000B1AFAC4473
:1042F0003813000039130000000000C0FEFFFFFF6C
:10430000000000C0FFFFFFFFFFFFFFFF8DC18CBD5E
:1043100005000000BFC744413A1300003B130000F2
:10432000000000C0FEFFFFFF000000C0FFFFFFFF16
:10433000FFFFFFFFF826813DFEFFFFFF000000C0EA
:10434000FFFFFFFFFFFFFFFF2CE2B2B9FEFFFFFF01
:10435000000000C0FFFFFFFFFFFFFFFF15889CBCB0
:10436000FEFFFFFF000000C0FFFFFFFFFFFFFFFF9A
:10437000EE2E593DFEFFFFFF000000C0FFFFFFFFD4
:10438000FFFFFFFF00000080FEFFFFFF000000C0F6
:10439000FFFFFFFFFFFFFFFF020EAFBDFEFFFFFFAE
:1043A000000000C0FFFFFFFFFFFFFFFFEA34F13D09
:1043B000FEFFFFFF000000C0FFFFFFFFFFFFFFFF4A
:1043C00000000080FEFFFFFF000000C0FFFFFFFFB6
:1043D000FFFFFFFF69AEFCBDFEFFFFFF000000C056
:1043E000FFFFFFFFFFFFFFFF00000080FEFFFFFF5A
:1043F000000000C0FFFFFFFFFFFFFFFF4167E13C40
:10440000FEFFFFFF000000C0FFFFFFFFFFFFFFFFF9
:104410009B58FEBDFEFFFFFF000000C0FFFFFFFF37
:10442000FFFFFFFFEEE9363EFEFFFFFF000000C08A
:10443000FFFFFFFFFFFFFFFF596108BC0400000002
:104440002834EF433D1300003E130000000000C07D
:1044500004000000AE1730C33F13000040130000FB
:10446000000000C000000000E88084C44113000088
:1044700042130000000000C000000000627CB34353
:104480004313000044130000000000C000000000BF
:10449000C4F827434513000046130000000000C085
:1044A00005000000DD9A3FC24713000048130000DA
:1044B000000000C0030000004694E6C2491300005B
:1044C0004A130000000000C0050000009232BF4205
:1044D0004B1300004C130000000000C0030000005C
:1044E0001CE2FA414D1300004E130000000000C012
:1044F000030000006CAC6FC14F13000050130000AC
:10450000000000C00500000006A95F415113000033
:1045100052130000000000C00000000074001EC51F
:104520005313000054130000000000C000000000FE
:10453000747003C55513000056130000000000C03E
:10454000FEFFFFFF000000C0FFFFFFFFFFFFFFFFB8
:1045500000000080FEFFFFFF000000C0FFFFFFFF24
:10456000FFFFFFFF15E54F3EFEFFFFFF000000C00D
:10457000FFFFFFFFFFFFFFFF9F8BC33DFEFFFFFF1E
:10458000000000C0FFFFFFFFFFFFFFFF4A7AFDBAF8
:10459000FEFFFFFF000000C0FFFFFFFFFFFFFFFF68
:1045A0001DF6FDBDFEFFFFFF000000C0FFFFFFFF87
:1045B000FFFFFFFF00000080FEFFFFFF000000C0C4
:1045C000FFFFFFFFFFFFFFFF8F4B773CFEFFFFFF6B
:1045D000000000C0FFFFFFFFFFFFFFFF55A372BDFC
:1045E000FEFFFFFF000000C0FFFFFFFFFFFFFFFF18
:1045F0002C3DE9BCFEFFFFFF000000C0FFFFFFFFF6
:10460000FFFFFFFFAE6B0F3DFEFFFFFF000000C08E
:10461000FFFFFFFFFFFFFFFF49AC49BDFEFFFFFFAC
:10462000000000C0FFFFFFFFFFFFFFFF4A32263CF4
:10463000FEFFFFFF000000C0FFFFFFFFFFFFFFFFC7
:10464000B946373EFEFFFFFF000000C0FFFFFFFF3F
:10465000FFFFFFFF0000008001000000C4BED9433F
:104660005813000059130000000000C004000000AF
:10467000C84CA4415A1300005B130000000000C0A6
:1046800004000000D68383425C1300005D13000029
:10469000000000C00000000062FCBB435E1300008D
:1046A0005F130000000000C0050000001297A54144
:1046B0006013000061130000000000C0040000004F
:1046C000A7B02AC26213000063130000000000C0FC
:1046D00001000000625F0E446413000065130000D7
:1046E000000000C0050000000DC7A24266130000D4
:1046F00067130000000000C005000000364AB7C183
:104700006813000069130000000000C001000000F1
:10471000788214C36A1300006B130000000000C00D
:1047200005000000D8DB03436C1300006D1300008C
:10473000000000C0050000006D5D0CC26E1300009B
:104740006F130000000000C0050000002A541A4347
:104750007013000071130000000000C0FEFFFFFF97
:10476000000000C0FFFFFFFFFFFFFFFF0000008011
:1047700001000000B18FC1447213000073130000E8
:10478000000000C0FEFFFFFF000000C0FFFFFFFFB2
:10479000FFFFFFFFBBC896BDFEFFFFFF000000C08C
:1047A000FFFFFFFFFFFFFFFF00000080FEFFFFFF96
:1047B000000000C0FFFFFFFFFFFFFFFF4E355E3D23
:1047C000FEFFFFFF000000C0FFFFFFFFFFFFFFFF36
:1047D00007934BBCFEFFFFFF000000C0FFFFFFFF81
:1047E000FFFFFFFF3357F8BDFEFFFFFF000000C0D3
:1047F000FFFFFFFFFFFFFFFF66A3BC3CFEFFFFFFC5
:10480000000000C0FFFFFFFFFFFFFFFF8927CE3D35
:10481000FEFFFFFF000000C0FFFFFFFFFFFFFFFFE5
:104820006D8BB1BDFEFFFFFF000000C0FFFFFFFF6B
:10483000FFFFFFFF19EE3CBEFEFFFFFF000000C0C0
:10484000FFFFFFFFFFFFFFFF88076B3CFEFFFFFF3F
:10485000000000C0FFFFFFFFFFFFFFFF6C54903D13
:10486000FEFFFFFF000000C0FFFFFFFFFFFFFFFF95
:10487000EDF22DBDFEFFFFFF000000C0FFFFFFFFB8
:10488000FFFFFFFF7DC024BEFEFFFFFF000000C052
:10489000FFFFFFFFFFFFFFFF00000080030000009D
:1048A0006499C9C27513000076130000000000C0AF
:1048B00005000000B227384277130000781300008B
:1048C000000000C0050000005FBD06C179130000B4
:1048D0007A130000000000C005000000656E17C3D9
:1048E0007B1300007C130000000000C002000000E9
:1048F000B8C844427D1300007E130000000000C0D1
:104900000400000079F4A5427F130000801300002A
:10491000000000C00300000024164E418113000077
:1049200082130000000000C0040000004711114382
:104930008313000084130000000000C00300000087
:1049400038781BC38513000086130000000000C0E8
:1049500005000000BB0EF042871300008813000022
:10496000000000C0040000009CD93EC28913000072
:104970008A130000000000C0020000008C8C534429
:104980008B1300008C130000000000C0FEFFFFFF2F
:10499000000000C0FFFFFFFFFFFFFFFF1B1C16BE54
:1049A00005000000695680428D1300008E13000040
:1049B000000000C00500000086A362438F130000C2
:1049C00090130000000000C0FEFFFFFF000000C0C9
:1049D000FFFFFFFFFFFFFFFF1C57A93DFEFFFFFF8B
:1049E000000000C0FFFFFFFFFFFFFFFFC31E02BE6E
:1049F000FEFFFFFF000000C0FFFFFFFFFFFFFFFF04
:104A0000C9D60EBEFEFFFFFF000000C0FFFFFFFF84
:104A1000FFFFFFFFEF588ABDFEFFFFFF000000C051
:104A2000FFFFFFFFFFFFFFFF34449FBDFEFFFFFFBF
:104A3000000000C0FFFFFFFFFFFFFFFFFA9D463DA4
:104A4000FEFFFFFF000000C0FFFFFFFFFFFFFFFFB3
:104A500000000080FEFFFFFF000000C0FFFFFFFF1F
:104A6000FFFFFFFF10F8173EFEFFFFFF000000C032
:104A7000FFFFFFFFFFFFFFFF33B19C3DFEFFFFFF86
:104A8000000000C0FFFFFFFFFFFFFFFFECFCBEBD0B
:104A9000FEFFFFFF000000C0FFFFFFFFFFFFFFFF63
:104AA00000000080FEFFFFFF000000C0FFFFFFFFCF
:104AB000FFFFFFFFA8E5C33DFEFFFFFF000000C0B2
:104AC000FFFFFFFFFFFFFFFF99D2AEBDFEFFFFFF1D
:104AD000000000C0FFFFFFFFFFFFFFFF6F90A23D40
:104AE00000000000627C90439213000093130000CA
:104AF000000000C001000000625F0E44941300003B
:104B000095130000000000C00100000062DF1544A2
:104B10009613000097130000000000C0050000007D
:104B2000FE0FA0C29813000099130000000000C0FF
:104B3000FEFFFFFF000000C0FFFFFFFFFFFFFFFFC2
:104B40006301FFBDFEFFFFFF000000C0FFFFFFFF8E
:104B5000FFFFFFFF5B8BFCBDFEFFFFFF000000C0FF
:104B6000FFFFFFFFFFFFFFFF0000008000000000CD
:104B7000C4F82E439A1300009B130000000000C0ED
:104B8000040000003E5A15C39C1300009D13000052
:104B9000000000C0FEFFFFFF000000C0FFFFFFFF9E
:104BA000FFFFFFFF47A8F9BDFEFFFFFF000000C0A9
:104BB000FFFFFFFFFFFFFFFF00000080FEFFFFFF82
:104BC000000000C0FFFFFFFFFFFFFFFF0464D7BD31
:104BD000FEFFFFFF000000C0FFFFFFFFFFFFFFFF22
:104BE0000A5F8F3C02000000BAB9A2C49F13000004
:104BF000A0130000000000C005000000986163C31E
:104C0000A1130000A2130000000000C00200000079
:104C100074B307C4A3130000A4130000000000C075
:104C2000000000009E03F4C3A5130000A6130000BB
:104C3000000000C001000000B14FB544A713000000
:104C4000A8130000000000C00000000062FCFF4349
:104C5000A9130000AA130000000000C0000000001B
:104C6000C4F85743AB130000AC130000000000C0B1
:104C7000FEFFFFFF000000C0FFFFFFFFFFFFFFFF81
:104C80000CFF9ABD00000000181FB544AD130000D2
:104C9000AE130000000000C0FEFFFFFF000000C0D8
:104CA000FFFFFFFFFFFFFFFF713F0ABE0100000093
:104CB000D8B74145AF130000B0130000000000C09A
:104CC00001000000B14FB544B1130000B213000061
:104CD000000000C001000000C43EA243B313000066
:104CE000B4130000000000C000000000CF4117C452
:104CF000B5130000B6130000000000C00200000061
:104D0000D2CD31C3B7130000B8130000000000C0BB
:104D1000FEFFFFFF000000C0FFFFFFFFFFFFFFFFE0
:104D20001B7DB73DFEFFFFFF000000C0FFFFFFFF40
:104D3000FFFFFFFF00000080FEFFFFFF000000C03C
:104D4000FFFFFFFFFFFFFFFFDEE1413DFEFFFFFF33
:104D5000000000C0FFFFFFFFFFFFFFFF7E1019BD37
:104D6000FEFFFFFF000000C0FFFFFFFFFFFFFFFF90
:104D7000557D84BCFEFFFFFF000000C0FFFFFFFF6A
:104D8000FFFFFFFFB762013EFEFFFFFF000000C014
:104D9000FFFFFFFFFFFFFFFFD567BB3DFEFFFFFFEC
:104DA000000000C0FFFFFFFFFFFFFFFFF96A43BDE8
:104DB000FEFFFFFF000000C0FFFFFFFFFFFFFFFF40
:104DC0008F38293DFEFFFFFF000000C0FFFFFFFFFF
:104DD000FFFFFFFF00000080FEFFFFFF000000C09C
:104DE000FFFFFFFFFFFFFFFF00000080FEFFFFFF50
:104DF000000000C0FFFFFFFFFFFFFFFFDE49D4BD43
:104E000000000000181F8044BA130000BB1300000C
:104E1000000000C002000000483763C2BC1300005D
:104E2000BD130000000000C0040000002A3342410E
:104E3000BE130000BF130000000000C0040000000B
:104E400000706B43C0130000C1130000000000C0DD
:104E500000000000627CF743C2130000C31300008F
:104E6000000000C0050000008FB40CC4C413000093
:104E7000C5130000000000C002000000743312C41B
:104E8000C6130000C7130000000000C002000000AD
:104E900074B366C4C8130000C9130000000000C04A
:104EA00000000000CF414FC4CA130000CB13000024
:104EB000000000C00200000046269E44CC13000003
:104EC000CD130000000000C004000000E4BA59C285
:104ED000CE130000CF130000000000C0FEFFFFFF54
:104EE000000000C0FFFFFFFFFFFFFFFF949EA7BB76
:104EF000050000002A541A43D0130000D11300000B
:104F0000000000C0FEFFFFFF000000C0FFFFFFFF2A
:104F1000FFFFFFFF1C723BBD05000000AC3081416C
:104F2000D2130000D3130000000000C0FEFFFFFFFB
:104F3000000000C0FFFFFFFFFFFFFFFFCCBBBC3D39
:104F4000FEFFFFFF000000C0FFFFFFFFFFFFFFFFAE
:104F5000DA59883BFEFFFFFF000000C0FFFFFFFFA4
:104F6000FFFFFFFF010F303CFEFFFFFF000000C00E
:104F7000FFFFFFFFFFFFFFFFC92D9CBDFEFFFFFFEF
:104F8000000000C0FFFFFFFFFFFFFFFF8AB3AFBDC0
:104F9000FEFFFFFF000000C0FFFFFFFFFFFFFFFF5E
:104FA000BC54A53CFEFFFFFF000000C0FFFFFFFF59
:104FB000FFFFFFFF2FB6F63DFEFFFFFF000000C022
:104FC000FFFFFFFFFFFFFFFF30395DBBFEFFFFFF6D
:104FD000000000C0FFFFFFFFFFFFFFFFC792053E7D
:104FE000FEFFFFFF000000C0FFFFFFFFFFFFFFFF0E
:104FF00000000080FEFFFFFF000000C0FFFFFFFF7A
:10500000FFFFFFFF09344E3DFEFFFFFF000000C021
:10501000FFFFFFFFFFFFFFFF000000800400000014
:1050200048715AC3D5130000D6130000000000C019
:1050300000000000627C9043D7130000D8130000EA
:10504000000000C004000000A3888743D9130000BB
:10505000DA130000000000C0000000003C0767C336
:10506000DB130000DC130000000000C003000000A0
:10507000E8C025C1DD130000DE130000000000C001
:10508000010000004F10AFC4DF130000E013000068
:10509000000000C001000000B12F8D44E1130000AA
:1050A000E2130000000000C0030000006E9AC94136
:1050B000E3130000E4130000000000C00300000040
:1050C0003C3DB8C2E5130000E6130000000000C03C
:1050D00001000000C4BE9E43E7130000E813000077
:1050E000000000C003000000920FB342E91300006B
:1050F000EA130000000000C000000000749010C51A
:10510000EB130000EC130000000000C001000000E1
:10511000887D2343ED130000EE130000000000C063
:1051200000000000E860C4C4EF130000F0130000AA
:10513000000000C0000000009E83CDC3F1130000FA
:10514000F2130000000000C0FEFFFFFF000000C0DF
:10515000FFFFFFFFFFFFFFFF393CC6BDFEFFFFFF64
:10516000000000C0FFFFFFFFFFFFFFFF0000008007
:10517000FEFFFFFF000000C0FFFFFFFFFFFFFFFF7C
:1051800000000080FEFFFFFF000000C0FFFFFFFFE8
:10519000FFFFFFFF252C033EFEFFFFFF000000C0C6
:1051A000FFFFFFFFFFFFFFFF29FE36BEFEFFFFFFF1
:1051B000000000C0FFFFFFFFFFFFFFFF00000080B7
:1051C000FEFFFFFF000000C0FFFFFFFFFFFFFFFF2C
:1051D0001B024E3DFEFFFFFF000000C0FFFFFFFF70
:1051E000FFFFFFFF00000080FEFFFFFF000000C088
:1051F000FFFFFFFFFFFFFFFFEA9AEABCFEFFFFFF92
:10520000000000C0FFFFFFFFFFFFFFFFBFF0A63D54
:10521000FEFFFFFF000000C0FFFFFFFFFFFFFFFFDB
:1052200076930CBDFEFFFFFF000000C0FFFFFFFFF5
:10523000FFFFFFFF45D1E53BFEFFFFFF000000C081
:10524000FFFFFFFFFFFFFFFF7A5F88BDFEFFFFFF4D
:10525000000000C0FFFFFFFFFFFFFFFFB7344E3D20
:10526000FEFFFFFF000000C0FFFFFFFFFFFFFFFF8B
:105270006DC2443EFEFFFFFF000000C0FFFFFFFFC6
:10528000FFFFFFFF00000080020000008C4C3A444A
:10529000F4130000F5130000000000C0030000003C
:1052A000920FB342F6130000F7130000000000C095
:1052B0000400000079F4A542F8130000F91300007F
:1052C000000000C0030000004694E6C2FA1300008C
:1052D000FB130000000000C005000000D8DB2D43D8
:1052E000FC130000FD130000000000C002000000DD
:1052F00023B30845FE130000FF130000000000C0A8
:10530000FEFFFFFF000000C0FFFFFFFFFFFFFFFFEA
:1053100004FA0BBE04000000EE9153C2001400001A
:1053200001140000000000C00400000045A1234259
:105330000214000003140000000000C0050000007B
:105340007C2B8CC10414000005140000000000C078
:10535000FEFFFFFF000000C0FFFFFFFFFFFFFFFF9A
:105360003D2FF8BD05000000A180A6C20614000074
:1053700007140000000000C005000000E2320843EE
:105380000814000009140000000000C0FEFFFFFF29
:10539000000000C0FFFFFFFFFFFFFFFF463CF4BD22
:1053A000FEFFFFFF000000C0FFFFFFFFFFFFFFFF4A
:1053B000B9B4623CFEFFFFFF000000C0FFFFFFFF2B
:1053C000FFFFFFFF5C19A1BDFEFFFFFF000000C053
:1053D000FFFFFFFFFFFFFFFFDEA7A03CFEFFFFFF79
:1053E000000000C0FFFFFFFFFFFFFFFF09FEB8BD89
:1053F000FEFFFFFF000000C0FFFFFFFFFFFFFFFFFA
:1054000077F9DE3DFEFFFFFF000000C0FFFFFFFF5A
:10541000FFFFFFFFB4B9E8BCFEFFFFFF000000C0C4
:10542000FFFFFFFFFFFFFFFF0CFB893DFEFFFFFFBC
:10543000000000C0FFFFFFFFFFFFFFFF3C4CADBEC1
:10544000FEFFFFFF000000C0FFFFFFFFFFFFFFFFA9
:105450000000008003000000E4A396430B1400004A
:105460000C140000000000C000000000317E034466
:105470000D1400000E140000000000C00000000029
:10548000627CF3430F14000010140000000000C001
:1054900004000000A44036C31114000012140000E0
:1054A000000000C0020000001799C9431314000057
:1054B00014140000000000C0FEFFFFFF000000C049
:1054C000FFFFFFFFFFFFFFFF865B09BEFEFFFFFF41
:1054D000000000C0FFFFFFFFFFFFFFFF0000008094
:1054E000FEFFFFFF000000C0FFFFFFFFFFFFFFFF09
:1054F0005927DBBD0300000038781BC315140000DA
:1055000016140000000000C0FEFFFFFF000000C0F6
:10551000FFFFFFFFFFFFFFFFB39EE0BD02000000A3
:105520008C8C45441714000018140000000000C0C3
:10553000FEFFFFFF000000C0FFFFFFFFFFFFFFFFB8
:105540000F86E8BCFEFFFFFF000000C0FFFFFFFF6B
:10555000FFFFFFFF6071303CFEFFFFFF000000C057
:10556000FFFFFFFFFFFFFFFF69E9E33BFEFFFFFFD8
:10557000000000C0FFFFFFFFFFFFFFFF8529B3BD55
:105580000500000054A8E7421A1400001B14000094
:10559000000000C005000000DF8AE3C21C14000008
:1055A0001D140000000000C0FEFFFFFF000000C04F
:1055B000FFFFFFFFFFFFFFFF971BFDBDFEFFFFFF8C
:1055C000000000C0FFFFFFFFFFFFFFFF92A3F9BD38
:1055D00000000000C4F837431E1400001F14000030
:1055E000000000C0030000003A702EC2201400002A
:1055F00021140000000000C004000000E899C1BFB1
:105600002214000023140000000000C0FEFFFFFF72
:10561000000000C0FFFFFFFFFFFFFFFFD3FB72BCD6
:10562000FEFFFFFF000000C0FFFFFFFFFFFFFFFFC7
:10563000A907383DFEFFFFFF000000C0FFFFFFFF8E
:10564000FFFFFFFFFDA4EBBDFEFFFFFF000000C05A
:10565000FFFFFFFFFFFFFFFF4ECE3F3C03000000B8
:105660002D5347C42514000026140000000000C07C
:1056700002000000BA59ACC427140000281400002E
:10568000000000C003000000A2A3F1C22914000022
:105690002A140000000000C0FEFFFFFF000000C051
:1056A000FFFFFFFFFFFFFFFF00000080FEFFFFFF87
:1056B000000000C0FFFFFFFFFFFFFFFF1C2625BE0D
:1056C00005000000EAD684C02B1400002C14000052
:1056D000000000C005000000B22700422D140000A9
:1056E0002E140000000000C00500000084731DC3DC
:1056F0002F14000030140000000000C00300000060
:105700002D2102C33114000032140000000000C03B
:1057100004000000130EC4423314000034140000CF
:10572000000000C003000000444736C235140000EA
:1057300036140000000000C0FEFFFFFF000000C0A4
:10574000FFFFFFFFFFFFFFFF00000080FEFFFFFFE6
:10575000000000C0FFFFFFFFFFFFFFFF6277093E71
:10576000FEFFFFFF000000C0FFFFFFFFFFFFFFFF86
:1057700093A4FABDFEFFFFFF000000C0FFFFFFFF84
:10578000FFFFFFFF00000080FEFFFFFF000000C0E2
:10579000FFFFFFFFFFFFFFFFBA3049BDFEFFFFFF26
:1057A000000000C0FFFFFFFFFFFFFFFF637C183D0D
:1057B000FEFFFFFF000000C0FFFFFFFFFFFFFFFF36
:1057C0003DF7DDBDFEFFFFFF000000C0FFFFFFFF54
:1057D000FFFFFFFF6D0AA43C050000009B11204362
:1057E0003814000039140000000000C0030000005D
:1057F000D095F2433A1400003B140000000000C0B2
:10580000030000000CA4A4423C1400003D1400005E
:10581000000000C0020000002E321A433E140000B7
:105820003F140000000000C002000000BAF9E5C407
:105830004014000041140000000000C003000000FC
:105840009D3333424214000043140000000000C0A6
:10585000000000003C076CC3441400004514000025
:10586000000000C005000000F57028C346140000C9
:1058700047140000000000C000000000627C934359
:105880004814000049140000000000C0000000009F
:1058900074001EC54A1400004B140000000000C034
:1058A000050000005B1744C34C1400004D140000B9
:1058B000000000C0FEFFFFFF000000C0FFFFFFFF71
:1058C000FFFFFFFF0000008000000000F01C70C21E
:1058D0004E1400004F140000000000C00000000043
:1058E0009E039DC35014000051140000000000C02E
:1058F00003000000FCC822445214000053140000AE
:10590000000000C0FEFFFFFF000000C0FFFFFFFF20
:10591000FFFFFFFF122F03BDFEFFFFFF000000C0CF
:10592000FFFFFFFFFFFFFFFF1C6CAA3CFEFFFFFF16
:10593000000000C0FFFFFFFFFFFFFFFF5BD0AEBD19
:10594000FEFFFFFF000000C0FFFFFFFFFFFFFFFFA4
:10595000DBCC943CFEFFFFFF000000C0FFFFFFFF19
:10596000FFFFFFFF00029A3CFEFFFFFF000000C0A8
:10597000FFFFFFFFFFFFFFFFCFA690BDFEFFFFFF72
:10598000000000C0FFFFFFFFFFFFFFFF00000080DF
:10599000FEFFFFFF000000C0FFFFFFFFFFFFFFFF54
:1059A000FF235E3EFEFFFFFF000000C0FFFFFFFF82
:1059B000FFFFFFFFA0FC2A3FFEFFFFFF000000C02B
:1059C000FFFFFFFFFFFFFFFF00000080FEFFFFFF64
:1059D000000000C0FFFFFFFFFFFFFFFF0D9EA8BC00
:1059E000FEFFFFFF000000C0FFFFFFFFFFFFFFFF04
:1059F0001F30AE3DFEFFFFFF000000C0FFFFFFFFB6
:105A0000FFFFFFFFF50615BEFEFFFFFF000000C011
:105A1000FFFFFFFFFFFFFFFF00000080040000000A
:105A2000B6DE48425514000056140000000000C0C5
:105A3000040000002C9C0BC25714000058140000F6
:105A4000000000C0050000007C2B8CC15914000030
:105A50005A140000000000C0030000004057AC4290
:105A60005B1400005C140000000000C00500000092
:105A7000D85B2A435D1400005E140000000000C0E3
:105A800005000000B842BBC35F14000060140000B2
:105A9000000000C00300000058F529C26114000096
:105AA00062140000000000C00500000028E40EC3DE
:105AB0006314000064140000000000C00400000033
:105AC000BB5E17C26514000066140000000000C031
:105AD0000300000037B804C3671400006814000016
:105AE000000000C001000000629F774469140000BC
:105AF0006A140000000000C00400000047599243EF
:105B00006B1400006C140000000000C004000000D2
:105B1000AD5FC0436D1400006E140000000000C0B3
:105B200004000000D75319436F14000070140000E4
:105B3000000000C003000000728A8D427114000052
:105B400072140000000000C0FEFFFFFF000000C054
:105B5000FFFFFFFFFFFFFFFFD87233BDFEFFFFFF18
:105B6000000000C0FFFFFFFFFFFFFFFFF2280E3D18
:105B7000FEFFFFFF000000C0FFFFFFFFFFFFFFFF72
:105B80000CCD31BDFEFFFFFF000000C0FFFFFFFF97
:105B9000FFFFFFFF936F143EFEFFFFFF000000C0FA
:105BA000FFFFFFFFFFFFFFFFC42B543CFEFFFFFF83
:105BB000000000C0FFFFFFFFFFFFFFFF207E63BD6F
:105BC000FEFFFFFF000000C0FFFFFFFFFFFFFFFF22
:105BD00000000080FEFFFFFF000000C0FFFFFFFF8E
:105BE000FFFFFFFF86FF5A3EFEFFFFFF000000C0E1
:105BF000FFFFFFFFFFFFFFFF76D9B33DFEFFFFFF73
:105C0000000000C0FFFFFFFFFFFFFFFF000000805C
:105C1000FEFFFFFF000000C0FFFFFFFFFFFFFFFFD1
:105C200043B6C6BDFEFFFFFF000000C0FFFFFFFF41
:105C3000FFFFFFFFEB81363DFEFFFFFF000000C0CE
:105C4000FFFFFFFFFFFFFFFF3269D6BDFEFFFFFF33
:105C5000000000C0FFFFFFFFFFFFFFFF657D213D4C
:105C6000FEFFFFFF000000C0FFFFFFFFFFFFFFFF81
:105C70004AD4EC3DFEFFFFFF000000C0FFFFFFFF26
:105C8000FFFFFFFF8D19FD3C020000001719B14313
:105C90007414000075140000000000C00100000032
:105CA000629F2E447614000077140000000000C0AC
:105CB000010000003C41A1C37814000079140000E9
:105CC000000000C0030000004CE679C37A14000015
:105CD0007B140000000000C004000000D223BA4181
:105CE0007C1400007D140000000000C002000000D1
:105CF0008C4C15447E1400007F140000000000C08E
:105D0000040000009CD93EC28014000081140000F1
:105D1000000000C004000000B49EDA4182140000BC
:105D200083140000000000C004000000D4632F4270
:105D30008414000085140000000000C0030000006F
:105D40006CAC6FC18614000087140000000000C016
:105D500004000000261C6042881400008914000022
:105D6000000000C004000000261C36428A14000017
:105D70008B140000000000C0030000007C61C642DC
:105D80008C1400008D140000000000C0030000000F
:105D9000548587428E1400008F140000000000C05C
:105DA000040000001D65BA42901400009114000028
:105DB000000000C0FEFFFFFF000000C0FFFFFFFF6C
:105DC000FFFFFFFF9F68C63DFEFFFFFF000000C012
:105DD000FFFFFFFFFFFFFFFF00000080FEFFFFFF50
:105DE000000000C0FFFFFFFFFFFFFFFF6E9A00BE35
:105DF000FEFFFFFF000000C0FFFFFFFFFFFFFFFFF0
:105E000000000080FEFFFFFF000000C0FFFFFFFF5B
:105E1000FFFFFFFF88546BBDFEFFFFFF000000C0C7
:105E2000FFFFFFFFFFFFFFFF3EC4C73CFEFFFFFF7A
:105E3000000000C0FFFFFFFFFFFFFFFFD4FD133E88
:105E4000FEFFFFFF000000C0FFFFFFFFFFFFFFFF9F
:105E500065D5BFBDFEFFFFFF000000C0FFFFFFFFD5
:105E6000FFFFFFFF498D0EBEFEFFFFFF000000C0D9
:105E7000FFFFFFFFFFFFFFFF4FA9CE3DFEFFFFFF2C
:105E8000000000C0FFFFFFFFFFFFFFFF497A293D31
:105E9000FEFFFFFF000000C0FFFFFFFFFFFFFFFF4F
:105EA000E7BBACBDFEFFFFFF000000C0FFFFFFFF30
:105EB000FFFFFFFFC19911BEFEFFFFFF000000C002
:105EC000FFFFFFFFFFFFFFFF099C9B3DFEFFFFFF62
:105ED000000000C0FFFFFFFFFFFFFFFFBBD1463DFB
:105EE000FEFFFFFF000000C0FFFFFFFFFFFFFFFFFF
:105EF0000F17B3BD0500000014F2ACC393140000EB
:105F000094140000000000C0FEFFFFFF000000C06E
:105F1000FFFFFFFFFFFFFFFFFB1D0ABE05000000A4
:105F2000656E17C39514000096140000000000C0B1
:105F300000000000CFC158C497140000981400005E
:105F4000000000C0000000009E03CAC399140000B6
:105F50009A140000000000C0FEFFFFFF000000C018
:105F6000FFFFFFFFFFFFFFFFB3FCF0BD02000000DB
:105F7000D2CD31C39B1400009C140000000000C06F
:105F8000050000004AD18B429D1400009E140000C1
:105F9000000000C003000000197338C39F14000004
:105FA000A0140000000000C0FEFFFFFF000000C0C2
:105FB000FFFFFFFFFFFFFFFF00000080FEFFFFFF6E
:105FC000000000C0FFFFFFFFFFFFFFFFF80CF73DE1
:105FD000FEFFFFFF000000C0FFFFFFFFFFFFFFFF0E
:105FE00000000080FEFFFFFF000000C0FFFFFFFF7A
:105FF000FFFFFFFFFD3FBC3DFEFFFFFF000000C0B5
:10600000FFFFFFFFFFFFFFFFC9BFC0BDFEFFFFFF98
:10601000000000C0FFFFFFFFFFFFFFFF37A87CBAB3
:10602000030000006EF0F7C2A2140000A3140000E9
:10603000000000C004000000594F1E42A4140000DC
:10604000A5140000000000C004000000CBAC9E427C
:10605000A6140000A7140000000000C0FEFFFFFF10
:10606000000000C0FFFFFFFFFFFFFFFF20D7F8BDCC
:10607000050000006F26C241A8140000A91400000A
:10608000000000C0010000003C41A1C3AA140000B0
:10609000AB140000000000C003000000B651B4C201
:1060A000AC140000AD140000000000C005000000AA
:1060B0005A9F92C2AE140000AF140000000000C04E
:1060C000FEFFFFFF000000C0FFFFFFFFFFFFFFFF1D
:1060D00000000080010000009E2059C4B0140000A0
:1060E000B1140000000000C005000000DB83034283
:1060F000B2140000B3140000000000C0FEFFFFFF58
:10610000000000C0FFFFFFFFFFFFFFFF0000008057
:10611000FEFFFFFF000000C0FFFFFFFFFFFFFFFFCC
:106120008B5B10BEFEFFFFFF000000C0FFFFFFFF04
:10613000FFFFFFFF2C801FBBFEFFFFFF000000C022
:10614000FFFFFFFFFFFFFFFF39C40B3EFEFFFFFF16
:10615000000000C0FFFFFFFFFFFFFFFFF749BBBDCF
:10616000FEFFFFFF000000C0FFFFFFFFFFFFFFFF7C
:1061700019ED7F3DFEFFFFFF000000C0FFFFFFFFA6
:10618000FFFFFFFF1C9DCD3BFEFFFFFF000000C097
:10619000FFFFFFFFFFFFFFFF868047BD03000000FA
:1061A000469484C2B5140000B6140000000000C07C
:1061B000050000000EB70E42B7140000B81400002E
:1061C000000000C0050000009E794B42B914000099
:1061D000BA140000000000C005000000F57013C3F1
:1061E000BB140000BC140000000000C00000000050
:1061F000CFC158C4BD140000BE140000000000C090
:1062000003000000443ED441BF140000C01400004D
:10621000000000C0040000005738EDC1C1140000A8
:10622000C2140000000000C0040000008F32774359
:10623000C3140000C4140000000000C004000000EB
:10624000C84CA441C5140000C6140000000000C0E2
:10625000FEFFFFFF000000C0FFFFFFFFFFFFFFFF8B
:10626000000000800000000031BE5744C714000049
:10627000C8140000000000C00000000062FCD84309
:10628000C9140000CA140000000000C0040000008F
:10629000B6DE4842CB140000CC140000000000C061
:1062A0000300000076CF3443CD140000CE1400006C
:1062B000000000C0030000009FEB6343CF14000008
:1062C000D0140000000000C0FEFFFFFF000000C06F
:1062D000FFFFFFFFFFFFFFFF099C39BDFEFFFFFF30
:1062E000000000C0FFFFFFFFFFFFFFFF33AE9C3D3C
:1062F000FEFFFFFF000000C0FFFFFFFFFFFFFFFFEB
:106300003025DB3DFEFFFFFF000000C0FFFFFFFF69
:10631000FFFFFFFF00000080FEFFFFFF000000C046
:10632000FFFFFFFFFFFFFFFF262905BEFEFFFFFF68
:10633000000000C0FFFFFFFFFFFFFFFF0000008025
:10634000FEFFFFFF000000C0FFFFFFFFFFFFFFFF9A
:106350004E2406BDFEFFFFFF000000C0FFFFFFFF51
:10636000FFFFFFFF9AEF923DFEFFFFFF000000C01E
:10637000FFFFFFFFFFFFFFFFB6C0E1BDFEFFFFFF16
:10638000000000C0FFFFFFFFFFFFFFFF1E7C83BC7C
:10639000FEFFFFFF000000C0FFFFFFFFFFFFFFFF4A
:1063A000BDB41A3DFEFFFFFF000000C0FFFFFFFF6E
:1063B000FFFFFFFFD2BD9CBDFEFFFFFF000000C03E
:1063C000FFFFFFFFFFFFFFFFE67E52BDFEFFFFFF67
:1063D000000000C0FFFFFFFFFFFFFFFF2CDA203DA2
:1063E00004000000859B3543D2140000D314000044
:1063F000000000C002000000747321C4D414000027
:10640000D5140000000000C002000000BAB998C412
:10641000D6140000D7140000000000C001000000E6
:10642000788221C3D8140000D9140000000000C0F5
:1064300001000000D8470845DA140000DB14000012
:10644000000000C001000000B1AFA444DC14000053
:10645000DD140000000000C00500000014F2ACC311
:10646000DE140000DF140000000000C00400000083
:10647000EC799AC3E0140000E1140000000000C0B1
:1064800001000000887D7F43E2140000E314000057
:10649000000000C00200000017198543E41400004A
:1064A000E5140000000000C004000000F610ABC3BB
:1064B000E6140000E7140000000000C00400000023
:1064C0007ACCFD43E8140000E9140000000000C08D
:1064D0000400000047599243EA140000EB14000046
:1064E000000000C005000000F51A00C4EC14000014
:1064F000ED140000000000C004000000C265584315
:10650000EE140000EF140000000000C0FEFFFFFFCB
:10651000000000C0FFFFFFFFFFFFFFFF0000008043
:10652000FEFFFFFF000000C0FFFFFFFFFFFFFFFFB8
:10653000E8B4003EFEFFFFFF000000C0FFFFFFFFCA
:10654000FFFFFFFF3ACD093DFEFFFFFF000000C047
:10655000FFFFFFFFFFFFFFFF0E9A58BCFEFFFFFF8C
:10656000000000C0FFFFFFFFFFFFFFFFAFE9A63BFA
:10657000FEFFFFFF000000C0FFFFFFFFFFFFFFFF68
:106580001EDD00BDFEFFFFFF000000C0FFFFFFFF9C
:10659000FFFFFFFF00000080FEFFFFFF000000C0C4
:1065A000FFFFFFFFFFFFFFFF140D233EFEFFFFFF76
:1065B000000000C0FFFFFFFFFFFFFFFFF67D613D12
:1065C000FEFFFFFF000000C0FFFFFFFFFFFFFFFF18
:1065D000E251ABBCFEFFFFFF000000C0FFFFFFFF6A
:1065E000FFFFFFFF00000080FEFFFFFF000000C074
:1065F000FFFFFFFFFFFFFFFFF0C718BEFEFFFFFF1B
:10660000000000C0FFFFFFFFFFFFFFFF0000008052
:10661000FEFFFFFF000000C0FFFFFFFFFFFFFFFFC7
:1066200040AB533DFEFFFFFF000000C0FFFFFFFF38
:10663000FFFFFFFFDB3D69BBFEFFFFFF000000C067
:10664000FFFFFFFFFFFFFFFF104217BE0400000027
:1066500000502CC3F1140000F2140000000000C030
:1066600002000000A49B85C2F3140000F414000093
:10667000000000C00200000046E6B444F51400002B
:10668000F6140000000000C00500000092B2C242F3
:10669000F7140000F8140000000000C00200000021
:1066A0008C0C3044F9140000FA140000000000C003
:1066B00004000000C2655843FB140000FC140000F5
:1066C000000000C0040000003F2A81C2FD14000049
:1066D000FE140000000000C003000000B67BF24181
:1066E000FF14000000150000000000C002000000C0
:1066F000D2CD31C30115000002150000000000C01A
:1067000003000000431C3B43031500000415000078
:10671000000000C0FEFFFFFF000000C0FFFFFFFF02
:10672000FFFFFFFF000000800500000071E195C33E
:106730000515000006150000000000C0050000005F
:10674000DD9A3FC20715000008150000000000C0D8
:106750000200000023032545091500000A1500006A
:10676000000000C005000000257C06C20B150000DB
:106770000C150000000000C0FEFFFFFF000000C07D
:10678000FFFFFFFFFFFFFFFF80BD39BCFEFFFFFFE4
:10679000000000C0FFFFFFFFFFFFFFFF0012FC3DF6
:1067A000FEFFFFFF000000C0FFFFFFFFFFFFFFFF36
:1067B000BFC0D0BDFEFFFFFF000000C0FFFFFFFF16
:1067C000FFFFFFFF00000080FEFFFFFF000000C092
:1067D000FFFFFFFFFFFFFFFF54DB3D3EFEFFFFFF1C
:1067E000000000C0FFFFFFFFFFFFFFFF0000008071
:1067F000FEFFFFFF000000C0FFFFFFFFFFFFFFFFE6
:106800002F785C3DFEFFFFFF000000C0FFFFFFFF91
:10681000FFFFFFFF8977DEBCFEFFFFFF000000C027
:10682000FFFFFFFFFFFFFFFFC74532BCFEFFFFFF7B
:10683000000000C0FFFFFFFFFFFFFFFF5D48B33D0B
:10684000FEFFFFFF000000C0FFFFFFFFFFFFFFFF95
:106850001C409EBDFEFFFFFF000000C0FFFFFFFFCA
:10686000FFFFFFFF00000080FEFFFFFF000000C0F1
:10687000FFFFFFFFFFFFFFFFFF7F133DFEFFFFFF57
:10688000000000C0FFFFFFFFFFFFFFFF7B61803EB6
:1068900002000000D2CD76C30E1500000F150000D7
:1068A000000000C0FEFFFFFF000000C0FFFFFFFF71
:1068B000FFFFFFFF9B5104BE05000000A180A6C2A0
:1068C0001015000011150000000000C003000000BA
:1068D000B5D5BFC31215000013150000000000C09D
:1068E00005000000C3118F431415000015150000AA
:1068F000000000C0FEFFFFFF000000C0FFFFFFFF21
:10690000FFFFFFFF00000080FEFFFFFF000000C050
:10691000FFFFFFFFFFFFFFFF38DEC4BD02000000E6
:106920008C8C75441615000017150000000000C07F
:10693000FEFFFFFF000000C0FFFFFFFFFFFFFFFFA4
:1069400045F854BEFEFFFFFF000000C0FFFFFFFF41
:10695000FFFFFFFF1BD84F3AFEFFFFFF000000C004
:10696000FFFFFFFFFFFFFFFFDE068A3D0100000083
:1069700040ECAB41191500001A150000000000C0E2
:10698000000000009E8381C31B1500001C15000041
:10699000000000C0000000003C0771C31D1500008E
:1069A0001E150000000000C0020000007091994117
:1069B0001F15000020150000000000C005000000A9
:1069C000D99382422115000022150000000000C06A
:1069D0000200000017199F43231500002415000032
:1069E000000000C00200000017999C43251500001C
:1069F00026150000000000C0010000003C41A6C3B5
:106A00002715000028150000000000C00500000048
:106A100054A8E742291500002A150000000000C014
:106A200002000000E966DDC32B1500002C150000F4
:106A3000000000C0010000003C41AEC32D15000065
:106A40002E150000000000C001000000629F4844B5
:106A50002F15000030150000000000C001000000EC
:106A6000C4BE8F433115000032150000000000C085
:106A700005000000F57013C3331500003415000045
:106A8000000000C0000000003C0733C335150000C3
:106A900036150000000000C0FEFFFFFF000000C030
:106AA000FFFFFFFFFFFFFFFF205EB0BCFEFFFFFF09
:106AB000000000C0FFFFFFFFFFFFFFFF585D8A3EA1
:106AC000FEFFFFFF000000C0FFFFFFFFFFFFFFFF13
:106AD00084F3B6BDFEFFFFFF000000C0FFFFFFFF15
:106AE000FFFFFFFF89AAC03DFEFFFFFF000000C0BF
:106AF000FFFFFFFFFFFFFFFF1A2CFCBDFEFFFFFFA4
:106B0000000000C0FFFFFFFFFFFFFFFFC4DEC03D2E
:106B1000FEFFFFFF000000C0FFFFFFFFFFFFFFFFC2
:106B2000A46A17BCFEFFFFFF000000C0FFFFFFFFCD
:106B3000FFFFFFFF5DC9E9BDFEFFFFFF000000C0D2
:106B4000FFFFFFFFFFFFFFFF28F8523DFEFFFFFFA3
:106B5000000000C0FFFFFFFFFFFFFFFFAC9B9EBDDB
:106B6000FEFFFFFF000000C0FFFFFFFFFFFFFFFF72
:106B70003409353CFEFFFFFF000000C0FFFFFFFFB0
:106B8000FFFFFFFFDDB60B3EFEFFFFFF000000C072
:106B9000FFFFFFFFFFFFFFFF6758DE3DFEFFFFFF28
:106BA000000000C0FFFFFFFFFFFFFFFF3CE4C0BC91
:106BB000FEFFFFFF000000C0FFFFFFFFFFFFFFFF22
:106BC00000000080FEFFFFFF000000C0FFFFFFFF8E
:106BD000FFFFFFFF39600EBE040000000F57B6C173
:106BE0003815000039150000000000C00300000047
:106BF0002DF629423A1500003B150000000000C0A8
:106C000004000000EAB1CE423C1500003D15000032
:106C1000000000C0000000003C0738C33E15000023
:106C20003F150000000000C0000000003C0767C3E3
:106C30004015000041150000000000C003000000E6
:106C40006B6B3DC34215000043150000000000C0FF
:106C5000FEFFFFFF000000C0FFFFFFFFFFFFFFFF81
:106C6000AA5801BE04000000BA3EFBC24415000051
:106C700045150000000000C004000000C495A4C237
:106C80004615000047150000000000C0030000008A
:106C9000024DCA424815000049150000000000C01E
:106CA0000500000041385FC14A1500004B15000087
:106CB000000000C00400000007974F424C15000080
:106CC0004D150000000000C0030000009CE6974244
:106CD0004E1500004F150000000000C0FEFFFFFF32
:106CE000000000C0FFFFFFFFFFFFFFFF000000806C
:106CF000FEFFFFFF000000C0FFFFFFFFFFFFFFFFE1
:106D0000E9A70CBEFEFFFFFF000000C0FFFFFFFF72
:106D1000FFFFFFFF8449D3BDFEFFFFFF000000C05F
:106D2000FFFFFFFFFFFFFFFF6F4C6F3DFEFFFFFF09
:106D3000000000C0FFFFFFFFFFFFFFFF22E69B3CBC
:106D4000FEFFFFFF000000C0FFFFFFFFFFFFFFFF90
:106D500080364B3EFEFFFFFF000000C0FFFFFFFF3D
:106D6000FFFFFFFFEC6ECFBDFEFFFFFF000000C086
:106D7000FFFFFFFFFFFFFFFFC7D169BAFEFFFFFF65
:106D8000000000C0FFFFFFFFFFFFFFFF2DFE12BE50
:106D9000FEFFFFFF000000C0FFFFFFFFFFFFFFFF40
:106DA00000000080FEFFFFFF000000C0FFFFFFFFAC
:106DB000FFFFFFFF0C71273DFEFFFFFF000000C03B
:106DC000FFFFFFFFFFFFFFFF7D2A84BD03000000E0
:106DD0000D00B6435115000052150000000000C020
:106DE000050000000B0F3943531500005415000037
:106DF000000000C005000000D8DB0343551500006B
:106E000056150000000000C0020000008C0C2C444D
:106E10005715000058150000000000C002000000D7
:106E20004686C644591500005A150000000000C0EF
:106E3000FEFFFFFF000000C0FFFFFFFFFFFFFFFF9F
:106E4000663A0EBE01000000B18FC1445B15000020
:106E50005C150000000000C001000000B14FB54407
:106E60005D1500005E150000000000C0010000007C
:106E70009EA07FC45F15000060150000000000C0E8
:106E80000100000010FB8042611500006215000047
:106E9000000000C00500000053304B4363150000A4
:106EA00064150000000000C00200000046E6B44483
:106EB0006515000066150000000000C0020000001B
:106EC00074B366C46715000068150000000000C0B8
:106ED000FEFFFFFF000000C0FFFFFFFFFFFFFFFFFF
:106EE000C3BD853BFEFFFFFF000000C0FFFFFFFFAB
:106EF000FFFFFFFFC31B9E3DFEFFFFFF000000C022
:106F0000FFFFFFFFFFFFFFFF8921E239FEFFFFFFC9
:106F1000000000C0FFFFFFFFFFFFFFFF84069FBDD3
:106F2000FEFFFFFF000000C0FFFFFFFFFFFFFFFFAE
:106F3000E037E5BBFEFFFFFF000000C0FFFFFFFFE3
:106F4000FFFFFFFFE8740BBEFEFFFFFF000000C065
:106F5000FFFFFFFFFFFFFFFF00000080FEFFFFFFBE
:106F6000000000C0FFFFFFFFFFFFFFFF3767D73DB7
:106F7000FEFFFFFF000000C0FFFFFFFFFFFFFFFF5E
:106F8000B9984E3EFEFFFFFF000000C0FFFFFFFF6D
:106F9000FFFFFFFF00000080FEFFFFFF000000C0BA
:106FA000FFFFFFFFFFFFFFFF6D53073DFEFFFFFFEA
:106FB000000000C0FFFFFFFFFFFFFFFF7AB46ABDC4
:106FC000010000009EA009C46A1500006B150000B6
:106FD000000000C003000000A713CEC16C15000024
:106FE0006D150000000000C004000000CDBC2B4364
:106FF0006E1500006F150000000000C003000000C7
:107000002D5347C47015000071150000000000C02A
:1070100004000000FFB798437215000073150000CC
:10702000000000C0030000004068B33E741500007B
:1070300075150000000000C0030000000D00B643FD
:107040007615000077150000000000C00000000069
:10705000313E65447815000079150000000000C03D
:10706000010000009E601BC47A1500007B15000023
:10707000000000C000000000CFC158C47C15000013
:107080007D150000000000C0000000009E03F4C356
:107090007E1500007F150000000000C00100000008
:1070A000629F48448015000081150000000000C068
:1070B00004000000AE1730C38215000083150000E5
:1070C000000000C003000000B25E04C4841500008C
:1070D00085150000000000C001000000B14FB5445C
:1070E0008615000087150000000000C0FEFFFFFFAE
:1070F000000000C0FFFFFFFFFFFFFFFFF7FD193E8D
:10710000FEFFFFFF000000C0FFFFFFFFFFFFFFFFCC
:1071100000000080FEFFFFFF000000C0FFFFFFFF38
:10712000FFFFFFFF8E3472BDFEFFFFFF000000C0B7
:10713000FFFFFFFFFFFFFFFF00000080FEFFFFFFDC
:10714000000000C0FFFFFFFFFFFFFFFF5A1319BB46
:10715000FEFFFFFF000000C0FFFFFFFFFFFFFFFF7C
:10716000FB52113EFEFFFFFF000000C0FFFFFFFFCC
:10717000FFFFFFFFE9A1BA3DFEFFFFFF000000C0D7
:10718000FFFFFFFFFFFFFFFF27BEDDBDFEFFFFFF8D
:10719000000000C0FFFFFFFFFFFFFFFF3128033D9E
:1071A000FEFFFFFF000000C0FFFFFFFFFFFFFFFF2C
:1071B000EF8D76BDFEFFFFFF000000C0FFFFFFFF69
:1071C000FFFFFFFFCA755BBDFEFFFFFF000000C0B1
:1071D000FFFFFFFFFFFFFFFF9175873BFEFFFFFFF4
:1071E000000000C0FFFFFFFFFFFFFFFFB29CA03DBC
:1071F000FEFFFFFF000000C0FFFFFFFFFFFFFFFFDC
:1072000092DBA7BDFEFFFFFF000000C0FFFFFFFFF6
:10721000FFFFFFFF456E893DFEFFFFFF000000C03E
:10722000FFFFFFFFFFFFFFFFF00E8EBD020000001B
:1072300017199243891500008A150000000000C04C
:1072400004000000859B35438B1500008C15000061
:10725000000000C0040000003F2A88C28D15000015
:107260008E150000000000C00200000074F314C47A
:107270008F15000090150000000000C00500000000
:10728000257C45C29115000092150000000000C049
:107290000200000046468644931500009415000045
:1072A000000000C00200000046E6B444951500004E
:1072B00096150000000000C004000000867388C31B
:1072C0009715000098150000000000C004000000A1
:1072D000288530C1991500009A150000000000C0F3
:1072E00005000000A454ECC39B1500009C15000091
:1072F000000000C0030000002DF629429D1500008B
:107300009E150000000000C0030000001CE2FA41CE
:107310009F150000A0150000000000C00200000042
:1073200023032545A1150000A2150000000000C0A0
:10733000030000003C3D87C2A3150000A415000017
:10734000000000C003000000A8752DC3A5150000B3
:10735000A6150000000000C0FEFFFFFF000000C0F7
:10736000FFFFFFFFFFFFFFFFDE910F3CFEFFFFFF70
:10737000000000C0FFFFFFFFFFFFFFFF9553A0BD10
:10738000FEFFFFFF000000C0FFFFFFFFFFFFFFFF4A
:1073900090AFCCBCFEFFFFFF000000C0FFFFFFFF6F
:1073A000FFFFFFFF9759043DFEFFFFFF000000C0F5
:1073B000FFFFFFFFFFFFFFFFB4AA4F3DFEFFFFFFF0
:1073C000000000C0FFFFFFFFFFFFFFFF53559ABC07
:1073D000FEFFFFFF000000C0FFFFFFFFFFFFFFFFFA
:1073E0006CA01D3EFEFFFFFF000000C0FFFFFFFF7F
:1073F000FFFFFFFFF47A1D3DFEFFFFFF000000C00E
:10740000FFFFFFFFFFFFFFFFA7E23B3EFEFFFFFF87
:10741000000000C0FFFFFFFFFFFFFFFFF4D0CD3CE7
:10742000FEFFFFFF000000C0FFFFFFFFFFFFFFFFA9
:10743000E18D67BDFEFFFFFF000000C0FFFFFFFF03
:10744000FFFFFFFF57E9713DFEFFFFFF000000C097
:10745000FFFFFFFFFFFFFFFF36E9133DFEFFFFFFCA
:10746000000000C0FFFFFFFFFFFFFFFFF0A279BD9C
:10747000FEFFFFFF000000C0FFFFFFFFFFFFFFFF59
:1074800000000080FEFFFFFF000000C0FFFFFFFFC5
:10749000FFFFFFFF20AC383E03000000049A1F42AC
:1074A000A8150000A9150000000000C0030000009E
:1074B0003BC1A7C3AA150000AB150000000000C027
:1074C000040000001DE5F542AC150000AD150000FC
:1074D000000000C0040000002FB3F241AE15000010
:1074E000AF150000000000C004000000737D34C22E
:1074F000B0150000B1150000000000C00100000040
:1075000062DF3D44B2150000B3150000000000C06A
:1075100003000000BA6BB642B4150000B5150000B8
:10752000000000C00000000031FE5144B61500000C
:10753000B7150000000000C0FEFFFFFF000000C004
:10754000FFFFFFFFFFFFFFFF0000008001000000C2
:10755000C013B4C1B8150000B9150000000000C088
:1075600001000000C4BEE743BA150000BB150000CF
:10757000000000C000000000E039F0C1BC150000B0
:10758000BD150000000000C000000000627CF74351
:10759000BE150000BF150000000000C0FEFFFFFF89
:1075A000000000C0FFFFFFFFFFFFFFFF00000080A3
:1075B000FEFFFFFF000000C0FFFFFFFFFFFFFFFF18
:1075C000B245FABDFEFFFFFF000000C0FFFFFFFF56
:1075D000FFFFFFFF331D1C3EFEFFFFFF000000C04A
:1075E000FFFFFFFFFFFFFFFF00000080FEFFFFFF28
:1075F000000000C0FFFFFFFFFFFFFFFF0000008053
:10760000FEFFFFFF000000C0FFFFFFFFFFFFFFFFC7
:10761000B1AF32BEFEFFFFFF000000C0FFFFFFFF63
:10762000FFFFFFFF5E3C19BDFEFFFFFF000000C033
:10763000FFFFFFFFFFFFFFFF21368E3CFEFFFFFF36
:10764000000000C0FFFFFFFFFFFFFFFF11E9CEBDFD
:10765000FEFFFFFF000000C0FFFFFFFFFFFFFFFF77
:10766000451ECF3CFEFFFFFF000000C0FFFFFFFFF5
:10767000FFFFFFFF3FF9D03DFEFFFFFF000000C00E
:10768000FFFFFFFFFFFFFFFF64C53DBC05000000DB
:1076900086A36243C1150000C2150000000000C0AF
:1076A00000000000CFC177C4C3150000C41500005E
:1076B000000000C001000000621F6A44C515000000
:1076C000C6150000000000C0050000007D04E44273
:1076D000C7150000C8150000000000C0040000002D
:1076E0009CD93EC2C9150000CA150000000000C0A8
:1076F00000000000E86092C4CB150000CC1500002B
:10770000000000C004000000B7FE9542CD15000047
:10771000CE150000000000C0FEFFFFFF000000C00B
:10772000FFFFFFFFFFFFFFFF0B9F18BEFEFFFFFFE6
:10773000000000C0FFFFFFFFFFFFFFFF0000008011
:10774000050000005FBD06C1CF150000D015000088
:10775000000000C0010000009EA034C4D11500004C
:10776000D2150000000000C0FEFFFFFF000000C0B7
:10777000FFFFFFFFFFFFFFFF000000800000000091
:1077800031BE3F44D3150000D4150000000000C0F6
:10779000FEFFFFFF000000C0FFFFFFFFFFFFFFFF36
:1077A000B3B90DBD01000000B1EF9144D515000043
:1077B000D6150000000000C0FEFFFFFF000000C063
:1077C000FFFFFFFFFFFFFFFFCA57213CFEFFFFFF48
:1077D000000000C0FFFFFFFFFFFFFFFFB13EE8BD5D
:1077E000FEFFFFFF000000C0FFFFFFFFFFFFFFFFE6
:1077F000E9944B3DFEFFFFFF000000C0FFFFFFFFCD
:10780000FFFFFFFFD4726ABBFEFFFFFF000000C056
:10781000FFFFFFFFFFFFFFFFA331033EFEFFFFFF60
:10782000000000C0FFFFFFFFFFFFFFFF0000008020
:10783000FEFFFFFF000000C0FFFFFFFFFFFFFFFF95
:1078400000000080FEFFFFFF000000C0FFFFFFFF01
:10785000FFFFFFFFE00CA63D0100000062DF2544B2
:10786000D8150000D9150000000000C0010000007C
:107870009E2077C4DA150000DB150000000000C070
:10788000FEFFFFFF000000C0FFFFFFFFFFFFFFFF45
:107890009E7D00BEFEFFFFFF000000C0FFFFFFFF58
:1078A000FFFFFFFFDB4308BE010000003C419EC319
:1078B000DC150000DD150000000000C00000000025
:1078C0003C077FC3DE150000DF150000000000C08C
:1078D000000000009E03D1C3E0150000E115000088
:1078E000000000C0FEFFFFFF000000C0FFFFFFFF21
:1078F000FFFFFFFF435CA13DFEFFFFFF000000C054
:10790000FFFFFFFFFFFFFFFFFBB3A3BBFEFFFFFF78
:10791000000000C0FFFFFFFFFFFFFFFFED345FBD72
:10792000FEFFFFFF000000C0FFFFFFFFFFFFFFFFA4
:107930000A09CC39020000008C0C3444E315000025
:10794000E4150000000000C005000000F3B88DC27F
:10795000E5150000E6150000000000C0050000006D
:1079600054288942E7150000E8150000000000C017
:107970000500000014F2ACC3E9150000EA15000090
:10798000000000C0010000003C418EC3EB15000068
:10799000EC150000000000C0010000004F10E9C419
:1079A000ED150000EE150000000000C0050000000D
:1079B000AEE39E43EF150000F0150000000000C08C
:1079C0000500000085AD2CC4F1150000F215000083
:1079D000000000C004000000D7531943F315000055
:1079E000F4150000000000C00200000017198543D4
:1079F000F5150000F6150000000000C004000000AE
:107A0000859B3543F7150000F8150000000000C005
:107A1000020000004686C644F9150000FA15000071
:107A2000000000C004000000157E07C3FB15000025
:107A3000FC150000000000C001000000625F0E4461
:107A4000FD150000FE150000000000C00100000050
:107A500078822DC3FF15000000160000000000C052
:107A6000FEFFFFFF000000C0FFFFFFFFFFFFFFFF63
:107A70008BE3423DFEFFFFFF000000C0FFFFFFFF62
:107A8000FFFFFFFF1E6525BDFEFFFFFF000000C0DA
:107A9000FFFFFFFFFFFFFFFFD77DD83AFEFFFFFF8D
:107AA000000000C0FFFFFFFFFFFFFFFF60B7EB3DDF
:107AB000FEFFFFFF000000C0FFFFFFFFFFFFFFFF13
:107AC000DDD3C9BDFEFFFFFF000000C0FFFFFFFFC9
:107AD000FFFFFFFF00000080FEFFFFFF000000C06F
:107AE000FFFFFFFFFFFFFFFFAE622E3CFEFFFFFF29
:107AF000000000C0FFFFFFFFFFFFFFFFA288BEBD29
:107B0000FEFFFFFF000000C0FFFFFFFFFFFFFFFFC2
:107B10006A8B893DFEFFFFFF000000C0FFFFFFFFF3
:107B2000FFFFFFFFCBCC85BDFEFFFFFF000000C0C5
:107B3000FFFFFFFFFFFFFFFF00000080FEFFFFFFD2
:107B4000000000C0FFFFFFFFFFFFFFFF1D62E3BD5E
:107B5000FEFFFFFF000000C0FFFFFFFFFFFFFFFF72
:107B60004D6FC23CFEFFFFFF000000C0FFFFFFFFA4
:107B7000FFFFFFFF3ECBCCBDFEFFFFFF000000C0BC
:107B8000FFFFFFFFFFFFFFFF00000080FEFFFFFF82
:107B9000000000C0FFFFFFFFFFFFFFFF2D144D3E61
:107BA0000000000018DF91440216000003160000D8
:107BB000000000C00000000088F1D9420416000057
:107BC00005160000000000C005000000C2D9D9C39E
:107BD0000616000007160000000000C005000000A7
:107BE000ACD780C20816000009160000000000C0D3
:107BF0000500000028E40EC30A1600000B16000062
:107C0000000000C001000000C4BEE7430C160000E5
:107C10000D160000000000C0050000002A54444377
:107C20000E1600000F160000000000C00400000047
:107C30004C6183C11016000011160000000000C046
:107C400001000000C4BE8943121600001316000094
:107C5000000000C00400000047111143141600008A
:107C600015160000000000C0040000000F57B6C148
:107C70001616000017160000000000C0FEFFFFFFF0
:107C8000000000C0FFFFFFFFFFFFFFFF16AD5CBD60
:107C9000FEFFFFFF000000C0FFFFFFFFFFFFFFFF31
:107CA0000000008004000000130EC44218160000FB
:107CB00019160000000000C0FEFFFFFF000000C01A
:107CC000FFFFFFFFFFFFFFFF00000080FEFFFFFF41
:107CD000000000C0FFFFFFFFFFFFFFFF1A1DDEBD1A
:107CE000FEFFFFFF000000C0FFFFFFFFFFFFFFFFE1
:107CF000D9A592BBFEFFFFFF000000C0FFFFFFFF02
:107D0000FFFFFFFFDBC5123DFEFFFFFF000000C0CD
:107D1000FFFFFFFFFFFFFFFF8F7F03BDFEFFFFFFA2
:107D2000000000C0FFFFFFFFFFFFFFFF5B0AF93D00
:107D3000FEFFFFFF000000C0FFFFFFFFFFFFFFFF90
:107D400000000080FEFFFFFF000000C0FFFFFFFFFC
:107D5000FFFFFFFF3F15A6B8FEFFFFFF000000C0BA
:107D6000FFFFFFFFFFFFFFFF8B6481BDFEFFFFFFF3
:107D7000000000C0FFFFFFFFFFFFFFFFB57AFF3DE0
:107D8000FEFFFFFF000000C0FFFFFFFFFFFFFFFF40
:107D900000000080020000001799EC431B16000051
:107DA0001C160000000000C000000000C4F82243C0
:107DB0001D1600001E160000000000C00400000098
:107DC000E4BA6EC21F16000020160000000000C0BA
:107DD0000400000000502CC32116000022160000F1
:107DE000000000C00000000031FE0B44231600001C
:107DF00024160000000000C0020000008C0C71443A
:107E00002516000026160000000000C00200000039
:107E100046E6B4442716000028160000000000C003
:107E200002000000D2CD31C3291600002A1600003E
:107E3000000000C004000000475163432B160000FF
:107E40002C160000000000C005000000257C06C2C2
:107E50002D1600002E160000000000C004000000D7
:107E6000F48889422F16000030160000000000C080
:107E700000000000627CA8433116000032160000AA
:107E8000000000C0050000002A54444333160000DF
:107E900034160000000000C00000000031BE4C4459
:107EA0003516000036160000000000C00500000076
:107EB000A100D4C23716000038160000000000C030
:107EC000FEFFFFFF000000C0FFFFFFFFFFFFFFFFFF
:107ED00000000080FEFFFFFF000000C0FFFFFFFF6B
:107EE000FFFFFFFF932E1E3EFEFFFFFF000000C0BE
:107EF000FFFFFFFFFFFFFFFF9C2395BDFEFFFFFF7E
:107F0000000000C0FFFFFFFFFFFFFFFF9191F83B64
:107F1000FEFFFFFF000000C0FFFFFFFFFFFFFFFFAE
:107F2000CA9E6FBDFEFFFFFF000000C0FFFFFFFF06
:107F3000FFFFFFFFA6B15C3DFEFFFFFF000000C09A
:107F4000FFFFFFFFFFFFFFFF8AB734BDFEFFFFFF0C
:107F5000000000C0FFFFFFFFFFFFFFFF0D1F3E3DC2
:107F6000FEFFFFFF000000C0FFFFFFFFFFFFFFFF5E
:107F700035283A3EFEFFFFFF000000C0FFFFFFFF75
:107F8000FFFFFFFF00000080FEFFFFFF000000C0BA
:107F9000FFFFFFFFFFFFFFFF6DC3DB3BFEFFFFFFA8
:107FA000000000C0FFFFFFFFFFFFFFFF7241AFBDFA
:107FB000FEFFFFFF000000C0FFFFFFFFFFFFFFFF0E
:107FC0002FD2F2BCFEFFFFFF000000C0FFFFFFFF4B
:107FD000FFFFFFFFBC28E23DFEFFFFFF000000C0E7
:107FE000FFFFFFFFFFFFFFFF00000080FEFFFFFF1E
:107FF000000000C0FFFFFFFFFFFFFFFFDEA00D3E00
:10800000020000001799AB433A1600003B1600002F
:10801000000000C001000000629F2E443C160000DA
:108020003D160000000000C0010000009EA034C406
:108030003E1600003F160000000000C003000000D4
:108040003BC1A7C34016000041160000000000C05D
:1080500003000000365C8143421600004316000016
:10806000000000C0020000008C4C58444416000080
:1080700045160000000000C0040000001DE5F542A8
:108080004616000047160000000000C00100000076
:1080900078827DC34816000049160000000000C029
:1080A0000100000078822DC34A1600004B16000024
:1080B000000000C003000000D06F8BC14C16000010
:1080C0004D160000000000C003000000D095F243F0
:1080D0004E1600004F160000000000C00400000013
:1080E000D46328425016000051160000000000C062
:1080F000010000004F1086C4521600005316000005
:10810000000000C004000000E899C1BF5416000040
:1081100055160000000000C0020000001719D643E9
:108120005616000057160000000000C0FEFFFFFFBB
:10813000000000C0FFFFFFFFFFFFFFFF0000008007
:10814000FEFFFFFF000000C0FFFFFFFFFFFFFFFF7C
:10815000C02B033EFEFFFFFF000000C0FFFFFFFF3C
:10816000FFFFFFFF00000080FEFFFFFF000000C0D8
:10817000FFFFFFFFFFFFFFFF673603BEFEFFFFFFAE
:10818000000000C0FFFFFFFFFFFFFFFFB3309FBCF9
:10819000FEFFFFFF000000C0FFFFFFFFFFFFFFFF2C
:1081A00047679B3DFEFFFFFF000000C0FFFFFFFF92
:1081B000FFFFFFFF3EB3F0BDFEFFFFFF000000C06A
:1081C000FFFFFFFFFFFFFFFF00000080FEFFFFFF3C
:1081D000000000C0FFFFFFFFFFFFFFFFC8531BBEF3
:1081E000FEFFFFFF000000C0FFFFFFFFFFFFFFFFDC
:1081F00000000080FEFFFFFF000000C0FFFFFFFF48
:10820000FFFFFFFF73B786BDFEFFFFFF000000C04A
:10821000FFFFFFFFFFFFFFFF2190E73DFEFFFFFF96
:10822000000000C0FFFFFFFFFFFFFFFFF6B1663B4E
:10823000FEFFFFFF000000C0FFFFFFFFFFFFFFFF8B
:10824000B2D64C3DFEFFFFFF000000C0FFFFFFFF66
:10825000FFFFFFFF00000080FEFFFFFF000000C0E7
:10826000FFFFFFFFFFFFFFFF217503BE05000000BA
:108270003DAE9FC3591600005A160000000000C012
:10828000FEFFFFFF000000C0FFFFFFFFFFFFFFFF3B
:1082900076BB0BBE050000000AD387435B160000C7
:1082A0005C160000000000C00500000084731DC3C0
:1082B0005D1600005E160000000000C00000000017
:1082C000E88084C45F16000060160000000000C053
:1082D000040000001DE5F542611600006216000072
:1082E000000000C0000000009E03DEC36316000013
:1082F00064160000000000C0FEFFFFFF000000C089
:10830000FFFFFFFFFFFFFFFF00000080FEFFFFFFFA
:10831000000000C0FFFFFFFFFFFFFFFF66ADCC3D89
:10832000FEFFFFFF000000C0FFFFFFFFFFFFFFFF9A
:10833000917CC83DFEFFFFFF000000C0FFFFFFFF74
:10834000FFFFFFFF228804BEFEFFFFFF000000C00A
:10835000FFFFFFFFFFFFFFFF7819113DFEFFFFFF4B
:10836000000000C0FFFFFFFFFFFFFFFFF2FE50BC59
:1083700002000000464686446616000067160000AC
:10838000000000C000000000627C8343681600000B
:1083900069160000000000C0FEFFFFFF000000C0E3
:1083A000FFFFFFFFFFFFFFFF6F102BBE010000006C
:1083B00062DF3D446A1600006B160000000000C03A
:1083C0000300000082513BC26C1600006D160000D5
:1083D000000000C0030000001261E2C26E1600003F
:1083E0006F160000000000C0FEFFFFFF000000C08D
:1083F000FFFFFFFFFFFFFFFFCF22EEBD00000000E9
:10840000627CCB437016000071160000000000C0B3
:10841000FEFFFFFF000000C0FFFFFFFFFFFFFFFFA9
:108420006AD201BEFEFFFFFF000000C0FFFFFFFF9A
:10843000FFFFFFFFDE9D30BDFEFFFFFF000000C01D
:10844000FFFFFFFFFFFFFFFF26A1753CFEFFFFFFC1
:10845000000000C0FFFFFFFFFFFFFFFFD7BFCA3DC7
:10846000FEFFFFFF000000C0FFFFFFFFFFFFFFFF59
:10847000B6078ABC000000009E03D1C3731600003B
:1084800074160000000000C00100000010FB9642BE
:108490007516000076160000000000C00100000004
:1084A000E0094AC27716000078160000000000C0FC
:1084B00003000000728A9442791600007A160000C8
:1084C000000000C000000000E86092C47B160000BD
:1084D0007C160000000000C005000000123EB3C280
:1084E0007D1600007E160000000000C003000000A2
:1084F000D15111C37F16000080160000000000C09B
:10850000050000002D3C7342811600008216000019
:10851000000000C000000000E88084C48316000052
:1085200084160000000000C001000000625F4344A8
:108530008516000086160000000000C00100000043
:10854000B1EF91448716000088160000000000C0BB
:108550000500000014F2ACC3891600008A16000062
:10856000000000C000000000317E31448B16000086
:108570008C160000000000C000000000627CB643C2
:108580008D1600008E160000000000C005000000DF
:10859000004C413E8F16000090160000000000C005
:1085A000FEFFFFFF000000C0FFFFFFFFFFFFFFFF18
:1085B00050FDA03DFEFFFFFF000000C0FFFFFFFFDA
:1085C000FFFFFFFF00000080FEFFFFFF000000C074
:1085D000FFFFFFFFFFFFFFFF49CB713BFEFFFFFFE8
:1085E000000000C0FFFFFFFFFFFFFFFF8D3864BDED
:1085F000FEFFFFFF000000C0FFFFFFFFFFFFFFFFC8
:1086000000000080FEFFFFFF000000C0FFFFFFFF33
:10861000FFFFFFFF11E7FBBDFEFFFFFF000000C0F3
:10862000FFFFFFFFFFFFFFFFC8A649BDFEFFFFFFE3
:10863000000000C0FFFFFFFFFFFFFFFFBF3B653DE6
:10864000FEFFFFFF000000C0FFFFFFFFFFFFFFFF77
:108650002DA83DBDFEFFFFFF000000C0FFFFFFFF94
:10866000FFFFFFFF1A42933DFEFFFFFF000000C027
:10867000FFFFFFFFFFFFFFFF25ED6FBDFEFFFFFFC9
:10868000000000C0FFFFFFFFFFFFFFFF8584653D87
:10869000FEFFFFFF000000C0FFFFFFFFFFFFFFFF27
:1086A0009EDBD63DFEFFFFFF000000C0FFFFFFFF87
:1086B000FFFFFFFFFA8639BDFEFFFFFF000000C08D
:1086C000FFFFFFFFFFFFFFFF69786EBDFEFFFFFFAB
:1086D000000000C0FFFFFFFFFFFFFFFF17BFEB3BE6
:1086E00004000000FFB798439216000093160000A4
:1086F000000000C002000000BAB9A2C49416000035
:1087000095160000000000C0050000003DAE9FC3AC
:108710009616000097160000000000C0050000003B
:1087200071E195C39816000099160000000000C082
:1087300004000000CDBC2B439A1600009B160000DD
:10874000000000C00100000062DF21449C16000010
:108750009D160000000000C001000000788237C3B1
:108760009E1600009F160000000000C0FEFFFFFFE5
:10877000000000C0FFFFFFFFFFFFFFFF00000080C1
:1087800001000000D8B76E45A0160000A116000039
:10879000000000C00200000074B307C4A21600006D
:1087A000A3160000000000C002000000BA5987C4F0
:1087B000A4160000A5160000000000C0050000007F
:1087C0008FB40CC4A6160000A7160000000000C05D
:1087D000FEFFFFFF000000C0FFFFFFFFFFFFFFFFE6
:1087E0000EDF6ABD010000009EE016C4A81600005E
:1087F000A9160000000000C001000000C43EC043F4
:10880000AA160000AB160000000000C0FEFFFFFF2C
:10881000000000C0FFFFFFFFFFFFFFFF62BC2C3E18
:10882000FEFFFFFF000000C0FFFFFFFFFFFFFFFF95
:1088300000000080FEFFFFFF000000C0FFFFFFFF01
:10884000FFFFFFFF6D2FCA3CFEFFFFFF000000C0CF
:10885000FFFFFFFFFFFFFFFF166527BAFEFFFFFFC9
:10886000000000C0FFFFFFFFFFFFFFFF00000080D0
:10887000FEFFFFFF000000C0FFFFFFFFFFFFFFFF45
:10888000A999A4BDFEFFFFFF000000C0FFFFFFFF8E
:10889000FFFFFFFF00000080FEFFFFFF000000C0A1
:1088A000FFFFFFFFFFFFFFFFD916EA3DFEFFFFFFBF
:1088B000000000C0FFFFFFFFFFFFFFFFB4FCBCBCD8
:1088C000FEFFFFFF000000C0FFFFFFFFFFFFFFFFF5
:1088D000E92D25BEFEFFFFFF000000C0FFFFFFFFE8
:1088E000FFFFFFFFB280BD3DFEFFFFFF000000C0A5
:1088F000FFFFFFFFFFFFFFFF969620BD0500000072
:10890000D8DB2D43AD160000AE160000000000C0FD
:10891000050000003DAE9FC3AF160000B01600007A
:10892000000000C0000000009E83DAC3B116000002
:10893000B2160000000000C00000000088F1EF4205
:10894000B3160000B4160000000000C002000000D2
:108950008C4C3844B5160000B6160000000000C06C
:108960000300000074C6C943B7160000B816000023
:10897000000000C00000000088F1E542B9160000C8
:10898000BA160000000000C0030000003BC1A7C3EE
:10899000BB160000BC160000000000C00300000071
:1089A0004518CFC3BD160000BE160000000000C071
:1089B00000000000F01C10C2BF160000C01600002E
:1089C000000000C00300000040938D43C11600006A
:1089D000C2160000000000C00200000023B30845DA
:1089E000C3160000C4160000000000C0FEFFFFFF19
:1089F000000000C0FFFFFFFFFFFFFFFFBB040F3CB5
:108A0000030000004B7B0242C5160000C6160000A2
:108A1000000000C000000000627CC143C7160000D7
:108A2000C8160000000000C0FEFFFFFF000000C0ED
:108A3000FFFFFFFFFFFFFFFFCBCBEFBCFEFFFFFF02
:108A4000000000C0FFFFFFFFFFFFFFFF16120A3EFE
:108A5000FEFFFFFF000000C0FFFFFFFFFFFFFFFF63
:108A60003933143DFEFFFFFF000000C0FFFFFFFF92
:108A7000FFFFFFFF588960BDFEFFFFFF000000C041
:108A8000FFFFFFFFFFFFFFFF92DF0BBDFEFFFFFFBA
:108A9000000000C0FFFFFFFFFFFFFFFF0363AF3BCE
:108AA000FEFFFFFF000000C0FFFFFFFFFFFFFFFF13
:108AB00034053B3DFEFFFFFF000000C0FFFFFFFF4E
:108AC000FFFFFFFFBD7D90BDFEFFFFFF000000C068
:108AD000FFFFFFFFFFFFFFFFFD4FE5BDFEFFFFFFB5
:108AE000000000C0FFFFFFFFFFFFFFFF000000804E
:108AF000FEFFFFFF000000C0FFFFFFFFFFFFFFFFC3
:108B000000000080FEFFFFFF000000C0FFFFFFFF2E
:108B1000FFFFFFFF281F583EFEFFFFFF000000C0C1
:108B2000FFFFFFFFFFFFFFFF328538BDFEFFFFFFA6
:108B3000000000C0FFFFFFFFFFFFFFFF7A01533D72
:108B400000000000C4F87243CA160000CB160000F3
:108B5000000000C003000000443E9C41CC16000011
:108B6000CD160000000000C003000000DEE06CC273
:108B7000CE160000CF160000000000C00400000068
:108B8000668F5FC1D0160000D1160000000000C043
:108B900001000000621F7144D2160000D3160000CD
:108BA000000000C000000000317E7844D4160000B0
:108BB000D5160000000000C000000000313E08444F
:108BC000D6160000D7160000000000C00300000009
:108BD000265396C3D8160000D9160000000000C026
:108BE00001000000B1EF9144DA160000DB1600002E
:108BF000000000C000000000E039C0C1DC16000029
:108C0000DD160000000000C0040000002C9C43C2E0
:108C1000DE160000DF160000000000C001000000AA
:108C20009E603AC4E0160000E1160000000000C09B
:108C3000010000003CC1F5C3E2160000E31600008D
:108C4000000000C004000000261C1A42E4160000C8
:108C5000E5160000000000C004000000126E034290
:108C6000E6160000E7160000000000C0FEFFFFFF50
:108C7000000000C0FFFFFFFFFFFFFFFF00000080BC
:108C8000FEFFFFFF000000C0FFFFFFFFFFFFFFFF31
:108C90001D390CBEFEFFFFFF000000C0FFFFFFFFFD
:108CA000FFFFFFFF322FA2BBFEFFFFFF000000C04F
:108CB000FFFFFFFFFFFFFFFF94B608BEFEFFFFFFB1
:108CC000000000C0FFFFFFFFFFFFFFFF6EF4D0BDFD
:108CD000FEFFFFFF000000C0FFFFFFFFFFFFFFFFE1
:108CE00041B9D33CFEFFFFFF000000C0FFFFFFFFC4
:108CF000FFFFFFFF4EF01EBBFEFFFFFF000000C0A6
:108D0000FFFFFFFFFFFFFFFF8379E63DFEFFFFFF51
:108D1000000000C0FFFFFFFFFFFFFFFF000000801B
:108D2000FEFFFFFF000000C0FFFFFFFFFFFFFFFF90
:108D3000B263C03DFEFFFFFF000000C0FFFFFFFF6A
:108D4000FFFFFFFF63AD933DFEFFFFFF000000C08C
:108D5000FFFFFFFFFFFFFFFF3F18C4BDFEFFFFFF48
:108D6000000000C0FFFFFFFFFFFFFFFF438E34BC8A
:108D7000FEFFFFFF000000C0FFFFFFFFFFFFFFFF40
:108D800067E5C43DFEFFFFFF000000C0FFFFFFFFDF
:108D9000FFFFFFFF00000080FEFFFFFF000000C09C
:108DA000FFFFFFFFFFFFFFFF4A8163BE04000000DB
:108DB0000580E6C1E9160000EA160000000000C0C8
:108DC0000500000096B939C2EB160000EC16000051
:108DD000000000C000000000CFC177C4ED16000005
:108DE000EE160000000000C00200000017199743B3
:108DF000EF160000F0160000000000C000000000A8
:108E00009E03F4C3F1160000F2160000000000C03B
:108E100005000000DB835742F3160000F416000043
:108E2000000000C0020000005C64EA42F516000089
:108E3000F6160000000000C000000000F01C58C240
:108E4000F7160000F8160000000000C00400000043
:108E50009CD93EC2F9160000FA160000000000C0BE
:108E6000020000008CCC2344FB160000FC1600001E
:108E7000000000C0050000005FBD06C1FD16000037
:108E8000FE160000000000C002000000E966CCC32E
:108E9000FF16000000170000000000C0FEFFFFFFEB
:108EA000000000C0FFFFFFFFFFFFFFFF000000808A
:108EB0000500000086A362430117000002170000AE
:108EC000000000C0020000001799CE430317000005
:108ED00004170000000000C0FEFFFFFF000000C0FC
:108EE000FFFFFFFFFFFFFFFF2D45223EFEFFFFFFBD
:108EF000000000C0FFFFFFFFFFFFFFFF9608173DC8
:108F0000FEFFFFFF000000C0FFFFFFFFFFFFFFFFAE
:108F100003280FBEFEFFFFFF000000C0FFFFFFFFA2
:108F2000FFFFFFFF00000080FEFFFFFF000000C00A
:108F3000FFFFFFFFFFFFFFFF24C239BDFEFFFFFF62
:108F4000000000C0FFFFFFFFFFFFFFFF4ADC0A3EFB
:108F5000FEFFFFFF000000C0FFFFFFFFFFFFFFFF5E
:108F6000A568CBBCFEFFFFFF000000C0FFFFFFFFB6
:108F7000FFFFFFFF70C1D9BDFEFFFFFF000000C073
:108F8000FFFFFFFFFFFFFFFF00000080FEFFFFFF6E
:108F9000000000C0FFFFFFFFFFFFFFFFB8AE0ABEEB
:108FA000FEFFFFFF000000C0FFFFFFFFFFFFFFFF0E
:108FB000CB89FEBCFEFFFFFF000000C0FFFFFFFFEC
:108FC000FFFFFFFF7CF5D83DFEFFFFFF000000C064
:108FD000FFFFFFFFFFFFFFFF0B4B443DFEFFFFFFC7
:108FE000000000C0FFFFFFFFFFFFFFFF0000008049
:108FF000020000008C8C5F44061700000717000079
:10900000000000C00400000017EE02C208170000B4
:1090100009170000000000C001000000887D3E43E9
:109020000A1700000B170000000000C0020000003B
:109030002E323E430C1700000D170000000000C048
:1090400002000000483763C20E1700000F1700002F
:10905000000000C004000000F408B0421017000037
:1090600011170000000000C0FEFFFFFF000000C05D
:10907000FFFFFFFFFFFFFFFF000000800100000077
:1090800010FBBA421217000013170000000000C0C6
:1090900005000000BFC74441141700001517000069
:1090A000000000C001000000887D6C43161700001E
:1090B00017170000000000C00500000054CFA4C135
:1090C0001817000019170000000000C0FEFFFFFF86
:1090D000000000C0FFFFFFFFFFFFFFFFC3B71FBE81
:1090E000FEFFFFFF000000C0FFFFFFFFFFFFFFFFCD
:1090F00000000080FEFFFFFF000000C0FFFFFFFF39
:10910000FFFFFFFFFEACA03DFEFFFFFF000000C021
:10911000FFFFFFFFFFFFFFFF0DC396BDFEFFFFFF39
:10912000000000C0FFFFFFFFFFFFFFFF8038A7BB6D
:10913000FEFFFFFF000000C0FFFFFFFFFFFFFFFF7C
:10914000F9B22CBEFEFFFFFF000000C0FFFFFFFFD3
:10915000FFFFFFFF62B113BEFEFFFFFF000000C074
:10916000FFFFFFFFFFFFFFFF00000080FEFFFFFF8C
:10917000000000C0FFFFFFFFFFFFFFFF801625BDBF
:10918000FEFFFFFF000000C0FFFFFFFFFFFFFFFF2C
:109190009B7F5A3D00000000780EFAC21B170000AA
:1091A0001C170000000000C0050000001BA560C2E5
:1091B0001D1700001E170000000000C00500000081
:1091C000FE0FA0C21F17000020170000000000C003
:1091D00003000000A8752DC321170000221700000E
:1091E000000000C005000000179E8E4223170000FB
:1091F00024170000000000C003000000D49AB2C38E
:109200002517000026170000000000C00500000020
:10921000BCFE62422717000028170000000000C0B3
:10922000050000007A1C3CC3291700002A17000023
:10923000000000C00500000033B7C9C32B170000B1
:109240002C170000000000C000000000CF4112C435
:109250002D1700002E170000000000C003000000C2
:109260000834A5412F17000030170000000000C08F
:10927000050000008FB40CC4311700003217000045
:10928000000000C003000000383824C3331700007A
:1092900034170000000000C00300000024164E41F7
:1092A0003517000036170000000000C00300000062
:1092B000EEF4F6C13717000038170000000000C0B8
:1092C000FEFFFFFF000000C0FFFFFFFFFFFFFFFFEB
:1092D0002DC4D3BCFEFFFFFF000000C0FFFFFFFF57
:1092E000FFFFFFFF1322213EFEFFFFFF000000C033
:1092F000FFFFFFFFFFFFFFFF18633ABEFEFFFFFF08
:10930000000000C0FFFFFFFFFFFFFFFFCB2F8EBC61
:10931000FEFFFFFF000000C0FFFFFFFFFFFFFFFF9A
:10932000B5B5EF3DFEFFFFFF000000C0FFFFFFFFF0
:10933000FFFFFFFFBBC92A3DFEFFFFFF000000C08B
:10934000FFFFFFFFFFFFFFFF4277F9BDFEFFFFFFBB
:10935000000000C0FFFFFFFFFFFFFFFFADCF9C3C01
:10936000FEFFFFFF000000C0FFFFFFFFFFFFFFFF4A
:1093700028C8173DFEFFFFFF000000C0FFFFFFFFF2
:10938000FFFFFFFFE0BE0EBEFEFFFFFF000000C0BC
:10939000FFFFFFFFFFFFFFFF3169143EFEFFFFFFEE
:1093A000000000C0FFFFFFFFFFFFFFFF0000008085
:1093B000FEFFFFFF000000C0FFFFFFFFFFFFFFFFFA
:1093C00049E7323AFEFFFFFF000000C0FFFFFFFF4A
:1093D000FFFFFFFF09C404BEFEFFFFFF000000C047
:1093E000FFFFFFFFFFFFFFFFE546DBBDFEFFFFFFC7
:1093F000000000C0FFFFFFFFFFFFFFFF7DD39F3C8A
:1094000001000000D8B76E453A1700003B17000076
:10941000000000C003000000D095F2433C1700009C
:109420003D170000000000C000000000C4F85D43CC
:109430003E1700003F170000000000C001000000C0
:10944000C43EFC434017000041170000000000C06C
:1094500002000000DDAC79C5421700004317000090
:10946000000000C002000000E02213414417000089
:1094700045170000000000C0FEFFFFFF000000C015
:10948000FFFFFFFFFFFFFFFF000000800200000062
:109490005C64EA424617000047170000000000C065
:1094A000020000008CCC024448170000491700005D
:1094B000000000C0FEFFFFFF000000C0FFFFFFFF35
:1094C000FFFFFFFF0000008000000000183FAB44DA
:1094D0004A1700004B170000000000C0FEFFFFFF0E
:1094E000000000C0FFFFFFFFFFFFFFFFCEA042BE56
:1094F000FEFFFFFF000000C0FFFFFFFFFFFFFFFFB9
:1095000000000080FEFFFFFF000000C0FFFFFFFF24
:10951000FFFFFFFF57539D3CFEFFFFFF000000C011
:10952000FFFFFFFFFFFFFFFFB2A50BBDFEFFFFFF29
:10953000000000C0FFFFFFFFFFFFFFFFC9E774BD92
:10954000FEFFFFFF000000C0FFFFFFFFFFFFFFFF68
:1095500063CCE33DFEFFFFFF000000C0FFFFFFFF05
:10956000FFFFFFFF786FF73DFEFFFFFF000000C029
:10957000FFFFFFFFFFFFFFFF00000080050000006E
:10958000D8DB2D434D1700004E170000000000C02F
:1095900002000000171992434F17000050170000F7
:1095A000000000C0020000008C4C1D445117000058
:1095B00052170000000000C003000000F9CBC6C134
:1095C0005317000054170000000000C00400000002
:1095D000EE911BC25517000056170000000000C096
:1095E00002000000D2CD31C3571700005817000009
:1095F000000000C005000000C4ED3443591700000E
:109600005A170000000000C005000000B842BBC3AC
:109610005B1700005C170000000000C003000000A2
:1096200068B39A425D1700005E170000000000C09A
:1096300003000000443ED4415F17000060170000A3
:10964000000000C003000000BDA308C361170000B4
:1096500062170000000000C00400000015FE18C3DF
:109660006317000064170000000000C00400000041
:10967000B7FE95426517000066170000000000C0A5
:10968000FEFFFFFF000000C0FFFFFFFFFFFFFFFF27
:109690009CB0583D04000000E899C1BF6717000066
:1096A00068170000000000C0FEFFFFFF000000C0C0
:1096B000FFFFFFFFFFFFFFFFF001533BFEFFFFFF38
:1096C000000000C0FFFFFFFFFFFFFFFFCAC892BD01
:1096D000FEFFFFFF000000C0FFFFFFFFFFFFFFFFD7
:1096E000A6E09B3CFEFFFFFF000000C0FFFFFFFF66
:1096F000FFFFFFFF7CB5F7BCFEFFFFFF000000C0CF
:10970000FFFFFFFFFFFFFFFF4E8A133EFEFFFFFF3D
:10971000000000C0FFFFFFFFFFFFFFFF0000008011
:10972000FEFFFFFF000000C0FFFFFFFFFFFFFFFF86
:109730003DF3A23CFEFFFFFF000000C0FFFFFFFF64
:10974000FFFFFFFFE19866BDFEFFFFFF000000C0C6
:10975000FFFFFFFFFFFFFFFF2F5127BDFEFFFFFFB2
:10976000000000C0FFFFFFFFFFFFFFFFB96E2F3DAE
:10977000FEFFFFFF000000C0FFFFFFFFFFFFFFFF36
:1097800087ED863EFEFFFFFF000000C0FFFFFFFFEA
:10979000FFFFFFFF00000080FEFFFFFF000000C092
:1097A000FFFFFFFFFFFFFFFF6526CFBDFEFFFFFFAF
:1097B000000000C0FFFFFFFFFFFFFFFF0000008071
:1097C00005000000A180A6C26A1700006B17000008
:1097D000000000C000000000627CA2436C17000083
:1097E0006D170000000000C0030000000F5C71C393
:1097F0006E1700006F170000000000C0030000009B
:10980000D49AB2C37017000071170000000000C0A6
:109810000500000028E40EC3721700007317000053
:10982000000000C00000000031BE48447417000072
:1098300075170000000000C005000000D8DB2D43B4
:109840007617000077170000000000C0FEFFFFFF42
:10985000000000C0FFFFFFFFFFFFFFFF00000080D0
:10986000FEFFFFFF000000C0FFFFFFFFFFFFFFFF45
:109870000CC909BEFEFFFFFF000000C0FFFFFFFF95
:10988000FFFFFFFF5858A1BD03000000EA84CDC2CE
:109890007817000079170000000000C005000000E4
:1098A0009E794B427A1700007B170000000000C031
:1098B000FEFFFFFF000000C0FFFFFFFFFFFFFFFFF5
:1098C00000000080050000009E792F427C170000F8
:1098D0007D170000000000C0040000000F57E0C129
:1098E0007E1700007F170000000000C0FEFFFFFF92
:1098F000000000C0FFFFFFFFFFFFFFFF1F9B923D27
:10990000FEFFFFFF000000C0FFFFFFFFFFFFFFFFA4
:1099100000000080FEFFFFFF000000C0FFFFFFFF10
:10992000FFFFFFFFBCEFFC3DFEFFFFFF000000C09C
:10993000FFFFFFFFFFFFFFFF00000080FEFFFFFFB4
:10994000000000C0FFFFFFFFFFFFFFFF4EB2A5BCFE
:10995000FEFFFFFF000000C0FFFFFFFFFFFFFFFF54
:109960000DEF0B3DFEFFFFFF000000C0FFFFFFFFFC
:10997000FFFFFFFF00000080FEFFFFFF000000C0B0
:10998000FFFFFFFFFFFFFFFFD7810DBE04000000B8
:10999000C775FDC18117000082170000000000C0DC
:1099A0000500000096B939C2831700008417000033
:1099B000000000C0030000008C1FB74185170000A5
:1099C00086170000000000C002000000171997432E
:1099D0008717000088170000000000C00200000088
:1099E0008C8C1944891700008A170000000000C001
:1099F00005000000179E8E428B1700008C17000098
:109A0000000000C005000000321CE7418D17000077
:109A10008E170000000000C003000000D15149C3B0
:109A20008F17000090170000000000C00400000025
:109A30009CD93EC29117000092170000000000C0A0
:109A400005000000F95628C1931700009417000084
:109A5000000000C005000000E55A6D4295170000A7
:109A600096170000000000C005000000C40CD1C122
:109A70009717000098170000000000C0FEFFFFFFCE
:109A8000000000C0FFFFFFFFFFFFFFFFCDED013E25
:109A90000400000064264242991700009A17000053
:109AA000000000C0050000002A5444439B1700003A
:109AB0009C170000000000C0FEFFFFFF000000C078
:109AC000FFFFFFFFFFFFFFFFCB86E5BDFEFFFFFFB0
:109AD000000000C0FFFFFFFFFFFFFFFF5D36E13D1D
:109AE000FEFFFFFF000000C0FFFFFFFFFFFFFFFFC3
:109AF000101DF0BDFEFFFFFF000000C0FFFFFFFFD5
:109B0000FFFFFFFF00000080FEFFFFFF000000C01E
:109B1000FFFFFFFFFFFFFFFF81C9A6BCFEFFFFFFA6
:109B2000000000C0FFFFFFFFFFFFFFFFBD67C5BDD7
:109B3000FEFFFFFF000000C0FFFFFFFFFFFFFFFF72
:109B40000E4E7BBCFEFFFFFF000000C0FFFFFFFFCB
:109B5000FFFFFFFF4385953DFEFFFFFF000000C0B4
:109B6000FFFFFFFFFFFFFFFF7358E0BCFEFFFFFF9B
:109B7000000000C0FFFFFFFFFFFFFFFFBA2C823C89
:109B8000FEFFFFFF000000C0FFFFFFFFFFFFFFFF22
:109B90004638B13DFEFFFFFF000000C0FFFFFFFFA2
:109BA000FFFFFFFFDB7EA7BDFEFFFFFF000000C041
:109BB000FFFFFFFFFFFFFFFF53D207BEFEFFFFFFC8
:109BC000000000C0FFFFFFFFFFFFFFFFF110293C77
:109BD00001000000788272C39E1700009F170000EA
:109BE000000000C0000000003C074AC3A0170000AE
:109BF000A1170000000000C0000000009E03D4C3B5
:109C0000A2170000A3170000000000C00100000020
:109C10009EE02EC4A4170000A5170000000000C09D
:109C2000040000005FCF0FC2A6170000A7170000B6
:109C3000000000C00400000068868BC2A817000066
:109C4000A9170000000000C004000000C4CC2B4194
:109C5000AA170000AB170000000000C001000000C0
:109C60009E2077C4AC170000AD170000000000C0B4
:109C700004000000878B9FC2AE170000AF170000E2
:109C8000000000C0010000003CC198C3B0170000F4
:109C9000B1170000000000C005000000430179C2B8
:109CA000B2170000B3170000000000C00000000061
:109CB0009E83EEC3B4170000B5170000000000C07B
:109CC000040000006CBDB141B6170000B7170000DA
:109CD000000000C0040000001EAE7CC1B8170000E8
:109CE000B9170000000000C001000000C43ED043CE
:109CF000BA170000BB170000000000C0FEFFFFFF06
:109D0000000000C0FFFFFFFFFFFFFFFFA308C8BD6B
:109D1000FEFFFFFF000000C0FFFFFFFFFFFFFFFF90
:109D200000000080FEFFFFFF000000C0FFFFFFFFFC
:109D3000FFFFFFFF81B4B7BCFEFFFFFF000000C0C4
:109D4000FFFFFFFFFFFFFFFFC9D0B43DFEFFFFFF96
:109D5000000000C0FFFFFFFFFFFFFFFF65CA873D58
:109D6000FEFFFFFF000000C0FFFFFFFFFFFFFFFF40
:109D700000000080FEFFFFFF000000C0FFFFFFFFAC
:109D8000FFFFFFFFDF00C83CFEFFFFFF000000C039
:109D9000FFFFFFFFFFFFFFFF278FACBDFEFFFFFFB1
:109DA000000000C0FFFFFFFFFFFFFFFFEFC5D43D36
:109DB000FEFFFFFF000000C0FFFFFFFFFFFFFFFFF0
:109DC00058F7B9BDFEFFFFFF000000C0FFFFFFFF17
:109DD000FFFFFFFF4A061DBEFEFFFFFF000000C0A1
:109DE000FFFFFFFFFFFFFFFF00000080FEFFFFFF00
:109DF000000000C0FFFFFFFFFFFFFFFF8D78EABC00
:109E0000FEFFFFFF000000C0FFFFFFFFFFFFFFFF9F
:109E100052095C3DFEFFFFFF000000C0FFFFFFFF97
:109E2000FFFFFFFFEB989BBDFEFFFFFF000000C0A0
:109E3000FFFFFFFFFFFFFFFF0000008002000000A8
:109E4000E9E69CC3BD170000BE170000000000C07B
:109E50000300000024D72F43BF170000C0170000E5
:109E6000000000C003000000A7D9A443C1170000F0
:109E7000C2170000000000C005000000BCFE6242E6
:109E8000C3170000C4170000000000C00400000059
:109E9000B7FE9542C5170000C6170000000000C0BD
:109EA00005000000A6E0B242C7170000C817000076
:109EB000000000C00200000046A6AB44C917000025
:109EC000CA170000000000C003000000EE06D7C063
:109ED000CB170000CC170000000000C004000000F9
:109EE0001D65BA42CD170000CE170000000000C06B
:109EF000050000008F5EAA43CF170000D0170000B6
:109F0000000000C004000000C2655843D1170000E3
:109F1000D2170000000000C004000000157E0EC330
:109F2000D3170000D4170000000000C0020000009A
:109F30008C0C7F44D5170000D6170000000000C02D
:109F400005000000D8DB0343D7170000D817000036
:109F5000000000C0050000003EA69543D917000090
:109F6000DA170000000000C0FEFFFFFF000000C085
:109F7000FFFFFFFFFFFFFFFFFE233A3DFEFFFFFF56
:109F8000000000C0FFFFFFFFFFFFFFFF007035BDB7
:109F9000FEFFFFFF000000C0FFFFFFFFFFFFFFFF0E
:109FA000C938943DFEFFFFFF000000C0FFFFFFFF28
:109FB000FFFFFFFFB893F2BDFEFFFFFF000000C0F0
:109FC000FFFFFFFFFFFFFFFFA3900DBEFEFFFFFFA0
:109FD000000000C0FFFFFFFFFFFFFFFF0000008049
:109FE000FEFFFFFF000000C0FFFFFFFFFFFFFFFFBE
:109FF000528C8B3DFEFFFFFF000000C0FFFFFFFF04
:10A00000FFFFFFFFC380F8BDFEFFFFFF000000C0A1
:10A01000FFFFFFFFFFFFFFFFA9BFE4BDFEFFFFFF44
:10A02000000000C0FFFFFFFFFFFFFFFFED0B353C0F
:10A03000FEFFFFFF000000C0FFFFFFFFFFFFFFFF6D
:10A0400041368CBDFEFFFFFF000000C0FFFFFFFF99
:10A05000FFFFFFFF3C7F5A3CFEFFFFFF000000C0F8
:10A06000FFFFFFFFFFFFFFFF00000080FEFFFFFF7D
:10A07000000000C0FFFFFFFFFFFFFFFF06133B3E96
:10A08000FEFFFFFF000000C0FFFFFFFFFFFFFFFF1D
:10A090000F81A4BDFEFFFFFF000000C0FFFFFFFF18
:10A0A000FFFFFFFFFAB62C3D030000002D5347C40D
:10A0B000DC170000DD170000000000C005000000F4
:10A0C000703F1BC4DE170000DF170000000000C057
:10A0D00000000000185FA144E0170000E117000035
:10A0E000000000C0FEFFFFFF000000C0FFFFFFFFF9
:10A0F000FFFFFFFF0000008000000000CF414FC4C1
:10A10000E2170000E3170000000000C0000000009C
:10A11000C4F82743E4170000E5170000000000C062
:10A12000030000004CE679C3E6170000E7170000C3
:10A13000000000C0FEFFFFFF000000C0FFFFFFFFA8
:10A14000FFFFFFFF00000080FEFFFFFF000000C0D8
:10A15000FFFFFFFFFFFFFFFFA053343E030000009F
:10A16000BF5B1DC2E8170000E9170000000000C037
:10A17000040000004C61D7C1EA170000EB17000093
:10A18000000000C0FEFFFFFF000000C0FFFFFFFF58
:10A19000FFFFFFFF78ABB7BA050000002A54444325
:10A1A000EC170000ED170000000000C0FEFFFFFFED
:10A1B000000000C0FFFFFFFFFFFFFFFF132811BDDE
:10A1C000FEFFFFFF000000C0FFFFFFFFFFFFFFFFDC
:10A1D0006436953CFEFFFFFF000000C0FFFFFFFF5D
:10A1E000FFFFFFFFD97E4C3CFEFFFFFF000000C0D9
:10A1F000FFFFFFFFFFFFFFFF9A388ABDFEFFFFFF53
:10A20000000000C0FFFFFFFFFFFFFFFF23E5F63D5B
:10A21000FEFFFFFF000000C0FFFFFFFFFFFFFFFF8B
:10A220000000008004000000867388C3EF17000060
:10A23000F0170000000000C003000000469484C234
:10A24000F1170000F2170000000000C00400000039
:10A25000C2655843F3170000F4170000000000C067
:10A260000500000063383641F5170000F6170000BE
:10A27000000000C0050000007D04E442F717000064
:10A28000F8170000000000C001000000F0049DC2AB
:10A29000F9170000FA170000000000C001000000DC
:10A2A0009E2029C4FB170000FC170000000000C01E
:10A2B000FEFFFFFF000000C0FFFFFFFFFFFFFFFFEB
:10A2C00000000080040000003E128DC3FD17000056
:10A2D000FE170000000000C0030000000D00B643A0
:10A2E000FF17000000180000000000C0FEFFFFFF85
:10A2F000000000C0FFFFFFFFFFFFFFFF0000008026
:10A3000003000000D06F8BC101180000021800008C
:10A31000000000C0030000000D00B6430318000059
:10A3200004180000000000C005000000A454ECC3A5
:10A330000518000006180000000000C0030000001F
:10A3400050EB9DC20718000008180000000000C074
:10A35000FEFFFFFF000000C0FFFFFFFFFFFFFFFF4A
:10A360001074F8BDFEFFFFFF000000C0FFFFFFFFFD
:10A37000FFFFFFFF00000080FEFFFFFF000000C0A6
:10A38000FFFFFFFFFFFFFFFF6728083EFEFFFFFF05
:10A39000000000C0FFFFFFFFFFFFFFFF0000008085
:10A3A000FEFFFFFF000000C0FFFFFFFFFFFFFFFFFA
:10A3B00053439D3BFEFFFFFF000000C0FFFFFFFF78
:10A3C000FFFFFFFF4505B7BDFEFFFFFF000000C018
:10A3D000FFFFFFFFFFFFFFFF33B1623BFEFFFFFF09
:10A3E000000000C0FFFFFFFFFFFFFFFFEAF79DBD7A
:10A3F000FEFFFFFF000000C0FFFFFFFFFFFFFFFFAA
:10A40000ECAE193CFEFFFFFF000000C0FFFFFFFFA6
:10A41000FFFFFFFFF3BD2FBDFEFFFFFF000000C0E9
:10A42000FFFFFFFFFFFFFFFF25D39BBCFEFFFFFFEA
:10A43000000000C0FFFFFFFFFFFFFFFFE7F3953DB8
:10A44000000000003C075FC30A1800000B18000062
:10A45000000000C0020000002E3229430C1800004A
:10A460000D180000000000C0020000001799AB4367
:10A470000E1800000F180000000000C005000000CA
:10A480009232BF421018000011180000000000C0F6
:10A49000000000003C077FC31218000013180000E2
:10A4A000000000C005000000A6E09D421418000056
:10A4B00015180000000000C00200000046E6D54468
:10A4C0001618000017180000000000C0FEFFFFFF74
:10A4D000000000C0FFFFFFFFFFFFFFFF00A6E9BC79
:10A4E000000000009E83AFC3181800001918000078
:10A4F000000000C0FEFFFFFF000000C0FFFFFFFFE5
:10A50000FFFFFFFFB32CEEBDFEFFFFFF000000C00A
:10A51000FFFFFFFFFFFFFFFF0000008003000000C0
:10A520004694E6C21A1800001B180000000000C084
:10A5300005000000171EFB421C1800001D1800003B
:10A54000000000C0020000008C0C7F441E180000B8
:10A550001F180000000000C0050000007C4C0A43EA
:10A560002018000021180000000000C0FEFFFFFFBF
:10A57000000000C0FFFFFFFFFFFFFFFFDDBC2B3E21
:10A58000FEFFFFFF000000C0FFFFFFFFFFFFFFFF18
:10A5900000000080FEFFFFFF000000C0FFFFFFFF84
:10A5A000FFFFFFFF00000080FEFFFFFF000000C074
:10A5B000FFFFFFFFFFFFFFFFA447B7BDFEFFFFFF49
:10A5C000000000C0FFFFFFFFFFFFFFFF81B5AC3DB4
:10A5D000FEFFFFFF000000C0FFFFFFFFFFFFFFFFC8
:10A5E0006D8DF6BCFEFFFFFF000000C0FFFFFFFF08
:10A5F000FFFFFFFFB19E4D3CFEFFFFFF000000C0CC
:10A60000FFFFFFFFFFFFFFFFEB89A23DFEFFFFFF04
:10A61000000000C0FFFFFFFFFFFFFFFF10676DBEE0
:10A62000FEFFFFFF000000C0FFFFFFFFFFFFFFFF77
:10A630000EFF263C04000000292C33C32318000021
:10A6400024180000000000C0FEFFFFFF000000C053
:10A65000FFFFFFFFFFFFFFFF412B00BE05000000D3
:10A660003DAE9FC32518000026180000000000C062
:10A67000FEFFFFFF000000C0FFFFFFFFFFFFFFFF27
:10A680001F4CF8BD05000000F57013C3271800002B
:10A6900028180000000000C004000000471111430A
:10A6A000291800002A180000000000C00400000063
:10A6B0001DE5F5422B1800002C180000000000C01A
:10A6C000FEFFFFFF000000C0FFFFFFFFFFFFFFFFD7
:10A6D00075FAC83DFEFFFFFF000000C0FFFFFFFF4F
:10A6E000FFFFFFFFADFF04BEFEFFFFFF000000C045
:10A6F000FFFFFFFFFFFFFFFF082EDBBBFEFFFFFF9B
:10A70000000000C0FFFFFFFFFFFFFFFFE179EE3D0C
:10A710000200000046A688442E1800002F180000F2
:10A72000000000C002000000E9E6A9C330180000E4
:10A7300031180000000000C0FEFFFFFF000000C055
:10A74000FFFFFFFFFFFFFFFFFD4028BE00000000EE
:10A75000E86092C43218000033180000000000C006
:10A760000500000054A8E742341800003518000026
:10A77000000000C0FEFFFFFF000000C0FFFFFFFF62
:10A78000FFFFFFFF00000080FEFFFFFF000000C092
:10A79000FFFFFFFFFFFFFFFF184DF0BD02000000AD
:10A7A0001719FA433618000037180000000000C0DF
:10A7B000FEFFFFFF000000C0FFFFFFFFFFFFFFFFE6
:10A7C00069F7E1BDFEFFFFFF000000C0FFFFFFFFD4
:10A7D000FFFFFFFF837FE73CFEFFFFFF000000C09D
:10A7E000FFFFFFFFFFFFFFFFB4496CBC0300000049
:10A7F000383824C3391800003A180000000000C09F
:10A8000005000000004C413E3B1800003C180000D1
:10A81000000000C00500000033B7C9C33D180000A8
:10A820003E180000000000C00000000062FCAD43C4
:10A830003F18000040180000000000C0FEFFFFFFAE
:10A84000000000C0FFFFFFFFFFFFFFFF68A605BE7F
:10A85000FEFFFFFF000000C0FFFFFFFFFFFFFFFF45
:10A86000B93740BE04000000F408B04241180000AF
:10A8700042180000000000C0050000007ADC52C34E
:10A880004318000044180000000000C0050000004C
:10A890008FB40CC44518000046180000000000C02A
:10A8A0000500000006F72DC24718000048180000F8
:10A8B000000000C00500000096B939C24918000028
:10A8C0004A180000000000C0FEFFFFFF000000C0AB
:10A8D000FFFFFFFFFFFFFFFF00000080FEFFFFFF05
:10A8E000000000C0FFFFFFFFFFFFFFFFEFAC0B3ECC
:10A8F000FEFFFFFF000000C0FFFFFFFFFFFFFFFFA5
:10A900001668D43CFEFFFFFF000000C0FFFFFFFF02
:10A91000FFFFFFFFAC15C6BDFEFFFFFF000000C03C
:10A92000FFFFFFFFFFFFFFFF6B1BD4BDFEFFFFFF1D
:10A93000000000C0FFFFFFFFFFFFFFFF84E3B9B986
:10A94000FEFFFFFF000000C0FFFFFFFFFFFFFFFF54
:10A9500033889D3DFEFFFFFF000000C0FFFFFFFFAB
:10A96000FFFFFFFFD1CFC1BB030000007466BE43F1
:10A970004C1800004D180000000000C0030000004B
:10A980006E9AAD414E1800004F180000000000C044
:10A99000040000001DE5F5425018000051180000A9
:10A9A000000000C004000000610FF5C15218000053
:10A9B00053180000000000C00400000015FE18C37A
:10A9C0005418000055180000000000C0FEFFFFFFF3
:10A9D000000000C0FFFFFFFFFFFFFFFFAF43E03DB0
:10A9E00001000000D8B74145561800005718000074
:10A9F000000000C000000000C4F8324358180000F6
:10AA000059180000000000C003000000B25E04C43A
:10AA10005A1800005B180000000000C00000000091
:10AA20003C0733C35C1800005D180000000000C044
:10AA300001000000887D18435E1800005F180000C8
:10AA4000000000C000000000749010C560180000F5
:10AA500061180000000000C0FEFFFFFF000000C002
:10AA6000FFFFFFFFFFFFFFFF5C1A18BEFEFFFFFFA7
:10AA7000000000C0FFFFFFFFFFFFFFFF8B57A1BBE0
:10AA8000FEFFFFFF000000C0FFFFFFFFFFFFFFFF13
:10AA9000AB86F03DFEFFFFFF000000C0FFFFFFFFA1
:10AAA000FFFFFFFF3C1D313DFEFFFFFF000000C028
:10AAB000FFFFFFFFFFFFFFFFCCABD5BCFEFFFFFF9B
:10AAC000000000C0FFFFFFFFFFFFFFFF624E8F3C53
:10AAD000FEFFFFFF000000C0FFFFFFFFFFFFFFFFC3
:10AAE000CB65BEBDFEFFFFFF000000C0FFFFFFFF04
:10AAF000FFFFFFFF1AC7473CFEFFFFFF000000C03B
:10AB0000FFFFFFFFFFFFFFFFD28A56BDFEFFFFFFE3
:10AB1000000000C0FFFFFFFFFFFFFFFF71C1FE3D10
:10AB2000FEFFFFFF000000C0FFFFFFFFFFFFFFFF72
:10AB3000CCD2B0BC000000009E0391C3631800009B
:10AB400064180000000000C001000000D8B76E4586
:10AB50006518000066180000000000C00500000035
:10AB6000E82310416718000068180000000000C0CA
:10AB700005000000B6079741691800006A18000038
:10AB8000000000C002000000E966D6C36B18000098
:10AB90006C180000000000C005000000C2D9D9C335
:10ABA0006D1800006E180000000000C002000000D8
:10ABB000E9E6E5C36F18000070180000000000C04F
:10ABC000020000008CCC6C44711800007218000068
:10ABD000000000C0000000009E03C0C37318000006
:10ABE00074180000000000C0FEFFFFFF000000C05E
:10ABF000FFFFFFFFFFFFFFFFA7A3563EFEFFFFFF84
:10AC0000000000C0FFFFFFFFFFFFFFFF000000800C
:10AC10000500000085AD2CC47518000076180000F2
:10AC2000000000C002000000BA39F8C47718000024
:10AC300078180000000000C0050000007C0C5243A2
:10AC4000791800007A180000000000C00000000021
:10AC500088F181427B1800007C180000000000C0D1
:10AC6000FEFFFFFF000000C0FFFFFFFFFFFFFFFF31
:10AC7000CFCD04BDFEFFFFFF000000C0FFFFFFFFC0
:10AC8000FFFFFFFFA9E7263EFEFFFFFF000000C019
:10AC9000FFFFFFFFFFFFFFFFCE47D9BDFEFFFFFF16
:10ACA000000000C0FFFFFFFFFFFFFFFF000000806C
:10ACB000FEFFFFFF000000C0FFFFFFFFFFFFFFFFE1
:10ACC00000000080FEFFFFFF000000C0FFFFFFFF4D
:10ACD000FFFFFFFFEF03863DFEFFFFFF000000C008
:10ACE000FFFFFFFFFFFFFFFF90A1D23DFEFFFFFF31
:10ACF000000000C0FFFFFFFFFFFFFFFF2E2003BD8E
:10AD0000FEFFFFFF000000C0FFFFFFFFFFFFFFFF90
:10AD10000DC45FBCFEFFFFFF000000C0FFFFFFFF90
:10AD2000FFFFFFFF2CCDB33DFEFFFFFF000000C083
:10AD3000FFFFFFFFFFFFFFFF00000080FEFFFFFFA0
:10AD4000000000C0FFFFFFFFFFFFFFFFFFA1683D06
:10AD5000000000009E83DAC37E1800007F18000008
:10AD6000000000C0050000009BD13D43801800009A
:10AD700081180000000000C0040000003553D4C258
:10AD80008218000083180000000000C0FEFFFFFFD3
:10AD9000000000C0FFFFFFFFFFFFFFFFA117F3BD93
:10ADA000FEFFFFFF000000C0FFFFFFFFFFFFFFFFF0
:10ADB000000000800300000074C6C943841800002E
:10ADC00085180000000000C005000000E55A12428E
:10ADD0008618000087180000000000C0FEFFFFFF7B
:10ADE000000000C0FFFFFFFFFFFFFFFF1DE0EFBD02
:10ADF000FEFFFFFF000000C0FFFFFFFFFFFFFFFFA0
:10AE0000000000800300000082513BC2881800004F
:10AE100089180000000000C0050000009B112043BD
:10AE20008A1800008B180000000000C0FEFFFFFF22
:10AE3000000000C0FFFFFFFFFFFFFFFFA7037B3CF9
:10AE4000FEFFFFFF000000C0FFFFFFFFFFFFFFFF4F
:10AE50009CDB0FBDFEFFFFFF000000C0FFFFFFFFF8
:10AE6000FFFFFFFF57152C3DFEFFFFFF000000C056
:10AE7000FFFFFFFFFFFFFFFFF49801BD020000008E
:10AE8000464686448D1800008E180000000000C061
:10AE9000010000009E603AC48F1800009018000066
:10AEA000000000C001000000C4BED943911800009A
:10AEB00092180000000000C005000000A180A6C29A
:10AEC0009318000094180000000000C00300000068
:10AED0006499C9C29518000096180000000000C0CF
:10AEE0000500000086A36243971800009818000030
:10AEF000000000C0FEFFFFFF000000C0FFFFFFFFDB
:10AF0000FFFFFFFF00000080FEFFFFFF000000C00A
:10AF1000FFFFFFFFFFFFFFFF396FB9BD0300000018
:10AF2000825126C2991800009A180000000000C043
:10AF3000050000007A1C3CC39B1800009C18000010
:10AF4000000000C00500000096B939C29D1800003D
:10AF50009E180000000000C0FEFFFFFF000000C0C0
:10AF6000FFFFFFFFFFFFFFFFD5E8F1BDFEFFFFFF83
:10AF7000000000C0FFFFFFFFFFFFFFFF0000008099
:10AF8000FEFFFFFF000000C0FFFFFFFFFFFFFFFF0E
:10AF90005208EE3DFEFFFFFF000000C0FFFFFFFF75
:10AFA000FFFFFFFF00000080FEFFFFFF000000C06A
:10AFB000FFFFFFFFFFFFFFFFEBB5BF3DFEFFFFFF02
:10AFC000000000C0FFFFFFFFFFFFFFFFAD4B8DBD87
:10AFD000FEFFFFFF000000C0FFFFFFFFFFFFFFFFBE
:10AFE000D63B403DFEFFFFFF000000C0FFFFFFFF1C
:10AFF000FFFFFFFFD33232BC02000000E9E6BBC313
:10B00000A0180000A1180000000000C0FEFFFFFF14
:10B01000000000C0FFFFFFFFFFFFFFFF8310E4BD44
:10B020000400000070664BC1A2180000A3180000C5
:10B03000000000C00200000017199F43A418000080
:10B04000A5180000000000C002000000E02213412B
:10B05000A6180000A7180000000000C004000000AF
:10B060005FCF39C2A8180000A9180000000000C076
:10B07000000000003C0721C3AA180000AB18000024
:10B08000000000C00400000088475D40AC180000CC
:10B09000AD180000000000C0050000000EB70E4211
:10B0A000AE180000AF180000000000C0FEFFFFFF58
:10B0B000000000C0FFFFFFFFFFFFFFFF1B3E303D12
:10B0C000FEFFFFFF000000C0FFFFFFFFFFFFFFFFCD
:10B0D000271180BCFEFFFFFF000000C0FFFFFFFF45
:10B0E000FFFFFFFF76D4ACBDFEFFFFFF000000C0F6
:10B0F000FFFFFFFFFFFFFFFFFC65133BFEFFFFFFAE
:10B10000000000C0FFFFFFFFFFFFFFFF0000008007
:10B11000FEFFFFFF000000C0FFFFFFFFFFFFFFFF7C
:10B12000440918BEFEFFFFFF000000C0FFFFFFFF45
:10B13000FFFFFFFFE4D53A3DFEFFFFFF000000C028
:10B14000FFFFFFFFFFFFFFFFE40F8BBC00000000CD
:10B150009E83A2C3B1180000B2180000000000C016
:10B1600004000000C4CC2B41B3180000B418000048
:10B17000000000C0050000006A464742B518000004
:10B18000B6180000000000C0050000009232BF4267
:10B19000B7180000B8180000000000C0050000004B
:10B1A00002F08542B9180000BA180000000000C083
:10B1B00003000000504E2140BB180000BC180000E6
:10B1C000000000C003000000222892C1BD1800004A
:10B1D000BE180000000000C005000000773453C214
:10B1E000BF180000C0180000000000C005000000EB
:10B1F00054A8E742C1180000C2180000000000C0B7
:10B2000003000000BEB04143C3180000C418000092
:10B21000000000C00400000047111143C5180000E1
:10B22000C6180000000000C0040000003BCA144221
:10B23000C7180000C8180000000000C0050000008A
:10B240006476F5C2C9180000CA180000000000C0EA
:10B2500004000000E1CCEEC0CB180000CC180000C8
:10B26000000000C004000000610FF5C1CD1800000F
:10B27000CE180000000000C0FEFFFFFF000000C06D
:10B28000FFFFFFFFFFFFFFFF158680BCFEFFFFFFF4
:10B29000000000C0FFFFFFFFFFFFFFFF2545D13D7E
:10B2A000FEFFFFFF000000C0FFFFFFFFFFFFFFFFEB
:10B2B000929234BEFEFFFFFF000000C0FFFFFFFFC1
:10B2C000FFFFFFFF00000080FEFFFFFF000000C047
:10B2D000FFFFFFFFFFFFFFFF2EB9C5BBFEFFFFFF14
:10B2E000000000C0FFFFFFFFFFFFFFFFFFD8F1BD21
:10B2F000FEFFFFFF000000C0FFFFFFFFFFFFFFFF9B
:10B30000A4ED973DFEFFFFFF000000C0FFFFFFFF21
:10B31000FFFFFFFF212351BDFEFFFFFF000000C024
:10B32000FFFFFFFFFFFFFFFFAA85CDBCFEFFFFFF72
:10B33000000000C0FFFFFFFFFFFFFFFFC202AD3CA8
:10B34000FEFFFFFF000000C0FFFFFFFFFFFFFFFF4A
:10B350003C4B883CFEFFFFFF000000C0FFFFFFFFEB
:10B36000FFFFFFFF8830D3BDFEFFFFFF000000C0DE
:10B37000FFFFFFFFFFFFFFFF760D1ABEFEFFFFFF7F
:10B38000000000C0FFFFFFFFFFFFFFFF0000008085
:10B39000FEFFFFFF000000C0FFFFFFFFFFFFFFFFFA
:10B3A00014BF113DFEFFFFFF000000C0FFFFFFFFC5
:10B3B000FFFFFFFF2CB585BC02000000E9E6FDC3DE
:10B3C000D0180000D1180000000000C000000000EC
:10B3D000317E0544D2180000D3180000000000C0E0
:10B3E00000000000313E0E44D4180000D5180000C3
:10B3F000000000C001000000621F0444D6180000D5
:10B40000D7180000000000C001000000B16FDD444B
:10B41000D8180000D9180000000000C0010000008A
:10B42000B1EFEF44DA180000DB180000000000C0A4
:10B430000400000001A0DAC2DC180000DD180000E2
:10B44000000000C0040000001426AA43DE1800001B
:10B45000DF180000000000C000000000CF414FC412
:10B46000E0180000E1180000000000C0010000002A
:10B470004F10A5C4E2180000E3180000000000C04F
:10B48000FEFFFFFF000000C0FFFFFFFFFFFFFFFF09
:10B49000F810C23C020000004686C644E4180000D2
:10B4A000E5180000000000C0040000003BCA144280
:10B4B000E6180000E7180000000000C004000000CB
:10B4C000F610ABC3E8180000E9180000000000C047
:10B4D00000000000185FA144EA180000EB1800000B
:10B4E000000000C0FEFFFFFF000000C0FFFFFFFFE5
:10B4F000FFFFFFFFB9BC903DFEFFFFFF000000C053
:10B50000FFFFFFFFFFFFFFFFBDC39EBBFEFFFFFF6F
:10B51000000000C0FFFFFFFFFFFFFFFF00000080F3
:10B52000FEFFFFFF000000C0FFFFFFFFFFFFFFFF68
:10B53000169D00BEFEFFFFFF000000C0FFFFFFFFE3
:10B54000FFFFFFFF00000080FEFFFFFF000000C0C4
:10B55000FFFFFFFFFFFFFFFFDD7BCEBDFEFFFFFF15
:10B56000000000C0FFFFFFFFFFFFFFFF7C4338BD6F
:10B57000FEFFFFFF000000C0FFFFFFFFFFFFFFFF18
:10B580002B51013DFEFFFFFF000000C0FFFFFFFF4A
:10B59000FFFFFFFF6061563EFEFFFFFF000000C09F
:10B5A000FFFFFFFFFFFFFFFF00000080FEFFFFFF28
:10B5B000000000C0FFFFFFFFFFFFFFFF0000008053
:10B5C000FEFFFFFF000000C0FFFFFFFFFFFFFFFFC8
:10B5D00089EE223EFEFFFFFF000000C0FFFFFFFFDD
:10B5E000FFFFFFFFC18875BCFEFFFFFF000000C02A
:10B5F000FFFFFFFFFFFFFFFF80E5963D010000001A
:10B60000887D6043ED180000EE180000000000C0C7
:10B6100004000000B96E7AC3EF180000F0180000B3
:10B62000000000C000000000C4F84B43F118000007
:10B63000F2180000000000C0000000003C074FC3EB
:10B64000F3180000F4180000000000C0040000001F
:10B65000EAB1CE42F5180000F6180000000000C064
:10B6600001000000C43E8343F7180000F8180000F2
:10B67000000000C000000000185FA144F91800009D
:10B68000FA180000000000C0FEFFFFFF000000C02D
:10B69000FFFFFFFFFFFFFFFF000000800000000032
:10B6A00062FC8943FB180000FC180000000000C089
:10B6B00000000000627CB643FD180000FE18000088
:10B6C000000000C000000000E860C4C4FF180000D3
:10B6D00000190000000000C00400000068868BC252
:10B6E0000119000002190000000000C00500000060
:10B6F0003DAE9FC30319000004190000000000C004
:10B7000004000000ED71CEC205190000061900000A
:10B71000000000C004000000F610ABC307190000D1
:10B7200008190000000000C0FEFFFFFF000000C07D
:10B73000FFFFFFFFFFFFFFFFEE18F83DFEFFFFFFDB
:10B74000000000C0FFFFFFFFFFFFFFFF6426A0BC5B
:10B75000FEFFFFFF000000C0FFFFFFFFFFFFFFFF36
:10B7600000000080FEFFFFFF000000C0FFFFFFFFA2
:10B77000FFFFFFFF1B069DBDFEFFFFFF000000C097
:10B78000FFFFFFFFFFFFFFFF71E3BABDFEFFFFFFFB
:10B79000000000C0FFFFFFFFFFFFFFFF51DD203D66
:10B7A000FEFFFFFF000000C0FFFFFFFFFFFFFFFFE6
:10B7B00000000080FEFFFFFF000000C0FFFFFFFF52
:10B7C000FFFFFFFF92EB143EFEFFFFFF000000C0F3
:10B7D000FFFFFFFFFFFFFFFFC46CBD3DFEFFFFFF4C
:10B7E000000000C0FFFFFFFFFFFFFFFFC0820ABD98
:10B7F000FEFFFFFF000000C0FFFFFFFFFFFFFFFF96
:10B8000000000080FEFFFFFF000000C0FFFFFFFF01
:10B81000FFFFFFFFAA8DBD3DFEFFFFFF000000C040
:10B82000FFFFFFFFFFFFFFFF00000080FEFFFFFFA5
:10B83000000000C0FFFFFFFFFFFFFFFFA144E5BDC9
:10B84000020000008C0C12440A1900000B190000C1
:10B85000000000C001000000621F1D440C19000020
:10B860000D190000000000C004000000F408B04200
:10B870000E1900000F190000000000C004000000B5
:10B8800045A123421019000011190000000000C05A
:10B8900004000000288530C11219000013190000AF
:10B8A000000000C0000000009E0391C314190000B6
:10B8B00015190000000000C0020000008C0C30448C
:10B8C0001619000017190000000000C00100000058
:10B8D000C43E86431819000019190000000000C07A
:10B8E00001000000887D1E431A1900001B1900008A
:10B8F000000000C0040000003F2A81C21C190000A3
:10B900001D190000000000C002000000B8C8444239
:10B910001E1900001F190000000000C004000000F4
:10B92000A49956C12019000021190000000000C090
:10B930000200000023B3084522190000231900006B
:10B94000000000C0FEFFFFFF000000C0FFFFFFFF80
:10B95000FFFFFFFF00000080FEFFFFFF000000C0B0
:10B96000FFFFFFFFFFFFFFFFEE8C25BEFEFFFFFF87
:10B97000000000C0FFFFFFFFFFFFFFFF361EB4BD4A
:10B98000FEFFFFFF000000C0FFFFFFFFFFFFFFFF04
:10B99000709A59BBFEFFFFFF000000C0FFFFFFFFD2
:10B9A000FFFFFFFF72BF9A3DFEFFFFFF000000C0D8
:10B9B000FFFFFFFFFFFFFFFFE4768BBDFEFFFFFFF2
:10B9C000000000C0FFFFFFFFFFFFFFFF24A988BDAD
:10B9D000FEFFFFFF000000C0FFFFFFFFFFFFFFFFB4
:10B9E000DA5EC83DFEFFFFFF000000C0FFFFFFFF63
:10B9F000FFFFFFFF1A081C3DFEFFFFFF000000C015
:10BA0000FFFFFFFFFFFFFFFF164681BDFEFFFFFFA9
:10BA1000000000C0FFFFFFFFFFFFFFFF00000080EE
:10BA2000FEFFFFFF000000C0FFFFFFFFFFFFFFFF63
:10BA30001356EEBDFEFFFFFF000000C0FFFFFFFF3B
:10BA4000FFFFFFFFE6B4413DFEFFFFFF000000C027
:10BA5000FFFFFFFFFFFFFFFF35BDE7BD0300000055
:10BA6000E4A396432519000026190000000000C039
:10BA70000500000086A36243271900002819000072
:10BA8000000000C002000000A49BF9C229190000B8
:10BA90002A190000000000C0030000007EA5084134
:10BAA0002B1900002C190000000000C0020000004B
:10BAB00074F32BC42D1900002E190000000000C0E3
:10BAC00001000000625F56442F1900003019000089
:10BAD000000000C0FEFFFFFF000000C0FFFFFFFFEF
:10BAE000FFFFFFFF7656F9BD050000006B462B42B5
:10BAF0003119000032190000000000C005000000EC
:10BB0000B607CF413319000034190000000000C00F
:10BB1000FEFFFFFF000000C0FFFFFFFFFFFFFFFF72
:10BB200000000080FEFFFFFF000000C0FFFFFFFFDE
:10BB3000FFFFFFFFFBCAFE3D030000003AF3034492
:10BB40003519000036190000000000C0FEFFFFFF9D
:10BB5000000000C0FFFFFFFFFFFFFFFFE46A91BD91
:10BB6000FEFFFFFF000000C0FFFFFFFFFFFFFFFF22
:10BB700078FB50BCFEFFFFFF000000C0FFFFFFFF8F
:10BB8000FFFFFFFF98D4933DFEFFFFFF000000C0C2
:10BB9000FFFFFFFFFFFFFFFF916E183DFEFFFFFF5E
:10BBA000000000C0FFFFFFFFFFFFFFFF090FCABD3E
:10BBB000FEFFFFFF000000C0FFFFFFFFFFFFFFFFD2
:10BBC000F54C0F3EFEFFFFFF000000C0FFFFFFFF30
:10BBD000FFFFFFFF00000080010000003C4181C327
:10BBE0003819000039190000000000C000000000F2
:10BBF0003C077FC33A1900003B190000000000C059
:10BC000003000000F9CBC6C13C1900003D1900003B
:10BC1000000000C003000000469484C23E190000EA
:10BC20003F190000000000C0030000004B84E9C180
:10BC30004019000041190000000000C0040000008D
:10BC4000642642424219000043190000000000C06F
:10BC5000040000003E5A15C34419000045190000B5
:10BC6000000000C004000000528F0D414619000082
:10BC700047190000000000C004000000878B9FC22D
:10BC80004819000049190000000000C00100000030
:10BC90009E2029C44A1900004B190000000000C072
:10BCA000000000003C0710C34C1900004D190000B3
:10BCB000000000C0000000003C0710C34E19000047
:10BCC0004F190000000000C0030000005AC2D6C295
:10BCD0005019000051190000000000C003000000CE
:10BCE000FC6E35C15219000053190000000000C05D
:10BCF00004000000C0B5734254190000551900003B
:10BD0000000000C0FEFFFFFF000000C0FFFFFFFFBC
:10BD1000FFFFFFFFE5A98ABDFEFFFFFF000000C097
:10BD2000FFFFFFFFFFFFFFFFF1060E3DFEFFFFFFDE
:10BD3000000000C0FFFFFFFFFFFFFFFFB5332DBA7C
:10BD4000FEFFFFFF000000C0FFFFFFFFFFFFFFFF40
:10BD50009DC7F43DFEFFFFFF000000C0FFFFFFFF97
:10BD6000FFFFFFFFFF2AAFBDFEFFFFFF000000C087
:10BD7000FFFFFFFFFFFFFFFFECC2833DFEFFFFFF62
:10BD8000000000C0FFFFFFFFFFFFFFFF000000807B
:10BD9000FEFFFFFF000000C0FFFFFFFFFFFFFFFFF0
:10BDA0003848C5BDFEFFFFFF000000C0FFFFFFFFDA
:10BDB000FFFFFFFFC863DFBDFEFFFFFF000000C005
:10BDC000FFFFFFFFFFFFFFFF8A1C27BBFEFFFFFFF8
:10BDD000000000C0FFFFFFFFFFFFFFFF6AE2203E01
:10BDE000FEFFFFFF000000C0FFFFFFFFFFFFFFFFA0
:10BDF00000000080FEFFFFFF000000C0FFFFFFFF0C
:10BE0000FFFFFFFF00000080FEFFFFFF000000C0FB
:10BE1000FFFFFFFFFFFFFFFF4A63F8BDFEFFFFFFCD
:10BE2000000000C0FFFFFFFFFFFFFFFFABCD413C65
:10BE3000FEFFFFFF000000C0FFFFFFFFFFFFFFFF4F
:10BE40005405F3BD01000000788232C35719000089
:10BE500058190000000000C000000000E8C0B2C493
:10BE6000591900005A190000000000C0010000002C
:10BE7000887D29435B1900005C190000000000C0A8
:10BE8000010000004F10E9C45D1900005E190000B8
:10BE9000000000C005000000A180BBC25F190000C7
:10BEA00060190000000000C000000000627CF74341
:10BEB0006119000062190000000000C000000000CD
:10BEC000627CBE436319000064190000000000C0DA
:10BED00000000000E860C4C4651900006619000095
:10BEE000000000C000000000E880F0C467190000F6
:10BEF00068190000000000C00100000028380AC5D1
:10BF0000691900006A190000000000C0000000006C
:10BF10009E83EEC36B1900006C190000000000C086
:10BF200003000000504E21406D1900006E19000002
:10BF3000000000C003000000069224436F190000B7
:10BF400070190000000000C000000000E86092C40A
:10BF50007119000072190000000000C00500000007
:10BF600092B291427319000074190000000000C0E1
:10BF7000FEFFFFFF000000C0FFFFFFFFFFFFFFFF0E
:10BF800049ECF83DFEFFFFFF000000C0FFFFFFFF90
:10BF9000FFFFFFFF00000080FEFFFFFF000000C06A
:10BFA000FFFFFFFFFFFFFFFFACC46ABDFEFFFFFF07
:10BFB000000000C0FFFFFFFFFFFFFFFF0F59F13C34
:10BFC000FEFFFFFF000000C0FFFFFFFFFFFFFFFFBE
:10BFD000D8E536BDFEFFFFFF000000C0FFFFFFFFFA
:10BFE000FFFFFFFF8F34123DFEFFFFFF000000C088
:10BFF000FFFFFFFFFFFFFFFF00000080FEFFFFFFCE
:10C00000000000C0FFFFFFFFFFFFFFFFF5666CBDF4
:10C01000FEFFFFFF000000C0FFFFFFFFFFFFFFFF6D
:10C02000B87FEEBCFEFFFFFF000000C0FFFFFFFF78
:10C03000FFFFFFFFF753D53CFEFFFFFF000000C0EE
:10C04000FFFFFFFFFFFFFFFF5284D53DFEFFFFFF15
:10C05000000000C0FFFFFFFFFFFFFFFF15A13EBE76
:10C06000FEFFFFFF000000C0FFFFFFFFFFFFFFFF1D
:10C070009268A5BDFEFFFFFF000000C0FFFFFFFFAD
:10C08000FFFFFFFF33A0A43CFEFFFFFF000000C046
:10C09000FFFFFFFFFFFFFFFFB13BB4BDFEFFFFFF50
:10C0A000000000C0FFFFFFFFFFFFFFFF0000008058
:10C0B000020000001799AE437619000077190000BE
:10C0C000000000C001000000625F0A44781900000F
:10C0D00079190000000000C005000000123EB3C244
:10C0E0007A1900007B190000000000C00000000069
:10C0F000C4F877437C1900007D190000000000C0DF
:10C1000000000000185FA1447E1900007F190000A4
:10C11000000000C0020000008C4C7A44801900002E
:10C1200081190000000000C00000000018FF8444D6
:10C130008219000083190000000000C00200000006
:10C14000743306C48419000085190000000000C083
:10C1500002000000E96695C38619000087190000F7
:10C16000000000C0020000005C64F8428819000072
:10C1700089190000000000C002000000747351C45F
:10C180008A1900008B190000000000C0FEFFFFFFAD
:10C19000000000C0FFFFFFFFFFFFFFFFB46222BDF2
:10C1A00005000000F51A00C48C1900008D1900006C
:10C1B000000000C001000000B16FDD448E190000D6
:10C1C0008F190000000000C0FEFFFFFF000000C04C
:10C1D000FFFFFFFFFFFFFFFF00000080FEFFFFFFEC
:10C1E000000000C0FFFFFFFFFFFFFFFFB46D4F3DEA
:10C1F000FEFFFFFF000000C0FFFFFFFFFFFFFFFF8C
:10C20000373BFBBAFEFFFFFF000000C0FFFFFFFF50
:10C21000FFFFFFFFC7F004BDFEFFFFFF000000C0EF
:10C22000FFFFFFFFFFFFFFFF99917F3DFEFFFFFF35
:10C23000000000C0FFFFFFFFFFFFFFFF10D777BD2B
:10C24000FEFFFFFF000000C0FFFFFFFFFFFFFFFF3B
:10C25000D07EA03AFEFFFFFF000000C0FFFFFFFFFF
:10C26000FFFFFFFF00000080FEFFFFFF000000C097
:10C27000FFFFFFFFFFFFFFFFB1A7003EFEFFFFFF35
:10C28000000000C0FFFFFFFFFFFFFFFFFF8859BB5B
:10C29000FEFFFFFF000000C0FFFFFFFFFFFFFFFFEB
:10C2A0001F66073EFEFFFFFF000000C0FFFFFFFF0D
:10C2B000FFFFFFFF97D9D9BDFEFFFFFF000000C0C1
:10C2C000FFFFFFFFFFFFFFFF0000008002000000F4
:10C2D000DDEC36C59119000092190000000000C085
:10C2E00000000000E88084C4931900009419000045
:10C2F000000000C00300000076CF34439519000011
:10C3000096190000000000C0010000009E6006C4F5
:10C310009719000098190000000000C003000000F9
:10C3200054858742991900009A190000000000C046
:10C33000020000001719F2439B1900009C1900002D
:10C34000000000C001000000D8B741459D19000061
:10C350009E190000000000C0FEFFFFFF000000C0AB
:10C36000FFFFFFFFFFFFFFFFF143D2BD0100000011
:10C37000C43EC0439F190000A0190000000000C087
:10C38000FEFFFFFF000000C0FFFFFFFFFFFFFFFFFA
:10C3900000000080FEFFFFFF000000C0FFFFFFFF66
:10C3A000FFFFFFFF34AC373E00000000780ED6C21E
:10C3B000A1190000A2190000000000C00300000045
:10C3C000D1D168C3A3190000A4190000000000C067
:10C3D0000000000031FE5144A5190000A61900001C
:10C3E000000000C000000000E8C09FC4A7190000C2
:10C3F000A8190000000000C0FEFFFFFF000000C001
:10C40000FFFFFFFFFFFFFFFF00000080FEFFFFFFB9
:10C41000000000C0FFFFFFFFFFFFFFFF6CD9CE3D14
:10C42000FEFFFFFF000000C0FFFFFFFFFFFFFFFF59
:10C430003BFA2DBDFEFFFFFF000000C0FFFFFFFF26
:10C44000FFFFFFFF0DE7C13BFEFFFFFF000000C045
:10C45000FFFFFFFFFFFFFFFF00000080FEFFFFFF69
:10C46000000000C0FFFFFFFFFFFFFFFF6C6D1E3DE0
:10C47000FEFFFFFF000000C0FFFFFFFFFFFFFFFF09
:10C48000C1C775BDFEFFFFFF000000C0FFFFFFFF3B
:10C49000FFFFFFFFBE42023DFEFFFFFF000000C0A6
:10C4A000FFFFFFFFFFFFFFFF8568C53DFEFFFFFFAA
:10C4B000000000C0FFFFFFFFFFFFFFFF0000008044
:10C4C000020000008C0C0844AA190000AB190000FF
:10C4D000000000C001000000C43EFC43AC19000095
:10C4E000AD190000000000C0010000009E2029C41A
:10C4F000AE190000AF190000000000C005000000E8
:10C50000188E5C42B0190000B1190000000000C094
:10C5100005000000DB830342B2190000B3190000DC
:10C52000000000C0020000008C0C7144B41900002F
:10C53000B5190000000000C005000000D8DB03436F
:10C54000B6190000B7190000000000C00300000089
:10C55000D11128C3B8190000B9190000000000C0AB
:10C5600003000000E8B720C2BA190000BB190000A0
:10C57000000000C0020000001799A843BC19000089
:10C58000BD190000000000C003000000BDA308C3E7
:10C59000BE190000BF190000000000C00500000027
:10C5A0005E7F9442C0190000C1190000000000C065
:10C5B000010000004F1086C4C2190000C31900001A
:10C5C000000000C001000000625F4344C419000085
:10C5D000C5190000000000C00100000062DF254412
:10C5E000C6190000C7190000000000C0FEFFFFFFD1
:10C5F000000000C0FFFFFFFFFFFFFFFFB443DA3C76
:10C60000FEFFFFFF000000C0FFFFFFFFFFFFFFFF77
:10C61000F05207BEFEFFFFFF000000C0FFFFFFFF5C
:10C62000FFFFFFFFED8A01BEFEFFFFFF000000C01D
:10C63000FFFFFFFFFFFFFFFFA85D9B3DFEFFFFFF2A
:10C64000000000C0FFFFFFFFFFFFFFFF00000080B2
:10C65000FEFFFFFF000000C0FFFFFFFFFFFFFFFF27
:10C660008E52EB3DFEFFFFFF000000C0FFFFFFFF0B
:10C67000FFFFFFFF696F813DFEFFFFFF000000C06D
:10C68000FFFFFFFFFFFFFFFF63A860BDFEFFFFFF8F
:10C69000000000C0FFFFFFFFFFFFFFFFE53202BE0B
:10C6A000FEFFFFFF000000C0FFFFFFFFFFFFFFFFD7
:10C6B00000000080FEFFFFFF000000C0FFFFFFFF43
:10C6C000FFFFFFFF00000080FEFFFFFF000000C033
:10C6D000FFFFFFFFFFFFFFFF81A1DE3DFEFFFFFF2A
:10C6E000000000C0FFFFFFFFFFFFFFFFAAB45D3D9A
:10C6F000FEFFFFFF000000C0FFFFFFFFFFFFFFFF87
:10C70000008C7EBDFEFFFFFF000000C0FFFFFFFFAB
:10C71000FFFFFFFF26EC95BDFEFFFFFF000000C0FE
:10C72000FFFFFFFFFFFFFFFF960CD83C0300000058
:10C7300062210243C9190000CA190000000000C0AC
:10C7400001000000B10F8444CB190000CC19000097
:10C75000000000C001000000625F3344CD190000FA
:10C76000CE190000000000C00100000040ECAB4109
:10C77000CF190000D0190000000000C00400000024
:10C78000126E0342D1190000D2190000000000C04F
:10C79000040000001D2900C0D3190000D4190000B6
:10C7A000000000C00400000065468F42D51900005B
:10C7B000D6190000000000C000000000C4F82243A9
:10C7C000D7190000D8190000000000C000000000C8
:10C7D0009E8384C3D9190000DA190000000000C04C
:10C7E0000400000036732FC2DB190000DC190000C2
:10C7F000000000C001000000B1AF9D44DD19000041
:10C80000DE190000000000C004000000878B9FC2FA
:10C81000DF190000E0190000000000C00400000063
:10C82000B8CE0143E1190000E2190000000000C089
:10C83000FEFFFFFF000000C0FFFFFFFFFFFFFFFF45
:10C840007CB40DBE000000009E0393C3E3190000FA
:10C85000E4190000000000C0FEFFFFFF000000C060
:10C86000FFFFFFFFFFFFFFFFBD7565BCFEFFFFFF82
:10C87000000000C0FFFFFFFFFFFFFFFF4406883DF1
:10C88000FEFFFFFF000000C0FFFFFFFFFFFFFFFFF5
:10C89000EEBFA73DFEFFFFFF000000C0FFFFFFFF50
:10C8A000FFFFFFFF70286DBDFEFFFFFF000000C00F
:10C8B000FFFFFFFFFFFFFFFFFCFAA8BCFEFFFFFF2B
:10C8C000000000C0FFFFFFFFFFFFFFFFB80ACF3DE2
:10C8D000FEFFFFFF000000C0FFFFFFFFFFFFFFFFA5
:10C8E00000000080FEFFFFFF000000C0FFFFFFFF11
:10C8F000FFFFFFFFFFA7ACBDFEFFFFFF000000C072
:10C90000FFFFFFFFFFFFFFFFF0EE55BCFEFFFFFF45
:10C91000000000C0FFFFFFFFFFFFFFFF283B243D9B
:10C92000FEFFFFFF000000C0FFFFFFFFFFFFFFFF54
:10C93000481494BDFEFFFFFF000000C0FFFFFFFF93
:10C94000FFFFFFFF00000080FEFFFFFF000000C0B0
:10C95000FFFFFFFFFFFFFFFF147B75BDFEFFFFFF23
:10C96000000000C0FFFFFFFFFFFFFFFF000000808F
:10C9700004000000A49956C1E6190000E719000060
:10C98000000000C0030000000CA4A442E81900004D
:10C99000E9190000000000C001000000C4BEB0435F
:10C9A000EA190000EB190000000000C005000000BB
:10C9B00038F5ACBFEC190000ED190000000000C014
:10C9C000050000000217C8C1EE190000EF190000B1
:10C9D000000000C00400000047111143F0190000DE
:10C9E000F1190000000000C003000000E8C025C1EC
:10C9F000F2190000F3190000000000C0030000005D
:10CA000058FE43C1F4190000F5190000000000C0F1
:10CA1000040000002C9C43C2F6190000F719000026
:10CA2000000000C00400000068868BC2F8190000F6
:10CA3000F9190000000000C0040000003E5A15C3B0
:10CA4000FA190000FB190000000000C005000000FA
:10CA500054A8E742FC190000FD190000000000C0C6
:10CA6000FEFFFFFF000000C0FFFFFFFFFFFFFFFF13
:10CA7000AEC0CCBD04000000D223BA41FE190000B4
:10CA8000FF190000000000C0FEFFFFFF000000C013
:10CA9000FFFFFFFFFFFFFFFF00000080FEFFFFFF23
:10CAA000000000C0FFFFFFFFFFFFFFFF026539BD71
:10CAB000FEFFFFFF000000C0FFFFFFFFFFFFFFFFC3
:10CAC000727E1F3DFEFFFFFF000000C0FFFFFFFF63
:10CAD000FFFFFFFFE6B1F0BDFEFFFFFF000000C05B
:10CAE000FFFFFFFFFFFFFFFFDBD61BBCFEFFFFFFCB
:10CAF000000000C0FFFFFFFFFFFFFFFF00000080FE
:10CB0000FEFFFFFF000000C0FFFFFFFFFFFFFFFF72
:10CB10007EC9DEBDFEFFFFFF000000C0FFFFFFFF7C
:10CB2000FFFFFFFF373694BCFEFFFFFF000000C091
:10CB3000FFFFFFFFFFFFFFFFD5D00D3EFEFFFFFF12
:10CB4000000000C0FFFFFFFFFFFFFFFFFDF83A3DC1
:10CB5000FEFFFFFF000000C0FFFFFFFFFFFFFFFF22
:10CB600045A89BBDFEFFFFFF000000C0FFFFFFFFC9
:10CB7000FFFFFFFF7D8404BEFEFFFFFF000000C03B
:10CB8000FFFFFFFFFFFFFFFF000000800400000029
:10CB9000F408B042011A0000021A0000000000C0B0
:10CBA00004000000C84CA441031A0000041A00004D
:10CBB000000000C003000000B1EAD5C1051A000062
:10CBC000061A0000000000C00300000076CF3443C6
:10CBD000071A0000081A0000000000C00000000052
:10CBE000627CB643091A00000A1A0000000000C067
:10CBF000030000006499C9C20B1A00000C1A00005F
:10CC0000000000C0030000007FAE7D420D1A00004E
:10CC10000E1A0000000000C00500000084731DC350
:10CC20000F1A0000101A0000000000C005000000EC
:10CC30009BD13D43111A0000121A0000000000C0F1
:10CC400003000000197338C3131A0000141A0000FF
:10CC5000000000C0030000000834A541151A0000C0
:10CC6000161A0000000000C00400000000706B43B2
:10CC7000171A0000181A0000000000C0050000008C
:10CC800033B7C9C3191A00001A1A0000000000C007
:10CC900005000000257C5AC21B1A00001C1A000067
:10CCA000000000C0040000008F3277431D1A00000E
:10CCB0001E1A0000000000C0FEFFFFFF000000C0C1
:10CCC000FFFFFFFFFFFFFFFF6A999FBDFEFFFFFF12
:10CCD000000000C0FFFFFFFFFFFFFFFF0520673CD4
:10CCE000FEFFFFFF000000C0FFFFFFFFFFFFFFFF91
:10CCF000413F02BEFEFFFFFF000000C0FFFFFFFF3D
:10CD0000FFFFFFFF00000080FEFFFFFF000000C0EC
:10CD1000FFFFFFFFFFFFFFFFB5E8223CFEFFFFFF25
:10CD2000000000C0FFFFFFFFFFFFFFFF5B88A8BD03
:10CD3000FEFFFFFF000000C0FFFFFFFFFFFFFFFF40
:10CD4000E97BCB3DFEFFFFFF000000C0FFFFFFFFC0
:10CD5000FFFFFFFFA60983BDFEFFFFFF000000C02D
:10CD6000FFFFFFFFFFFFFFFFDAFE55BDFEFFFFFFE6
:10CD7000000000C0FFFFFFFFFFFFFFFF3CAD833D52
:10CD8000FEFFFFFF000000C0FFFFFFFFFFFFFFFFF0
:10CD900000000080FEFFFFFF000000C0FFFFFFFF5C
:10CDA000FFFFFFFF6275E43DFEFFFFFF000000C0D4
:10CDB000FFFFFFFFFFFFFFFFFD57BA3DFEFFFFFF35
:10CDC000000000C0FFFFFFFFFFFFFFFF9994F7BDCA
:10CDD000FEFFFFFF000000C0FFFFFFFFFFFFFFFFA0
:10CDE000017BCD3DFEFFFFFF000000C0FFFFFFFF06
:10CDF000FFFFFFFF22C12DBD04000000859B3543CE
:10CE0000201A0000211A0000000000C003000000EA
:10CE1000E4A39643221A0000231A0000000000C079
:10CE200000000000780EB6C2241A0000251A000087
:10CE3000000000C003000000024DCA42261A000094
:10CE4000271A0000000000C00500000086A362430E
:10CE5000281A0000291A0000000000C00400000089
:10CE60003E362A442A1A00002B1A0000000000C097
:10CE70000300000089921CC42C1A00002D1A000027
:10CE8000000000C000000000C4F877432E1A000024
:10CE90002F1A0000000000C0040000003E5A15C315
:10CEA000301A0000311A0000000000C00500000028
:10CEB00046F1EBC2321A0000331A0000000000C035
:10CEC000FEFFFFFF000000C0FFFFFFFFFFFFFFFFAF
:10CED000E91D90BD03000000DB3D0742341A00004D
:10CEE000351A0000000000C000000000E880F0C417
:10CEF000361A0000371A0000000000C005000000CC
:10CF000085AD2CC4381A0000391A0000000000C09A
:10CF100003000000B45905433A1A00003B1A000010
:10CF2000000000C0FEFFFFFF000000C0FFFFFFFF8A
:10CF3000FFFFFFFFD87CE03CFEFFFFFF000000C0CA
:10CF4000FFFFFFFFFFFFFFFF9E1930BCFEFFFFFF4B
:10CF5000000000C0FFFFFFFFFFFFFFFFCD6FBCBD64
:10CF6000FEFFFFFF000000C0FFFFFFFFFFFFFFFF0E
:10CF7000256A723CFEFFFFFF000000C0FFFFFFFFBD
:10CF8000FFFFFFFF00000080FEFFFFFF000000C06A
:10CF9000FFFFFFFFFFFFFFFF3C4D1F3EFEFFFFFFB8
:10CFA000000000C0FFFFFFFFFFFFFFFF56DD6DBC6D
:10CFB000FEFFFFFF000000C0FFFFFFFFFFFFFFFFBE
:10CFC000E7A9D73CFEFFFFFF000000C0FFFFFFFF07
:10CFD000FFFFFFFFEAF3A93BFEFFFFFF000000C0D9
:10CFE000FFFFFFFFFFFFFFFF107529BEFEFFFFFFE2
:10CFF000000000C0FFFFFFFFFFFFFFFF35BAF7BCD7
:10D00000FEFFFFFF000000C0FFFFFFFFFFFFFFFF6D
:10D010007021BF3DFEFFFFFF000000C0FFFFFFFFCC
:10D02000FFFFFFFF44291BBEFEFFFFFF000000C003
:10D03000FFFFFFFFFFFFFFFF000000800400000074
:10D04000002C09443D1A00003E1A0000000000C0F8
:10D0500002000000747303C43F1A0000401A00006D
:10D06000000000C000000000E8A0DAC4411A00007F
:10D07000421A0000000000C00400000047111143E4
:10D08000431A0000441A0000000000C00500000020
:10D090008EAB8541451A0000461A0000000000C012
:10D0A000FEFFFFFF000000C0FFFFFFFFFFFFFFFFCD
:10D0B00000000080050000007ADC52C3471A00001F
:10D0C000481A0000000000C004000000867388C3F6
:10D0D000491A00004A1A0000000000C005000000C4
:10D0E000DD9A3FC24B1A00004C1A0000000000C03D
:10D0F000020000001799FF434D1A00004E1A00006D
:10D10000000000C000000000CFC107C44F1A00009B
:10D11000501A0000000000C0FEFFFFFF000000C02A
:10D12000FFFFFFFFFFFFFFFF00000080FEFFFFFF8C
:10D13000000000C0FFFFFFFFFFFFFFFFD7DD333E12
:10D14000FEFFFFFF000000C0FFFFFFFFFFFFFFFF2C
:10D150000CD1183DFEFFFFFF000000C0FFFFFFFFE6
:10D16000FFFFFFFFA7AF5ABDFEFFFFFF000000C09B
:10D17000FFFFFFFFFFFFFFFF010CAEBCFEFFFFFF45
:10D18000000000C0FFFFFFFFFFFFFFFF05362D3D42
:10D19000FEFFFFFF000000C0FFFFFFFFFFFFFFFFDC
:10D1A0008354E4BCFEFFFFFF000000C0FFFFFFFF51
:10D1B000FFFFFFFF7015AD3CFEFFFFFF000000C04A
:10D1C000FFFFFFFFFFFFFFFFFC1584BDFEFFFFFF1A
:10D1D000000000C0FFFFFFFFFFFFFFFF76930D3D44
:10D1E00005000000FF8704C3521A0000531A000014
:10D1F000000000C0FEFFFFFF000000C0FFFFFFFFB8
:10D20000FFFFFFFFC6630CBE020000001799A64394
:10D21000541A0000551A0000000000C00100000070
:10D22000629F2E44561A0000571A0000000000C0EA
:10D2300005000000A6879DC1581A0000591A000079
:10D24000000000C0010000003CC1F5C35A1A0000F4
:10D250005B1A0000000000C005000000EEC1F742AC
:10D260005C1A00005D1A0000000000C00100000010
:10D2700020F649425E1A00005F1A0000000000C05C
:10D280000300000024164E41601A0000611A0000DD
:10D29000000000C0FEFFFFFF000000C0FFFFFFFF17
:10D2A000FFFFFFFF3FB75B3DFEFFFFFF000000C039
:10D2B000FFFFFFFFFFFFFFFF93A4A7BDFEFFFFFFE0
:10D2C000000000C0FFFFFFFFFFFFFFFF2AE3AF3CAE
:10D2D000FEFFFFFF000000C0FFFFFFFFFFFFFFFF9B
:10D2E00006F630BDFEFFFFFF000000C0FFFFFFFF9E
:10D2F000FFFFFFFF00000080FEFFFFFF000000C0F7
:10D30000FFFFFFFFFFFFFFFFDB9ABA3DFEFFFFFFBE
:10D31000000000C0FFFFFFFFFFFFFFFF3EB61CBD88
:10D32000FEFFFFFF000000C0FFFFFFFFFFFFFFFF4A
:10D33000ECB1A23C00000000E8C09FC4631A0000EA
:10D34000641A0000000000C0FEFFFFFF000000C0E4
:10D35000FFFFFFFFFFFFFFFFF5A1CFBD01000000B2
:10D360009E2077C4651A0000661A0000000000C005
:10D37000020000002E323E43671A0000681A0000C7
:10D38000000000C0030000006499C9C2691A0000CF
:10D390006A1A0000000000C0FEFFFFFF000000C08E
:10D3A000FFFFFFFFFFFFFFFFD511E8BC01000000FA
:10D3B0004F90FCC46B1A00006C1A0000000000C003
:10D3C000000000009E0393C36D1A00006E1A000057
:10D3D000000000C003000000A713A4C16F1A0000E2
:10D3E000701A0000000000C0FEFFFFFF000000C038
:10D3F000FFFFFFFFFFFFFFFF00000080FEFFFFFFBA
:10D40000000000C0FFFFFFFFFFFFFFFF27AC093E4A
:10D41000FEFFFFFF000000C0FFFFFFFFFFFFFFFF59
:10D420005866E03CFEFFFFFF000000C0FFFFFFFF6B
:10D43000FFFFFFFF30E276BDFEFFFFFF000000C0F0
:10D44000FFFFFFFFFFFFFFFF249CFD3CFEFFFFFFF0
:10D45000000000C0FFFFFFFFFFFFFFFF0000008094
:10D4600003000000383824C3721A0000731A000049
:10D47000000000C000000000CFC107C4741A000003
:10D48000751A0000000000C000000000627C90439C
:10D49000761A0000771A0000000000C001000000AA
:10D4A0009E601BC4781A0000791A0000000000C0BA
:10D4B000020000002E3267437A1A00007B1A000037
:10D4C000000000C00200000046A688447C1A00004C
:10D4D0007D1A0000000000C00300000082513BC222
:10D4E0007E1A00007F1A0000000000C0FEFFFFFF50
:10D4F000000000C0FFFFFFFFFFFFFFFF00000080F4
:10D50000FEFFFFFF000000C0FFFFFFFFFFFFFFFF68
:10D510008498BE3DFEFFFFFF000000C0FFFFFFFF3D
:10D52000FFFFFFFF00000080FEFFFFFF000000C0C4
:10D53000FFFFFFFFFFFFFFFF42031BBE01000000D4
:10D5400062DF3D44801A0000811A0000000000C024
:10D55000FEFFFFFF000000C0FFFFFFFFFFFFFFFF18
:10D5600078CAE7BD010000003CC1A3C3821A0000D5
:10D57000831A0000000000C0FEFFFFFF000000C093
:10D58000FFFFFFFFFFFFFFFF9786F6BDFEFFFFFFD8
:10D59000000000C0FFFFFFFFFFFFFFFF5A7C493C78
:10D5A000FEFFFFFF000000C0FFFFFFFFFFFFFFFFC8
:10D5B0002128BFBDFEFFFFFF000000C0FFFFFFFFEF
:10D5C000FFFFFFFF81C30F3EFEFFFFFF000000C013
:10D5D000FFFFFFFFFFFFFFFF0000008000000000D3
:10D5E0009E83FEC3851A0000861A0000000000C05A
:10D5F00004000000328585C0871A0000881A0000E8
:10D60000000000C003000000A7F9D443891A0000FD
:10D610008A1A0000000000C003000000443ED4410C
:10D620008B1A00008C1A0000000000C003000000EC
:10D63000FD768FC38D1A00008E1A0000000000C016
:10D6400002000000E966A4C38F1A0000901A0000CF
:10D65000000000C002000000E966C0C3911A00008B
:10D66000921A0000000000C0020000008C4C3A44F6
:10D67000931A0000941A0000000000C0000000008F
:10D68000E8C09FC4951A0000961A0000000000C070
:10D690000200000046E6B444971A0000981A000001
:10D6A000000000C004000000126E0342991A00003E
:10D6B0009A1A0000000000C000000000627CA24333
:10D6C0009B1A00009C1A0000000000C0000000002F
:10D6D000C4F832439D1A00009E1A0000000000C0EA
:10D6E0000200000074B341C49F1A0000A01A000099
:10D6F000000000C0020000004666A344A11A00001A
:10D70000A21A0000000000C0FEFFFFFF000000C0E2
:10D71000FFFFFFFFFFFFFFFFEDA12E3EFEFFFFFF1C
:10D72000000000C0FFFFFFFFFFFFFFFF00000080C1
:10D73000FEFFFFFF000000C0FFFFFFFFFFFFFFFF36
:10D740005D7E243CFEFFFFFF000000C0FFFFFFFFE7
:10D75000FFFFFFFF50F3EFBCFEFFFFFF000000C024
:10D76000FFFFFFFFFFFFFFFFEC99BC3DFEFFFFFF48
:10D77000000000C0FFFFFFFFFFFFFFFF0000008071
:10D78000FEFFFFFF000000C0FFFFFFFFFFFFFFFFE6
:10D7900056CBB53BFEFFFFFF000000C0FFFFFFFFC1
:10D7A000FFFFFFFF5D5DE0BCFEFFFFFF000000C06C
:10D7B000FFFFFFFFFFFFFFFF1407DCBCFEFFFFFFC3
:10D7C000000000C0FFFFFFFFFFFFFFFF9B7E2D3D1E
:10D7D000FEFFFFFF000000C0FFFFFFFFFFFFFFFF96
:10D7E00093C2FF3AFEFFFFFF000000C0FFFFFFFFF4
:10D7F000FFFFFFFF9A06D0BDFEFFFFFF000000C045
:10D80000FFFFFFFFFFFFFFFF45EF2A3CFEFFFFFF8B
:10D81000000000C0FFFFFFFFFFFFFFFF033604BE55
:10D82000FEFFFFFF000000C0FFFFFFFFFFFFFFFF45
:10D830007C5A2A3EFEFFFFFF000000C0FFFFFFFFF3
:10D84000FFFFFFFF0000008003000000A7F9D443A2
:10D85000A41A0000A51A0000000000C0010000008A
:10D860003CC190C3A61A0000A71A0000000000C027
:10D8700001000000D8B76E45A81A0000A91A0000E0
:10D88000000000C00000000031BE1D44AA1A0000C4
:10D89000AB1A0000000000C0000000003C0745C3B8
:10D8A000AC1A0000AD1A0000000000C00400000027
:10D8B0007ACCFD43AE1A0000AF1A0000000000C091
:10D8C00000000000C4F85D43B01A0000B11A000067
:10D8D000000000C0040000001426AA43B21A000091
:10D8E000B31A0000000000C003000000B6D1FDC262
:10D8F000B41A0000B51A0000000000C004000000C7
:10D900000A674EC3B61A0000B71A0000000000C034
:10D9100004000000867388C3B81A0000B91A00001A
:10D92000000000C00000000018DFC344BA1A000065
:10D93000BB1A0000000000C000000000743052C597
:10D94000BC1A0000BD1A0000000000C00400000066
:10D9500090EA92C3BE1A0000BF1A0000000000C087
:10D96000FEFFFFFF000000C0FFFFFFFFFFFFFFFF04
:10D9700000000080FEFFFFFF000000C0FFFFFFFF70
:10D98000FFFFFFFFF31D803DFEFFFFFF000000C013
:10D99000FFFFFFFFFFFFFFFFDF6B97BCFEFFFFFFF7
:10D9A000000000C0FFFFFFFFFFFFFFFF000000803F
:10D9B000FEFFFFFF000000C0FFFFFFFFFFFFFFFFB4
:10D9C000CDBDB1BDFEFFFFFF000000C0FFFFFFFFA8
:10D9D000FFFFFFFFC0895C3DFEFFFFFF000000C0AE
:10D9E000FFFFFFFFFFFFFFFFF622A6BDFEFFFFFFC9
:10D9F000000000C0FFFFFFFFFFFFFFFFAF6FACBDE8
:10DA0000FEFFFFFF000000C0FFFFFFFFFFFFFFFF63
:10DA100089D8143CFEFFFFFF000000C0FFFFFFFF9E
:10DA2000FFFFFFFFE7ADD73DFEFFFFFF000000C097
:10DA3000FFFFFFFFFFFFFFFF00000080FEFFFFFF73
:10DA4000000000C0FFFFFFFFFFFFFFFF000000809E
:10DA5000FEFFFFFF000000C0FFFFFFFFFFFFFFFF13
:10DA60007ECFC9BDFEFFFFFF000000C0FFFFFFFF2C
:10DA7000FFFFFFFF00000080FEFFFFFF000000C06F
:10DA8000FFFFFFFFFFFFFFFF0D86C8BD0400000082
:10DA9000BE759C41C11A0000C21A0000000000C0FF
:10DAA00003000000088A8DC2C31A0000C41A0000D7
:10DAB000000000C0030000004E1E53C2C51A000043
:10DAC000C61A0000000000C005000000D58CA0416F
:10DAD000C71A0000C81A0000000000C004000000BF
:10DAE00015FE11C3C91A0000CA1A0000000000C0C8
:10DAF0000500000033B7C9C3CB1A0000CC1A0000E0
:10DB0000000000C004000000F408B042CD1A00007C
:10DB1000CE1A0000000000C0030000002D2133C316
:10DB2000CF1A0000D01A0000000000C0040000005E
:10DB3000C3DD83C3D11A0000D21A0000000000C068
:10DB400000000000627CB343D31A0000D41A000026
:10DB5000000000C00500000060E9E1BED51A000029
:10DB6000D61A0000000000C003000000ABDE87C32F
:10DB7000D71A0000D81A0000000000C004000000FE
:10DB80006F9DE742D91A0000DA1A0000000000C0B9
:10DB9000030000007EA50841DB1A0000DC1A00002B
:10DBA000000000C000000000C4F87C43DD1A000043
:10DBB000DE1A0000000000C0FEFFFFFF000000C0F2
:10DBC000FFFFFFFFFFFFFFFF00000080FEFFFFFFE2
:10DBD000000000C0FFFFFFFFFFFFFFFF149D193E85
:10DBE000FEFFFFFF000000C0FFFFFFFFFFFFFFFF82
:10DBF000F8B71DBEFEFFFFFF000000C0FFFFFFFFE4
:10DC0000FFFFFFFF00000080FEFFFFFF000000C0DD
:10DC1000FFFFFFFFFFFFFFFFDCC11A3DFEFFFFFF1D
:10DC2000000000C0FFFFFFFFFFFFFFFF092A28BD24
:10DC3000FEFFFFFF000000C0FFFFFFFFFFFFFFFF31
:10DC40006D4EC9BDFEFFFFFF000000C0FFFFFFFFDC
:10DC5000FFFFFFFFAF93BABCFEFFFFFF000000C055
:10DC6000FFFFFFFFFFFFFFFF0E1909BCFEFFFFFFD5
:10DC7000000000C0FFFFFFFFFFFFFFFF8CC58F3DCF
:10DC8000FEFFFFFF000000C0FFFFFFFFFFFFFFFFE1
:10DC90009EC9EBBCFEFFFFFF000000C0FFFFFFFFBF
:10DCA000FFFFFFFF8B65F2BDFEFFFFFF000000C01E
:10DCB000FFFFFFFFFFFFFFFF00000080FEFFFFFFF1
:10DCC000000000C0FFFFFFFFFFFFFFFF1D92C83DE8
:10DCD000FEFFFFFF000000C0FFFFFFFFFFFFFFFF91
:10DCE000F6B48BBBFEFFFFFF000000C0FFFFFFFF8D
:10DCF000FFFFFFFFB645493D00000000C4F82E437A
:10DD0000E01A0000E11A0000000000C00500000059
:10DD1000B607CF41E21A0000E31A0000000000C07D
:10DD200000000000181F8044E41A0000E51A0000FB
:10DD3000000000C0040000000F57B6C1E61A000042
:10DD4000E71A0000000000C00400000075BDBEC15D
:10DD5000E81A0000E91A0000000000C001000000FD
:10DD600078826DC3EA1A0000EB1A0000000000C0C0
:10DD7000010000003CC1F5C3EC1A0000ED1A0000E0
:10DD8000000000C00100000062DF2544EE1A000020
:10DD9000EF1A0000000000C0FEFFFFFF000000C0FF
:10DDA000FFFFFFFFFFFFFFFF4818C2BDFEFFFFFFA1
:10DDB000000000C0FFFFFFFFFFFFFFFF45E4EEBDD7
:10DDC00005000000E3721443F01A0000F11A00008D
:10DDD000000000C005000000C7D57842F21A00001C
:10DDE000F31A0000000000C004000000D683834244
:10DDF000F41A0000F51A0000000000C0FEFFFFFF4B
:10DE0000000000C0FFFFFFFFFFFFFFFF00000080DA
:10DE1000FEFFFFFF000000C0FFFFFFFFFFFFFFFF4F
:10DE2000E6EC09BEFEFFFFFF000000C0FFFFFFFFA2
:10DE3000FFFFFFFFF84953BDFEFFFFFF000000C0DA
:10DE4000FFFFFFFFFFFFFFFF66F24E3DFEFFFFFFFC
:10DE5000000000C0FFFFFFFFFFFFFFFF8BFD4E3DF7
:10DE6000FEFFFFFF000000C0FFFFFFFFFFFFFFFFFF
:10DE700021C666BDFEFFFFFF000000C0FFFFFFFFE1
:10DE8000FFFFFFFF44BB49BDFEFFFFFF000000C0D6
:10DE9000FFFFFFFFFFFFFFFF4FECD03DFEFFFFFF47
:10DEA000000000C0FFFFFFFFFFFFFFFFB8D3473DAB
:10DEB000FEFFFFFF000000C0FFFFFFFFFFFFFFFFAF
:10DEC000ED1D9EBD0100000078824BC3F71A0000D3
:10DED000F81A0000000000C0000000003C0709C361
:10DEE000F91A0000FA1A0000000000C0000000004B
:10DEF000780EC2C2FB1A0000FC1A0000000000C02D
:10DF000002000000B8C81C42FD1A0000FE1A000002
:10DF1000000000C0020000008CCC4F44FF1A00003B
:10DF2000001B0000000000C0030000006E9AAD411D
:10DF3000011B0000021B0000000000C002000000E6
:10DF40001719E243031B0000041B0000000000C07F
:10DF5000010000003C41B2C3051B0000061B00008D
:10DF6000000000C003000000BDA308C3071B0000A1
:10DF7000081B0000000000C0020000002E327343A6
:10DF8000091B00000A1B0000000000C00000000088
:10DF9000780ED6C20B1B00000C1B0000000000C056
:10DFA00002000000D2CD68C30D1B00000E1B000054
:10DFB000000000C0020000001719EA430F1B000018
:10DFC000101B0000000000C000000000C4F87743F0
:10DFD000111B0000121B0000000000C0FEFFFFFF2D
:10DFE000000000C0FFFFFFFFFFFFFFFFAF9816BE5E
:10DFF000FEFFFFFF000000C0FFFFFFFFFFFFFFFF6E
:10E000007F9BABBCFEFFFFFF000000C0FFFFFFFFD8
:10E01000FFFFFFFF19CC833EFEFFFFFF000000C0A3
:10E02000FFFFFFFFFFFFFFFF00000080FEFFFFFF7D
:10E03000000000C0FFFFFFFFFFFFFFFFEC29ECBD6A
:10E04000FEFFFFFF000000C0FFFFFFFFFFFFFFFF1D
:10E05000ADEFC3BCFEFFFFFF000000C0FFFFFFFFEE
:10E06000FFFFFFFF55E8E03DFEFFFFFF000000C09F
:10E07000FFFFFFFFFFFFFFFF00000080FEFFFFFF2D
:10E08000000000C0FFFFFFFFFFFFFFFFD977D8BDF3
:10E09000FEFFFFFF000000C0FFFFFFFFFFFFFFFFCD
:10E0A00078192C3EFEFFFFFF000000C0FFFFFFFFBE
:10E0B000FFFFFFFFDF5C043DFEFFFFFF000000C02D
:10E0C000FFFFFFFFFFFFFFFFDA516DBDFEFFFFFF08
:10E0D000000000C0FFFFFFFFFFFFFFFF0000008008
:10E0E000FEFFFFFF000000C0FFFFFFFFFFFFFFFF7D
:10E0F00000000080FEFFFFFF000000C0FFFFFFFFE9
:10E10000FFFFFFFFF77650BD0400000070664BC1B3
:10E11000141B0000151B0000000000C002000000DE
:10E1200017998C43161B0000171B0000000000C04D
:10E1300002000000483763C2181B0000191B0000D2
:10E14000000000C0000000009E8388C31A1B00006E
:10E150001B1B0000000000C001000000887D2F4351
:10E160001C1B00001D1B0000000000C00000000080
:10E170009E83F9C31E1B00001F1B0000000000C08F
:10E180000400000090990441201B0000211B0000A6
:10E19000000000C0040000003F2A88C2221B0000CB
:10E1A000231B0000000000C004000000725DE0C2FC
:10E1B000241B0000251B0000000000C0020000001E
:10E1C0008C8C2744261B0000271B0000000000C089
:10E1D000000000000062FC3F281B0000291B00001B
:10E1E000000000C0FEFFFFFF000000C0FFFFFFFFB8
:10E1F000FFFFFFFF0000008001000000887D7743E3
:10E200002A1B00002B1B0000000000C000000000C3
:10E21000E03990C12C1B00002D1B0000000000C045
:10E22000020000008C0C05442E1B00002F1B000078
:10E23000000000C0FEFFFFFF000000C0FFFFFFFF67
:10E24000FFFFFFFF58220B3EFEFFFFFF000000C054
:10E25000FFFFFFFFFFFFFFFF00000080FEFFFFFF4B
:10E26000000000C0FFFFFFFFFFFFFFFFDEAADBBDD6
:10E27000FEFFFFFF000000C0FFFFFFFFFFFFFFFFEB
:10E2800000000080FEFFFFFF000000C0FFFFFFFF57
:10E29000FFFFFFFFD86F81BDFEFFFFFF000000C042
:10E2A000FFFFFFFFFFFFFFFF50332BBEFEFFFFFF0F
:10E2B000000000C0FFFFFFFFFFFFFFFF0E6C4DBC23
:10E2C000FEFFFFFF000000C0FFFFFFFFFFFFFFFF9B
:10E2D00017A5393EFEFFFFFF000000C0FFFFFFFF54
:10E2E000FFFFFFFF42C91DBEFEFFFFFF000000C091
:10E2F000FFFFFFFFFFFFFFFF00000080FEFFFFFFAB
:10E30000000000C0FFFFFFFFFFFFFFFFACB9AE3D05
:10E31000FEFFFFFF000000C0FFFFFFFFFFFFFFFF4A
:10E32000AD18AABCFEFFFFFF000000C0FFFFFFFF0B
:10E33000FFFFFFFFF2B3A43CFEFFFFFF000000C0A1
:10E34000FFFFFFFFFFFFFFFF133E76BD030000004E
:10E35000E63F1FC3311B0000321B0000000000C05D
:10E360000000000062FCAD43331B0000341B0000C2
:10E37000000000C000000000313E1544351B0000C5
:10E38000361B0000000000C004000000594F1E4270
:10E39000371B0000381B0000000000C00400000014
:10E3A000D7531943391B00003A1B0000000000C07E
:10E3B00004000000BB5E17C23B1B00003C1B0000BA
:10E3C000000000C0030000000E712E423D1B000043
:10E3D0003E1B0000000000C0020000008C8C0644C0
:10E3E0003F1B0000401B0000000000C003000000B5
:10E3F000FD768FC3411B0000421B0000000000C0DF
:10E40000040000004981AFC2431B0000441B000010
:10E41000000000C002000000D2CD31C3451B000047
:10E42000461B0000000000C002000000743312C44C
:10E43000471B0000481B0000000000C00400000053
:10E44000F408B042491B00004A1B0000000000C055
:10E4500002000000E9E6B4C34B1B00004C1B0000A7
:10E46000000000C003000000A7F9D4434D1B0000CA
:10E470004E1B0000000000C0FEFFFFFF000000C0B8
:10E48000FFFFFFFFFFFFFFFF8CF5023EFEFFFFFFD8
:10E49000000000C0FFFFFFFFFFFFFFFF91220CBC49
:10E4A000FEFFFFFF000000C0FFFFFFFFFFFFFFFFB9
:10E4B0009AA1733DFEFFFFFF000000C0FFFFFFFFBA
:10E4C000FFFFFFFF32B379BDFEFFFFFF000000C07A
:10E4D000FFFFFFFFFFFFFFFF00000080FEFFFFFFC9
:10E4E000000000C0FFFFFFFFFFFFFFFF9D0BFBBD14
:10E4F000FEFFFFFF000000C0FFFFFFFFFFFFFFFF69
:10E50000B508C23CFEFFFFFF000000C0FFFFFFFF99
:10E51000FFFFFFFF486740BDFEFFFFFF000000C098
:10E52000FFFFFFFFFFFFFFFFC3E577BDFEFFFFFF1C
:10E53000000000C0FFFFFFFFFFFFFFFFA803283C14
:10E54000FEFFFFFF000000C0FFFFFFFFFFFFFFFF18
:10E55000859A1EBDFEFFFFFF000000C0FFFFFFFF0A
:10E56000FFFFFFFF703AEC3BFEFFFFFF000000C023
:10E57000FFFFFFFFFFFFFFFFE202BB3DFEFFFFFFCC
:10E58000000000C0FFFFFFFFFFFFFFFF30DAA6BD66
:10E59000FEFFFFFF000000C0FFFFFFFFFFFFFFFFC8
:10E5A000377092BDFEFFFFFF000000C0FFFFFFFFBE
:10E5B000FFFFFFFF00000080030000004068B33E43
:10E5C000501B0000511B0000000000C001000000B3
:10E5D0009EA07FC4521B0000531B0000000000C01F
:10E5E00000000000627C9743541B0000551B000094
:10E5F000000000C0030000002D5347C4561B00005C
:10E60000571B0000000000C0020000004686C64400
:10E61000581B0000591B0000000000C00200000051
:10E62000D2CD76C35A1B00005B1B0000000000C067
:10E63000030000006833F2425C1B00005D1B000019
:10E64000000000C000000000313E3C445E1B0000A2
:10E650005F1B0000000000C000000000313E3C4491
:10E66000601B0000611B0000000000C001000000F2
:10E67000625F3344621B0000631B0000000000C0A7
:10E680000000000031BE3F44641B0000651B000019
:10E69000000000C003000000024DCA42661B0000DB
:10E6A000671B0000000000C0030000006833F24256
:10E6B000681B0000691B0000000000C00200000091
:10E6C00074734DC46A1B00006B1B0000000000C087
:10E6D00000000000627CF7436C1B00006D1B000013
:10E6E000000000C0FEFFFFFF000000C0FFFFFFFFB3
:10E6F000FFFFFFFFD971DA3DFEFFFFFF000000C002
:10E70000FFFFFFFFFFFFFFFF00000080FEFFFFFF96
:10E71000000000C0FFFFFFFFFFFFFFFF6A62C5BDF3
:10E72000FEFFFFFF000000C0FFFFFFFFFFFFFFFF36
:10E7300000000080FEFFFFFF000000C0FFFFFFFFA2
:10E74000FFFFFFFFC334EE3CFEFFFFFF000000C0F1
:10E75000FFFFFFFFFFFFFFFF109184BDFEFFFFFFE4
:10E76000000000C0FFFFFFFFFFFFFFFF05943B3EDF
:10E77000FEFFFFFF000000C0FFFFFFFFFFFFFFFFE6
:10E7800000000080FEFFFFFF000000C0FFFFFFFF52
:10E79000FFFFFFFFF2F25A3DFEFFFFFF000000C047
:10E7A000FFFFFFFFFFFFFFFFEE2720BCFEFFFFFF85
:10E7B000000000C0FFFFFFFFFFFFFFFF895692BD73
:10E7C000FEFFFFFF000000C0FFFFFFFFFFFFFFFF96
:10E7D00000000080FEFFFFFF000000C0FFFFFFFF02
:10E7E000FFFFFFFF00000080FEFFFFFF000000C0F2
:10E7F000FFFFFFFFFFFFFFFFA98AC4BDFEFFFFFF72
:10E80000000000C0FFFFFFFFFFFFFFFF00000080D0
:10E81000FEFFFFFF000000C0FFFFFFFFFFFFFFFF45
:10E82000EA86843D04000000A38887436F1B000034
:10E83000701B0000000000C004000000AFD77EC3C2
:10E84000711B0000721B0000000000C001000000EE
:10E850009EE016C4731B0000741B0000000000C083
:10E8600001000000887D1843751B0000761B000026
:10E87000000000C001000000887D0543771B0000F8
:10E88000781B0000000000C000000000E88084C485
:10E89000791B00007A1B0000000000C0000000008F
:10E8A000313E28447B1B00007C1B0000000000C0A0
:10E8B000000000003C0703C37D1B00007E1B00001E
:10E8C000000000C0050000007E2BEEC17F1B000091
:10E8D000801B0000000000C00500000014F2ACC363
:10E8E000811B0000821B0000000000C0050000002A
:10E8F000AC30D541831B0000841B0000000000C029
:10E9000005000000F51A00C4851B0000861B0000EE
:10E91000000000C004000000002C0944871B000018
:10E92000881B0000000000C001000000621F0744B7
:10E93000891B00008A1B0000000000C0FEFFFFFFD3
:10E94000000000C0FFFFFFFFFFFFFFFF000000808F
:10E95000FEFFFFFF000000C0FFFFFFFFFFFFFFFF04
:10E9600000000080FEFFFFFF000000C0FFFFFFFF70
:10E97000FFFFFFFF2F0DF53DFEFFFFFF000000C072
:10E98000FFFFFFFFFFFFFFFFA8F8813DFEFFFFFF36
:10E99000000000C0FFFFFFFFFFFFFFFF0FB96FBDCB
:10E9A000FEFFFFFF000000C0FFFFFFFFFFFFFFFFB4
:10E9B000B0C58D3DFEFFFFFF000000C0FFFFFFFF61
:10E9C000FFFFFFFF321B06BDFEFFFFFF000000C080
:10E9D000FFFFFFFFFFFFFFFF824894BCFEFFFFFF2A
:10E9E000000000C0FFFFFFFFFFFFFFFF7EB8DB3C22
:10E9F000FEFFFFFF000000C0FFFFFFFFFFFFFFFF64
:10EA000000000080FEFFFFFF000000C0FFFFFFFFCF
:10EA1000FFFFFFFF8302A1BDFEFFFFFF000000C05C
:10EA2000FFFFFFFFFFFFFFFF45EC07BCFEFFFFFFFF
:10EA3000000000C0FFFFFFFFFFFFFFFF25A4B83D60
:10EA4000FEFFFFFF000000C0FFFFFFFFFFFFFFFF13
:10EA5000A1881C3DFEFFFFFF000000C0FFFFFFFF7D
:10EA6000FFFFFFFF23E1E03D020000008C8C7544B6
:10EA70008C1B00008D1B0000000000C00300000084
:10EA80004057AC428E1B00008F1B0000000000C0EE
:10EA9000030000007C61C642901B0000911B000037
:10EAA000000000C004000000E899C1BF921B0000F4
:10EAB000931B0000000000C003000000BB07874359
:10EAC000941B0000951B0000000000C00400000023
:10EAD000594F1E42961B0000971B0000000000C00B
:10EAE00001000000C4BEF243981B0000991B000007
:10EAF000000000C003000000D1D168C39A1B0000D1
:10EB00009B1B0000000000C0020000008C4C014470
:10EB10009C1B00009D1B0000000000C002000000C4
:10EB20002E3223439E1B00009F1B0000000000C0EC
:10EB300004000000594F1042A01B0000A11B000060
:10EB4000000000C004000000878BC2C2A21B0000AE
:10EB5000A31B0000000000C0010000003C419EC358
:10EB6000A41B0000A51B0000000000C00400000062
:10EB700036732FC2A61B0000A71B0000000000C0B8
:10EB800004000000B49ECC41A81B0000A91B00009B
:10EB9000000000C0FEFFFFFF000000C0FFFFFFFFFE
:10EBA000FFFFFFFF7593823DFEFFFFFF000000C0E7
:10EBB000FFFFFFFFFFFFFFFF0BE593BDFEFFFFFF22
:10EBC000000000C0FFFFFFFFFFFFFFFF928185BC39
:10EBD000FEFFFFFF000000C0FFFFFFFFFFFFFFFF82
:10EBE00007B4F33CFEFFFFFF000000C0FFFFFFFF84
:10EBF000FFFFFFFF7EAFC2B9FEFFFFFF000000C0B6
:10EC0000FFFFFFFFFFFFFFFF60D17C3DFEFFFFFF27
:10EC1000000000C0FFFFFFFFFFFFFFFF240D593C76
:10EC2000FEFFFFFF000000C0FFFFFFFFFFFFFFFF31
:10EC3000FEDED2BDFEFFFFFF000000C0FFFFFFFFB2
:10EC4000FFFFFFFF00000080FEFFFFFF000000C08D
:10EC5000FFFFFFFFFFFFFFFF3C7CED3DFEFFFFFFDF
:10EC6000000000C0FFFFFFFFFFFFFFFFD8F7B5BDAB
:10EC7000FEFFFFFF000000C0FFFFFFFFFFFFFFFFE1
:10EC8000741BFF3CFEFFFFFF000000C0FFFFFFFF03
:10EC9000FFFFFFFF00000080FEFFFFFF000000C03D
:10ECA000FFFFFFFFFFFFFFFFF6C113BEFEFFFFFFE9
:10ECB000000000C0FFFFFFFFFFFFFFFFC0A6A43D55
:10ECC000FEFFFFFF000000C0FFFFFFFFFFFFFFFF91
:10ECD0000000008000000000313E0E44AB1B00002D
:10ECE000AC1B0000000000C0050000007C4C0A4383
:10ECF000AD1B0000AE1B0000000000C001000000C2
:10ED00009EA000C4AF1B0000B01B0000000000C0AC
:10ED100000000000CF413CC4B11B0000B21B00004A
:10ED2000000000C001000000621F6A44B31B000025
:10ED3000B41B0000000000C0FEFFFFFF000000C089
:10ED4000FFFFFFFFFFFFFFFF00000080FEFFFFFF50
:10ED5000000000C0FFFFFFFFFFFFFFFFF5ABE2BDBC
:10ED6000020000008C4C1544B51B0000B61B0000CF
:10ED7000000000C00500000046F1EBC2B71B000018
:10ED8000B81B0000000000C000000000627C83434C
:10ED9000B91B0000BA1B0000000000C0000000000A
:10EDA00080E7E0C0BB1B0000BC1B0000000000C0EF
:10EDB000FEFFFFFF000000C0FFFFFFFFFFFFFFFFA0
:10EDC0001B49F7BDFEFFFFFF000000C0FFFFFFFF74
:10EDD000FFFFFFFF00000080FEFFFFFF000000C0FC
:10EDE000FFFFFFFFFFFFFFFF82673F3DFEFFFFFFCB
:10EDF000000000C0FFFFFFFFFFFFFFFFF6FAEFBBC1
:10EE0000FEFFFFFF000000C0FFFFFFFFFFFFFFFF4F
:10EE1000C94F9F3DFEFFFFFF000000C0FFFFFFFF47
:10EE2000FFFFFFFF00000080FEFFFFFF000000C0AB
:10EE3000FFFFFFFFFFFFFFFFB670FEBCFEFFFFFFFF
:10EE4000000000C0FFFFFFFFFFFFFFFF8CFAD03C78
:10EE50000200000046A68844BE1B0000BF1B000045
:10EE6000000000C00400000047111143C01B000057
:10EE7000C11B0000000000C0FEFFFFFF000000C03B
:10EE8000FFFFFFFFFFFFFFFFA22019BE04000000ED
:10EE9000BB5E25C2C21B0000C31B0000000000C0F7
:10EEA000FEFFFFFF000000C0FFFFFFFFFFFFFFFFAF
:10EEB000D9C103BE0300000069004442C41B000026
:10EEC000C51B0000000000C002000000483763C2FC
:10EED000C61B0000C71B0000000000C0FEFFFFFFB4
:10EEE000000000C0FFFFFFFFFFFFFFFF73D99EBDC3
:10EEF000FEFFFFFF000000C0FFFFFFFFFFFFFFFF5F
:10EF00000A34473DFEFFFFFF000000C0FFFFFFFF88
:10EF1000FFFFFFFF11CA98BDFEFFFFFF000000C00A
:10EF2000FFFFFFFFFFFFFFFFE7757A3C03000000D4
:10EF30004518CFC3C91B0000CA1B0000000000C059
:10EF400004000000D7531943CB1B0000CC1B00006A
:10EF5000000000C0030000006B6B3DC3CD1B000030
:10EF6000CE1B0000000000C0FEFFFFFF000000C03D
:10EF7000FFFFFFFFFFFFFFFF278B04BE0300000022
:10EF80002D5347C4CF1B0000D01B0000000000C061
:10EF9000020000008CCC1344D11B0000D21B0000E7
:10EFA000000000C000000000627CB643D31B0000DC
:10EFB000D41B0000000000C002000000BAB98CC4DD
:10EFC000D51B0000D61B0000000000C000000000A0
:10EFD000185FA144D71B0000D81B0000000000C030
:10EFE00004000000B6DE4842D91B0000DA1B000016
:10EFF000000000C000000000E860C4C4DB1B00008B
:10F00000DC1B0000000000C0000000009E03D1C314
:10F01000DD1B0000DE1B0000000000C0030000003C
:10F02000443E9C41DF1B0000E01B0000000000C0CC
:10F03000FEFFFFFF000000C0FFFFFFFFFFFFFFFF1D
:10F0400000000080FEFFFFFF000000C0FFFFFFFF89
:10F05000FFFFFFFF58ECE0BDFEFFFFFF000000C018
:10F06000FFFFFFFFFFFFFFFFA870913DFEFFFFFFC7
:10F07000000000C0FFFFFFFFFFFFFFFF258190BCE6
:10F08000FEFFFFFF000000C0FFFFFFFFFFFFFFFFCD
:10F09000B2B9BD3DFEFFFFFF000000C0FFFFFFFF54
:10F0A000FFFFFFFF00000080FEFFFFFF000000C029
:10F0B000FFFFFFFFFFFFFFFF00000080FEFFFFFFDD
:10F0C000000000C0FFFFFFFFFFFFFFFF3D3A9ABDBA
:10F0D000FEFFFFFF000000C0FFFFFFFFFFFFFFFF7D
:10F0E0003A2E463CFEFFFFFF000000C0FFFFFFFF7F
:10F0F000FFFFFFFFAD068BBCFEFFFFFF000000C05F
:10F10000FFFFFFFFFFFFFFFF4A0E8A3DFEFFFFFFED
:10F11000000000C0FFFFFFFFFFFFFFFFB15D83BCEA
:10F120000400000033FF1D44E21B0000E31B00004D
:10F13000000000C00300000024D72F43E41B0000A0
:10F14000E51B0000000000C000000000E8A0DAC4D9
:10F15000E61B0000E71B0000000000C004000000E8
:10F16000867388C3E81B0000E91B0000000000C094
:10F170000500000086A36243EA1B0000EB1B0000B1
:10F18000000000C0FEFFFFFF000000C0FFFFFFFF08
:10F19000FFFFFFFF00000080FEFFFFFF000000C038
:10F1A000FFFFFFFFFFFFFFFFB50412BE00000000DE
:10F1B0003C074FC3EC1B0000ED1B0000000000C02B
:10F1C000000000009E83A2C3EE1B0000EF1B0000A6
:10F1D000000000C0040000007ACCFD43F01B0000DA
:10F1E000F11B0000000000C004000000878BC2C2B9
:10F1F000F21B0000F31B0000000000C0FEFFFFFF39
:10F20000000000C0FFFFFFFFFFFFFFFFD240B63D41
:10F21000FEFFFFFF000000C0FFFFFFFFFFFFFFFF3B
:10F22000AE84E2BDFEFFFFFF000000C0FFFFFFFF56
:10F23000FFFFFFFF06DF21BDFEFFFFFF000000C054
:10F24000FFFFFFFFFFFFFFFF1D78953BFEFFFFFF66
:10F25000000000C0FFFFFFFFFFFFFFFF02B6823D7F
:10F26000FEFFFFFF000000C0FFFFFFFFFFFFFFFFEB
:10F2700000000080FEFFFFFF000000C0FFFFFFFF57
:10F28000FFFFFFFF00000080FEFFFFFF000000C047
:10F29000FFFFFFFFFFFFFFFF66C6EABD01000000A2
:10F2A0003CC188C3F51B0000F61B0000000000C035
:10F2B000050000008DD2ABC2F71B0000F81B000058
:10F2C000000000C003000000A7D9A443F91B000000
:10F2D000FA1B0000000000C0040000007B444D4306
:10F2E000FB1B0000FC1B0000000000C0040000002D
:10F2F00047599243FD1B0000FE1B0000000000C0A8
:10F3000005000000D8DB2D43FF1B0000001C00009F
:10F31000000000C004000000859B3543011C000074
:10F32000021C0000000000C00300000025CB54C1F7
:10F33000031C0000041C0000000000C003000000CB
:10F34000BB078743051C0000061C0000000000C02E
:10F35000040000000F57E0C1071C0000081C00005B
:10F36000000000C00500000096B901C2091C0000A1
:10F370000A1C0000000000C0040000006CBDB14188
:10F380000B1C00000C1C0000000000C0010000006D
:10F39000B1CF88440D1C00000E1C0000000000C00E
:10F3A0000500000028A409C30F1C0000101C000069
:10F3B000000000C0050000001BA521C2111C0000B8
:10F3C000121C0000000000C0FEFFFFFF000000C094
:10F3D000FFFFFFFFFFFFFFFFFD67883DFEFFFFFF11
:10F3E000000000C0FFFFFFFFFFFFFFFFBB5E84BC0C
:10F3F000FEFFFFFF000000C0FFFFFFFFFFFFFFFF5A
:10F400007E193EBDFEFFFFFF000000C0FFFFFFFFB3
:10F41000FFFFFFFF6441473DFEFFFFFF000000C00C
:10F42000FFFFFFFFFFFFFFFF091221BCFEFFFFFFF1
:10F43000000000C0FFFFFFFFFFFFFFFF03B0E9BDBB
:10F44000FEFFFFFF000000C0FFFFFFFFFFFFFFFF09
:10F4500000000080FEFFFFFF000000C0FFFFFFFF75
:10F46000FFFFFFFFFB42C13DFEFFFFFF000000C0AA
:10F47000FFFFFFFFFFFFFFFFEBDBCFBAFEFFFFFF4A
:10F48000000000C0FFFFFFFFFFFFFFFF9B1D113DBE
:10F49000FEFFFFFF000000C0FFFFFFFFFFFFFFFFB9
:10F4A000755215BCFEFFFFFF000000C0FFFFFFFF0D
:10F4B000FFFFFFFF9AF7523EFEFFFFFF000000C074
:10F4C000FFFFFFFFFFFFFFFFC69B8F3CFEFFFFFF1D
:10F4D000000000C0FFFFFFFFFFFFFFFF8EE0E7BD62
:10F4E000FEFFFFFF000000C0FFFFFFFFFFFFFFFF69
:10F4F000674FE0BCFEFFFFFF000000C0FFFFFFFF03
:10F50000FFFFFFFFA57BCF3D040000001DE5F54296
:10F51000141C0000151C0000000000C004000000C6
:10F520003553D4C2161C0000171C0000000000C098
:10F53000FEFFFFFF000000C0FFFFFFFFFFFFFFFF18
:10F54000AC4DF1BD0300000074C6C943181C000097
:10F55000191C0000000000C000000000F01C70C278
:10F560001A1C00001B1C0000000000C0FEFFFFFF73
:10F57000000000C0FFFFFFFFFFFFFFFFF917E2BD24
:10F58000FEFFFFFF000000C0FFFFFFFFFFFFFFFFC8
:10F5900000000080020000002E3229431C1C0000E5
:10F5A0001D1C0000000000C004000000AE1E384119
:10F5B0001E1C00001F1C0000000000C0FEFFFFFF1B
:10F5C000000000C0FFFFFFFFFFFFFFFF560D663C7E
:10F5D000FEFFFFFF000000C0FFFFFFFFFFFFFFFF78
:10F5E000763812BDFEFFFFFF000000C0FFFFFFFFE7
:10F5F000FFFFFFFFA8DED23AFEFFFFFF000000C0C2
:10F60000FFFFFFFFFFFFFFFF4C35193D0200000029
:10F61000743306C4211C0000221C0000000000C03E
:10F6200004000000130EC442231C0000241C000030
:10F63000000000C00200000046469444251C000063
:10F64000261C0000000000C0FEFFFFFF000000C0FD
:10F65000FFFFFFFFFFFFFFFFE99208BE050000006C
:10F66000E55A1242271C0000281C0000000000C0C0
:10F670000500000052748143291C00002A1C000070
:10F68000000000C004000000ED71CEC22B1C000081
:10F690002C1C0000000000C0FEFFFFFF000000C0A7
:10F6A000FFFFFFFFFFFFFFFFDE60B0BD02000000B5
:10F6B00074B335C42D1C00002E1C0000000000C0D7
:10F6C0000500000028A409C32F1C0000301C000006
:10F6D000000000C001000000B14FB544311C000023
:10F6E000321C0000000000C0FEFFFFFF000000C051
:10F6F000FFFFFFFFFFFFFFFF00000080FEFFFFFF97
:10F70000000000C0FFFFFFFFFFFFFFFF43F2ECBD63
:10F71000FEFFFFFF000000C0FFFFFFFFFFFFFFFF36
:10F7200000000080FEFFFFFF000000C0FFFFFFFFA2
:10F73000FFFFFFFF07AE2F3EFEFFFFFF000000C0F0
:10F74000FFFFFFFFFFFFFFFF0C0D263DFEFFFFFF4A
:10F75000000000C0FFFFFFFFFFFFFFFFBFADF6BBD4
:10F76000FEFFFFFF000000C0FFFFFFFFFFFFFFFFE6
:10F770006C9FDF3DFEFFFFFF000000C0FFFFFFFFAB
:10F78000FFFFFFFF0000008005000000AC30D54106
:10F79000341C0000351C0000000000C00500000003
:10F7A00096B916C2361C0000371C0000000000C0CD
:10F7B000000000009E83BBC3381C0000391C000001
:10F7C000000000C004000000B6DE56423A1C0000F3
:10F7D0003B1C0000000000C0000000009E03D1C3DD
:10F7E0003C1C00003D1C0000000000C005000000A3
:10F7F00092B2C2423E1C00003F1C0000000000C04C
:10F8000005000000CF3CB642401C0000411C000037
:10F81000000000C00400000068868BC2421C00008B
:10F82000431C0000000000C0050000006E4D9BC29C
:10F83000441C0000451C0000000000C00100000046
:10F84000788219C3461C0000471C0000000000C05D
:10F8500000000000627C8343481C0000491C00003B
:10F86000000000C004000000E1CCEEC04A1C000013
:10F870004B1C0000000000C00500000054A8E74237
:10F880004C1C00004D1C0000000000C004000000E3
:10F89000878B9FC24E1C00004F1C0000000000C060
:10F8A000FEFFFFFF000000C0FFFFFFFFFFFFFFFFA5
:10F8B0007C7300BEFEFFFFFF000000C0FFFFFFFFE4
:10F8C000FFFFFFFF5B45FD3CFEFFFFFF000000C0A8
:10F8D000FFFFFFFFFFFFFFFF41FE84BDFEFFFFFFB5
:10F8E000000000C0FFFFFFFFFFFFFFFF25C7B7BB02
:10F8F000FEFFFFFF000000C0FFFFFFFFFFFFFFFF55
:10F90000EB96413EFEFFFFFF000000C0FFFFFFFF40
:10F91000FFFFFFFF27E1D43CFEFFFFFF000000C018
:10F92000FFFFFFFFFFFFFFFFCF21CEBDFEFFFFFF69
:10F93000000000C0FFFFFFFFFFFFFFFFD00B4B3DAC
:10F94000FEFFFFFF000000C0FFFFFFFFFFFFFFFF04
:10F950004717C1BCFEFFFFFF000000C0FFFFFFFF15
:10F96000FFFFFFFF48CA0CBDFEFFFFFF000000C005
:10F97000FFFFFFFFFFFFFFFF2BE0213DFEFFFFFF2B
:10F98000000000C0FFFFFFFFFFFFFFFF6A3D9C3E3E
:10F99000FEFFFFFF000000C0FFFFFFFFFFFFFFFFB4
:10F9A00000000080FEFFFFFF000000C0FFFFFFFF20
:10F9B000FFFFFFFFF3B6D4BDFEFFFFFF000000C056
:10F9C000FFFFFFFFFFFFFFFFCCBCD2BA000000002B
:10F9D0009E83A2C3511C0000521C0000000000C006
:10F9E000020000005C64AA42531C0000541C00008A
:10F9F000000000C002000000D2CD0CC3551C000066
:10FA0000561C0000000000C001000000C43E8643F8
:10FA1000571C0000581C0000000000C0010000003E
:10FA2000C4BE9543591C00005A1C0000000000C0D1
:10FA30000500000092B291425B1C00005C1C0000BB
:10FA4000000000C000000000C4F837435D1C000047
:10FA50005E1C0000000000C005000000D5B3DBC242
:10FA60005F1C0000601C0000000000C000000000DF
:10FA7000CF8165C4611C0000621C0000000000C052
:10FA800005000000DF8AE3C2631C0000641C000064
:10FA9000000000C0020000002E326B43651C000015
:10FAA000661C0000000000C001000000B1EF964499
:10FAB000671C0000681C0000000000C0000000007F
:10FAC0003C072DC3691C00006A1C0000000000C038
:10FAD00005000000C40CD1C16B1C00006C1C0000B0
:10FAE000000000C0050000009BD13D436D1C0000DC
:10FAF0006E1C0000000000C0FEFFFFFF000000C001
:10FB0000FFFFFFFFFFFFFFFF32A8923CFEFFFFFF5A
:10FB1000000000C0FFFFFFFFFFFFFFFF4FF6EDBD3E
:10FB2000FEFFFFFF000000C0FFFFFFFFFFFFFFFF22
:10FB30000BE95BBDFEFFFFFF000000C0FFFFFFFF02
:10FB4000FFFFFFFFAF49973DFEFFFFFF000000C032
:10FB5000FFFFFFFFFFFFFFFF0F34BCBCFEFFFFFFF7
:10FB6000000000C0FFFFFFFFFFFFFFFFE4C5813D76
:10FB7000FEFFFFFF000000C0FFFFFFFFFFFFFFFFD2
:10FB80005D70253DFEFFFFFF000000C0FFFFFFFF8F
:10FB9000FFFFFFFF6E2892BDFEFFFFFF000000C0C9
:10FBA000FFFFFFFFFFFFFFFF6F468EBCFEFFFFFF63
:10FBB000000000C0FFFFFFFFFFFFFFFFC078E73D31
:10FBC000FEFFFFFF000000C0FFFFFFFFFFFFFFFF82
:10FBD000587BADBDFEFFFFFF000000C0FFFFFFFF31
:10FBE000FFFFFFFFD8474E3DFEFFFFFF000000C0B4
:10FBF000FFFFFFFFFFFFFFFF0B17023DFEFFFFFFB1
:10FC0000000000C0FFFFFFFFFFFFFFFF0675CABC3B
:10FC1000FEFFFFFF000000C0FFFFFFFFFFFFFFFF31
:10FC20003611EABDFEFFFFFF000000C0FFFFFFFF2F
:10FC3000FFFFFFFF000000800200000074732FC46C
:10FC4000701C0000711C0000000000C001000000DA
:10FC5000629F7744721C0000731C0000000000C00B
:10FC60000000000031FE3744741C0000751C0000C9
:10FC7000000000C000000000313E2844761C000057
:10FC8000771C0000000000C00000000074F033C5C5
:10FC9000781C0000791C0000000000C0010000007A
:10FCA000B1EFEF447A1C00007B1C0000000000C094
:10FCB000040000007F94AAC17C1C00007D1C000091
:10FCC000000000C0040000008F3277437E1C00005B
:10FCD0007F1C0000000000C001000000C4BEB04353
:10FCE000801C0000811C0000000000C0FEFFFFFF20
:10FCF000000000C0FFFFFFFFFFFFFFFF00000080CC
:10FD000004000000F610ABC3821C0000831C00003E
:10FD1000000000C0000000009E83AFC3841C0000F0
:10FD2000851C0000000000C004000000859B3543D6
:10FD3000861C0000871C0000000000C001000000BD
:10FD4000B14FB544881C0000891C0000000000C0B1
:10FD500001000000B1EF96448A1C00008B1C0000DB
:10FD6000000000C0FEFFFFFF000000C0FFFFFFFF1C
:10FD7000FFFFFFFF30B8D13DFEFFFFFF000000C0D6
:10FD8000FFFFFFFFFFFFFFFF004A8B38FEFFFFFF73
:10FD9000000000C0FFFFFFFFFFFFFFFF6957A3BD8B
:10FDA000FEFFFFFF000000C0FFFFFFFFFFFFFFFFA0
:10FDB00000000080FEFFFFFF000000C0FFFFFFFF0C
:10FDC000FFFFFFFF00000080FEFFFFFF000000C0FC
:10FDD000FFFFFFFFFFFFFFFF351DBDBDFEFFFFFF64
:10FDE000000000C0FFFFFFFFFFFFFFFF257D8FBD6D
:10FDF000FEFFFFFF000000C0FFFFFFFFFFFFFFFF50
:10FE00006D1D4DBCFEFFFFFF000000C0FFFFFFFFA8
:10FE1000FFFFFFFF4338CF3DFEFFFFFF000000C0A4
:10FE2000FFFFFFFFFFFFFFFF00000080FEFFFFFF5F
:10FE3000000000C0FFFFFFFFFFFFFFFF6AA3C53DFB
:10FE4000FEFFFFFF000000C0FFFFFFFFFFFFFFFFFF
:10FE50008BA87EBDFEFFFFFF000000C0FFFFFFFF7D
:10FE6000FFFFFFFFABC25ABCFEFFFFFF000000C058
:10FE7000FFFFFFFFFFFFFFFF77CFCB3D0400000038
:10FE80005C9F04C38D1C00008E1C0000000000C09D
:10FE9000020000005C64AA428F1C0000901C00005D
:10FEA000000000C0040000006CBDB141911C0000C6
:10FEB000921C0000000000C003000000555B9DC1C3
:10FEC000931C0000941C0000000000C00100000012
:10FED000B1AF9D44951C0000961C0000000000C0BE
:10FEE0000300000032E690C2971C0000981C00003E
:10FEF000000000C003000000DEE06CC2991C00009E
:10FF00009A1C0000000000C00100000010FBE2424B
:10FF10009B1C00009C1C0000000000C004000000AE
:10FF2000EC6156C39D1C00009E1C0000000000C038
:10FF30000100000078824FC39F1C0000A01C00003D
:10FF4000000000C0FEFFFFFF000000C0FFFFFFFF3A
:10FF5000FFFFFFFF00000080020000001799A6438A
:10FF6000A11C0000A21C0000000000C00100000055
:10FF7000B1EF9644A31C0000A41C0000000000C0C8
:10FF8000010000003C41E2C3A51C0000A61C0000CB
:10FF9000000000C003000000A70A4942A71C00009F
:10FFA000A81C0000000000C0FEFFFFFF000000C012
:10FFB000FFFFFFFFFFFFFFFF00000080FEFFFFFFCE
:10FFC000000000C0FFFFFFFFFFFFFFFFE07AE0BD82
:10FFD000FEFFFFFF000000C0FFFFFFFFFFFFFFFF6E
:10FFE0000888783DFEFFFFFF000000C0FFFFFFFF15
:10FFF000FFFFFFFF63ADBEBCFEFFFFFF000000C0C0
:020000040803EF
:10000000FFFFFFFFFFFFFFFFED3CB43CFEFFFFFFE4
:10001000000000C0FFFFFFFFFFFFFFFF00E0503EBA
:10002000FEFFFFFF000000C0FFFFFFFFFFFFFFFF1D
:1000300013DF85BDFEFFFFFF000000C0FFFFFFFFD5
:10004000FFFFFFFFA1BE943DFEFFFFFF000000C0C9
:10005000FFFFFFFFFFFFFFFF342C26BDFEFFFFFF6A
:10006000000000C0FFFFFFFFFFFFFFFFC0859B3CBC
:10007000FEFFFFFF000000C0FFFFFFFFFFFFFFFFCD
:10008000C3A1283CFEFFFFFF000000C0FFFFFFFFF1
:10009000FFFFFFFFEECE87BDFEFFFFFF000000C0A9
:1000A000FFFFFFFFFFFFFFFF6097643DFEFFFFFFC5
:1000B000000000C0FFFFFFFFFFFFFFFF0C8C02BC32
:1000C00003000000D1D168C3AA1C0000AB1C0000D3
:1000D000000000C004000000261C3642AC1C0000DA
:1000E000AD1C0000000000C001000000621F0744BA
:1000F000AE1C0000AF1C0000000000C001000000AA
:1001000062DF2544B01C0000B11C0000000000C0EC
:10011000FEFFFFFF000000C0FFFFFFFFFFFFFFFF2C
:10012000B60B88BA04000000AE1E3841B21C0000B5
:10013000B31C0000000000C004000000D68383420E
:10014000B41C0000B51C0000000000C0010000004D
:100150004F1086C4B61C0000B71C0000000000C091
:10016000FEFFFFFF000000C0FFFFFFFFFFFFFFFFDC
:1001700000000080020000008C0C4944B81C000004
:10018000B91C0000000000C0030000009FEB6343A7
:10019000BA1C0000BB1C0000000000C003000000EF
:1001A00068B3E742BC1C0000BD1C0000000000C09A
:1001B00001000000B18FC144BE1C0000BF1C000044
:1001C000000000C0FEFFFFFF000000C0FFFFFFFFB8
:1001D000FFFFFFFF00000080FEFFFFFF000000C0E8
:1001E000FFFFFFFFFFFFFFFFF884DB3DFEFFFFFF88
:1001F000000000C0FFFFFFFFFFFFFFFFCF35A7BDDF
:10020000FEFFFFFF000000C0FFFFFFFFFFFFFFFF3B
:10021000ED2F1D3DFEFFFFFF000000C0FFFFFFFFB1
:10022000FFFFFFFF95FA183DFEFFFFFF000000C033
:10023000FFFFFFFFFFFFFFFF46041CBEFEFFFFFFA7
:10024000000000C0FFFFFFFFFFFFFFFFA9C5593CF3
:10025000FEFFFFFF000000C0FFFFFFFFFFFFFFFFEB
:100260006F199E3DFEFFFFFF000000C0FFFFFFFF74
:10027000FFFFFFFF7E6118BEFEFFFFFF000000C012
:10028000FFFFFFFFFFFFFFFF0000008005000000F1
:1002900034EB3143C11C0000C21C0000000000C050
:1002A00004000000CA8C0B42C31C0000C41C0000E8
:1002B000000000C004000000EAB1CE42C51C0000EE
:1002C000C61C0000000000C0040000002C9C43C2BB
:1002D000C71C0000C81C0000000000C00100000096
:1002E000F0049DC2C91C0000CA1C0000000000C030
:1002F000020000002E320443CB1C0000CC1C000086
:10030000000000C00200000074B341C4CD1C000016
:10031000CE1C0000000000C0050000002D8A33C183
:10032000CF1C0000D01C0000000000C00100000035
:1003300062DF7F44D11C0000D21C0000000000C01E
:10034000020000008C8C1F44D31C0000D41C000051
:10035000000000C001000000B1AF9D44D51C0000AA
:10036000D61C0000000000C005000000C3118F4330
:10037000D71C0000D81C0000000000C002000000D4
:1003800046A6AB44D91C0000DA1C0000000000C0E7
:10039000FEFFFFFF000000C0FFFFFFFFFFFFFFFFAA
:1003A00000000080FEFFFFFF000000C0FFFFFFFF16
:1003B000FFFFFFFFD0A62B3EFEFFFFFF000000C0A7
:1003C000FFFFFFFFFFFFFFFF752B853CFEFFFFFFD9
:1003D000000000C0FFFFFFFFFFFFFFFFE052D7BD9F
:1003E000FEFFFFFF000000C0FFFFFFFFFFFFFFFF5A
:1003F000FFD4EE3BFEFFFFFF000000C0FFFFFFFF4A
:10040000FFFFFFFFAC3A833DFEFFFFFF000000C08F
:10041000FFFFFFFFFFFFFFFF82DBA1BDFEFFFFFF2E
:10042000000000C0FFFFFFFFFFFFFFFF0000008094
:10043000FEFFFFFF000000C0FFFFFFFFFFFFFFFF09
:100440003A44D93CFEFFFFFF000000C0FFFFFFFF62
:10045000FFFFFFFFAF8F02BEFEFFFFFF000000C0E7
:10046000FFFFFFFFFFFFFFFF60DD84BDFEFFFFFF1B
:10047000000000C0FFFFFFFFFFFFFFFF0000008044
:10048000FEFFFFFF000000C0FFFFFFFFFFFFFFFFB9
:10049000179A943DFEFFFFFF000000C0FFFFFFFF23
:1004A000FFFFFFFF23B3F4BC00000000C4F8774354
:1004B000DC1C0000DD1C0000000000C00500000086
:1004C00054A8E742DE1C0000DF1C0000000000C052
:1004D00004000000CE7ACA40E01C0000E11C0000CD
:1004E000000000C005000000AC57CAC2E21C0000BA
:1004F000E31C0000000000C0FEFFFFFF000000C082
:10050000FFFFFFFFFFFFFFFFD3B1D0BDFEFFFFFFE7
:10051000000000C0FFFFFFFFFFFFFFFFD23AFABD60
:1005200004000000261C3642E41C0000E51C00000C
:10053000000000C0010000009E200DC4E61C000069
:10054000E71C0000000000C00100000062DF25443D
:10055000E81C0000E91C0000000000C005000000CD
:100560007699F2C0EA1C0000EB1C0000000000C0FD
:10057000FEFFFFFF000000C0FFFFFFFFFFFFFFFFC8
:1005800000000080FEFFFFFF000000C0FFFFFFFF34
:10059000FFFFFFFF00000080FEFFFFFF000000C024
:1005A000FFFFFFFFFFFFFFFFC38ED9BDFEFFFFFF71
:1005B000000000C0FFFFFFFFFFFFFFFF9E7D2D3CFF
:1005C000FEFFFFFF000000C0FFFFFFFFFFFFFFFF78
:1005D0003DC8A3BDFEFFFFFF000000C0FFFFFFFFFF
:1005E000FFFFFFFFF7F2683EFEFFFFFF000000C0C5
:1005F000FFFFFFFFFFFFFFFF00000080040000007F
:10060000B77097C0ED1C0000EE1C0000000000C099
:10061000050000007699BAC0EF1C0000F01C000035
:10062000000000C005000000A180A6C2F11C00006F
:10063000F21C0000000000C00300000078A737C0D3
:10064000F31C0000F41C0000000000C003000000C8
:10065000E8B720C2F51C0000F61C0000000000C036
:1006600004000000E1EA2243F71C0000F81C00002F
:10067000000000C0030000009FEB6343F91C000072
:10068000FA1C0000000000C004000000F7C8B6C259
:10069000FB1C0000FC1C0000000000C0000000006B
:1006A000E880F0C4FD1C0000FE1C0000000000C03B
:1006B00005000000AC30D541FF1C0000001D00000B
:1006C000000000C00300000096F6E841011D000094
:1006D000021D0000000000C00300000038781BC3AA
:1006E000031D0000041D0000000000C00500000004
:1006F00014F2ACC3051D0000061D0000000000C080
:100700000000000031BE0144071D0000081D00006C
:10071000000000C004000000CBAC9E42091D000098
:100720000A1D0000000000C0FEFFFFFF000000C027
:10073000FFFFFFFFFFFFFFFFB7C305BEFEFFFFFF89
:10074000000000C0FFFFFFFFFFFFFFFF645FD83C1A
:10075000FEFFFFFF000000C0FFFFFFFFFFFFFFFFE6
:1007600000000080FEFFFFFF000000C0FFFFFFFF52
:10077000FFFFFFFFAD8E06BEFEFFFFFF000000C0C3
:10078000FFFFFFFFFFFFFFFF53A20A3CFEFFFFFF3B
:10079000000000C0FFFFFFFFFFFFFFFF2A24BFBDD7
:1007A000FEFFFFFF000000C0FFFFFFFFFFFFFFFF96
:1007B00096258B3DFEFFFFFF000000C0FFFFFFFFFF
:1007C000FFFFFFFF5028A23BFEFFFFFF000000C01D
:1007D000FFFFFFFFFFFFFFFF00000080FEFFFFFFA6
:1007E000000000C0FFFFFFFFFFFFFFFF59F8DABD69
:1007F000FEFFFFFF000000C0FFFFFFFFFFFFFFFF46
:10080000E27760BBFEFFFFFF000000C0FFFFFFFFBD
:10081000FFFFFFFF3F6DA73DFEFFFFFF000000C091
:10082000FFFFFFFFFFFFFFFF716686BDFEFFFFFFBB
:10083000000000C0FFFFFFFFFFFFFFFF7D71913C45
:10084000FEFFFFFF000000C0FFFFFFFFFFFFFFFFF5
:1008500000000080FEFFFFFF000000C0FFFFFFFF61
:10086000FFFFFFFFFC2FB13D0000000088F1B74201
:100870000C1D00000D1D0000000000C00200000063
:1008800000E9E6BF0E1D00000F1D0000000000C0C3
:10089000020000004686C644101D0000111D000025
:1008A000000000C001000000C43EFC43121D000017
:1008B000131D0000000000C001000000887D65439A
:1008C000141D0000151D0000000000C00400000001
:1008D000FAA898C1161D0000171D0000000000C0F6
:1008E0000400000047111143181D0000191D0000ED
:1008F000000000C004000000E31AF4C21A1D00004A
:100900001B1D0000000000C000000000CF414FC4CC
:100910001C1D00001D1D0000000000C004000000A0
:100920001FD543C31E1D00001F1D0000000000C096
:10093000040000002C9C66C2201D0000211D000048
:10094000000000C00000000031FE0944221D00002C
:10095000231D0000000000C001000000B16FDD4455
:10096000241D0000251D0000000000C00400000040
:1009700065B8C8C0261D0000271D0000000000C08B
:10098000FEFFFFFF000000C0FFFFFFFFFFFFFFFFB4
:1009900000000080FEFFFFFF000000C0FFFFFFFF20
:1009A000FFFFFFFF47BDD0BAFEFFFFFF000000C002
:1009B000FFFFFFFFFFFFFFFFC543843DFEFFFFFF7B
:1009C000000000C0FFFFFFFFFFFFFFFF00000080EF
:1009D000FEFFFFFF000000C0FFFFFFFFFFFFFFFF64
:1009E00092B6A6BDFEFFFFFF000000C0FFFFFFFFA5
:1009F000FFFFFFFF00000080FEFFFFFF000000C0C0
:100A0000FFFFFFFFFFFFFFFF9D30EDBDFEFFFFFF7C
:100A1000000000C0FFFFFFFFFFFFFFFF84D8AF3ED5
:100A2000FEFFFFFF000000C0FFFFFFFFFFFFFFFF13
:100A300000000080FEFFFFFF000000C0FFFFFFFF7F
:100A4000FFFFFFFF6932CEBCFEFFFFFF000000C0CA
:100A5000FFFFFFFFFFFFFFFFCCA1213DFEFFFFFFD8
:100A6000000000C0FFFFFFFFFFFFFFFF011E2CBDC6
:100A7000FEFFFFFF000000C0FFFFFFFFFFFFFFFFC3
:100A8000F56EA43DFEFFFFFF000000C0FFFFFFFF6B
:100A9000FFFFFFFF00000080FEFFFFFF000000C01F
:100AA000FFFFFFFFFFFFFFFF9E5D1D3E01000000F7
:100AB000D8B74145291D00002A1D0000000000C0D4
:100AC00002000000D2CD0CC32B1D00002C1D000025
:100AD000000000C000000000C4F85D432D1D0000B0
:100AE0002E1D0000000000C0040000007ACCFD4371
:100AF0002F1D0000301D0000000000C00400000099
:100B00003E5A15C3311D0000321D0000000000C018
:100B1000040000007B2423C3331D0000341D0000AB
:100B2000000000C0FEFFFFFF000000C0FFFFFFFF4E
:100B3000FFFFFFFF00000080000000003C0716C31D
:100B4000351D0000361D0000000000C00000000040
:100B500074F033C5371D0000381D0000000000C0D0
:100B600000000000317E1244391D00003A1D0000D3
:100B7000000000C002000000483737C23B1D0000E3
:100B80003C1D0000000000C0FEFFFFFF000000C091
:100B9000FFFFFFFFFFFFFFFF00000080FEFFFFFFE2
:100BA000000000C0FFFFFFFFFFFFFFFFD931333E12
:100BB000FEFFFFFF000000C0FFFFFFFFFFFFFFFF82
:100BC000B316B8BDFEFFFFFF000000C0FFFFFFFF30
:100BD000FFFFFFFFFD1D48BAFEFFFFFF000000C042
:100BE000FFFFFFFFFFFFFFFFA1CAA1BCFEFFFFFF4A
:100BF000000000C0FFFFFFFFFFFFFFFF714EA83D99
:100C0000FEFFFFFF000000C0FFFFFFFFFFFFFFFF31
:100C1000C4ABEA3DFEFFFFFF000000C0FFFFFFFF87
:100C2000FFFFFFFF00000080FEFFFFFF000000C08D
:100C3000FFFFFFFFFFFFFFFF25F0DB3DFEFFFFFF94
:100C4000000000C0FFFFFFFFFFFFFFFF87C018BBD2
:100C500000000000313E28443E1D00003F1D000002
:100C6000000000C0050000002A544443401D00005D
:100C7000411D0000000000C0010000003C41CDC348
:100C8000421D0000431D0000000000C005000000E0
:100C90006B461642441D0000451D0000000000C0C8
:100CA000040000000F57E0C1461D0000471D000072
:100CB000000000C0FEFFFFFF000000C0FFFFFFFFBD
:100CC000FFFFFFFF00000080050000002A541A43C8
:100CD000481D0000491D0000000000C00100000088
:100CE000887D4A434A1D00004B1D0000000000C0E3
:100CF00004000000920214C24C1D00004D1D0000B3
:100D0000000000C0FEFFFFFF000000C0FFFFFFFF6C
:100D1000FFFFFFFF0000008001000000B16FD04422
:100D20004E1D00004F1D0000000000C00500000027
:100D30007C2B8CC1501D0000511D0000000000C024
:100D4000FEFFFFFF000000C0FFFFFFFFFFFFFFFFF0
:100D5000766DA83AFEFFFFFF000000C0FFFFFFFF17
:100D6000FFFFFFFF64E46EBDFEFFFFFF000000C059
:100D7000FFFFFFFFFFFFFFFFBD2F003DFEFFFFFF57
:100D8000000000C0FFFFFFFFFFFFFFFF130FC9BD03
:100D9000FEFFFFFF000000C0FFFFFFFFFFFFFFFFA0
:100DA000BB4E683DFEFFFFFF000000C0FFFFFFFFDE
:100DB000FFFFFFFF0D4545BEFEFFFFFF000000C027
:100DC000FFFFFFFFFFFFFFFF00000080FEFFFFFFB0
:100DD000000000C0FFFFFFFFFFFFFFFF00000080DB
:100DE000FEFFFFFF000000C0FFFFFFFFFFFFFFFF50
:100DF000F30B3FBE04000000878B9FC2531D000011
:100E0000541D0000000000C001000000F0048BC26F
:100E1000551D0000561D0000000000C00500000028
:100E20007D04E442571D0000581D0000000000C072
:100E3000050000005FBD06C1591D00005A1D0000DD
:100E4000000000C0000000009E03D4C35B1D000032
:100E50005C1D0000000000C000000000CF413CC449
:100E60005D1D00005E1D0000000000C000000000CD
:100E7000C4F832435F1D0000601D0000000000C088
:100E80000000000088F1EF42611D0000621D0000BB
:100E9000000000C0050000008F5EAA43631D000033
:100EA000641D0000000000C0FEFFFFFF000000C046
:100EB000FFFFFFFFFFFFFFFF0000008005000000B5
:100EC00028E40EC3651D0000661D0000000000C080
:100ED00005000000D9938242671D0000681D0000D4
:100EE000000000C0010000009E2059C4691D0000E0
:100EF0006A1D0000000000C001000000B10F844422
:100F00006B1D00006C1D0000000000C0050000000B
:100F1000C4ED6C436D1D00006E1D0000000000C09C
:100F2000FEFFFFFF000000C0FFFFFFFFFFFFFFFF0E
:100F3000FFC7453EFEFFFFFF000000C0FFFFFFFFB1
:100F4000FFFFFFFF00000080FEFFFFFF000000C06A
:100F5000FFFFFFFFFFFFFFFFB92BDBBDFEFFFFFF22
:100F6000000000C0FFFFFFFFFFFFFFFF0000008049
:100F7000FEFFFFFF000000C0FFFFFFFFFFFFFFFFBE
:100F800000000080FEFFFFFF000000C0FFFFFFFF2A
:100F9000FFFFFFFF17C7F5BDFEFFFFFF000000C00A
:100FA000FFFFFFFFFFFFFFFFF879C7BDFEFFFFFF59
:100FB000000000C0FFFFFFFFFFFFFFFF00000080F9
:100FC000FEFFFFFF000000C0FFFFFFFFFFFFFFFF6E
:100FD000E31F843DFEFFFFFF000000C0FFFFFFFF97
:100FE000FFFFFFFF08B9BBBBFEFFFFFF000000C013
:100FF000FFFFFFFFFFFFFFFF2DFDBE3DFEFFFFFFD9
:10100000000000C0FFFFFFFFFFFFFFFF00000080A8
:10101000FEFFFFFF000000C0FFFFFFFFFFFFFFFF1D
:1010200056EB02BEFEFFFFFF000000C0FFFFFFFF08
:10103000FFFFFFFF9044433D0100000062DF2544B5
:10104000701D0000711D0000000000C005000000C0
:101050002D8A4FC1721D0000731D0000000000C0EA
:10106000FEFFFFFF000000C0FFFFFFFFFFFFFFFFCD
:10107000681DDDBD0400000068868BC2741D000081
:10108000751D0000000000C0050000004CC11A42A0
:10109000761D0000771D0000000000C00000000069
:1010A0003C0776C3781D0000791D0000000000C0D9
:1010B0000000000088F1C3427A1D00007B1D000083
:1010C000000000C004000000610FF5C17C1D00009D
:1010D0007D1D0000000000C0010000003C41AAC3CB
:1010E0007E1D00007F1D0000000000C0FEFFFFFF0E
:1010F000000000C0FFFFFFFFFFFFFFFF0D2F213E9D
:10110000FEFFFFFF000000C0FFFFFFFFFFFFFFFF2C
:1011100000000080FEFFFFFF000000C0FFFFFFFF98
:10112000FFFFFFFF184840BDFEFFFFFF000000C0AB
:10113000FFFFFFFFFFFFFFFF00000080FEFFFFFF3C
:10114000000000C0FFFFFFFFFFFFFFFF78F117BCAB
:10115000FEFFFFFF000000C0FFFFFFFFFFFFFFFFDC
:101160006AE2363DFEFFFFFF000000C0FFFFFFFF09
:10117000FFFFFFFF5118C03BFEFFFFFF000000C054
:10118000FFFFFFFFFFFFFFFF4E501FBD02000000EB
:101190008C0C3444811D0000821D0000000000C042
:1011A00003000000049A1F42831D0000841D0000FC
:1011B000000000C00300000006524943851D0000E6
:1011C000861D0000000000C004000000E31AF4C205
:1011D000871D0000881D0000000000C00400000002
:1011E00015FE18C3891D00008A1D0000000000C004
:1011F00000000000E8C0B2C48B1D00008C1D000080
:10120000000000C000000000780EFAC28D1D000032
:101210008E1D0000000000C0030000001CE2FA4127
:101220008F1D0000901D0000000000C004000000A1
:10123000288530C1911D0000921D0000000000C0F3
:10124000020000005C64AA42931D0000941D00008F
:10125000000000C000000000E039F0C1951D000052
:10126000961D0000000000C004000000BB5E17C215
:10127000971D0000981D0000000000C00300000042
:101280008BBD1843991D00009A1D0000000000C08E
:1012900004000000B6DE56429B1D00009C1D0000AD
:1012A000000000C0FEFFFFFF000000C0FFFFFFFFC7
:1012B000FFFFFFFF00000080FEFFFFFF000000C0F7
:1012C000FFFFFFFFFFFFFFFF85EFF5BDFEFFFFFF05
:1012D000000000C0FFFFFFFFFFFFFFFF00000080D6
:1012E000FEFFFFFF000000C0FFFFFFFFFFFFFFFF4B
:1012F0004B375A3DFEFFFFFF000000C0FFFFFFFF1E
:10130000FFFFFFFFD98C1B3CFEFFFFFF000000C06A
:10131000FFFFFFFFFFFFFFFFDE34943DFEFFFFFFF7
:10132000000000C0FFFFFFFFFFFFFFFFE1B72DBE82
:10133000FEFFFFFF000000C0FFFFFFFFFFFFFFFFFA
:1013400067C1453BFEFFFFFF000000C0FFFFFFFF3E
:10135000FFFFFFFFE80887BDFEFFFFFF000000C0A2
:10136000FFFFFFFFFFFFFFFF4625803DFEFFFFFF62
:10137000000000C0FFFFFFFFFFFFFFFF0000008035
:10138000FEFFFFFF000000C0FFFFFFFFFFFFFFFFAA
:101390000571CFBDFEFFFFFF000000C0FFFFFFFF94
:1013A000FFFFFFFF00000080FEFFFFFF000000C006
:1013B000FFFFFFFFFFFFFFFF65C2C43DFEFFFFFF12
:1013C000000000C0FFFFFFFFFFFFFFFF00000080E5
:1013D00004000000C26558439E1D00009F1D0000D0
:1013E000000000C00200000074734DC4A01D000086
:1013F000A11D0000000000C002000000BA59ACC4EA
:10140000A21D0000A31D0000000000C0010000009C
:1014100010FBBA42A41D0000A51D0000000000C082
:10142000030000004057BA42A61D0000A71D00009F
:10143000000000C001000000621F0444A81D00005D
:10144000A91D0000000000C00300000089921CC418
:10145000AA1D0000AB1D0000000000C0030000003A
:1014600041A44E42AC1D0000AD1D0000000000C0B4
:1014700003000000A7D9A443AE1D0000AF1D00006B
:10148000000000C004000000E31ABCC2B01D000050
:10149000B11D0000000000C001000000B1AFAC446D
:1014A000B21D0000B31D0000000000C001000000DC
:1014B000F004CDC2B41D0000B51D0000000000C046
:1014C00003000000A7F9D443B61D0000B71D0000BB
:1014D000000000C0FEFFFFFF000000C0FFFFFFFF95
:1014E000FFFFFFFF63EB773C01000000629F2E448B
:1014F000B81D0000B91D0000000000C0FEFFFFFF86
:10150000000000C0FFFFFFFFFFFFFFFF5820FF3C70
:10151000FEFFFFFF000000C0FFFFFFFFFFFFFFFF18
:1015200071CF333EFEFFFFFF000000C0FFFFFFFF53
:10153000FFFFFFFF2B35C5BDFEFFFFFF000000C012
:10154000FFFFFFFFFFFFFFFFF553683CFEFFFFFFBC
:10155000000000C0FFFFFFFFFFFFFFFFFDEFFA3CB1
:10156000FEFFFFFF000000C0FFFFFFFFFFFFFFFFC8
:10157000453A29B9FEFFFFFF000000C0FFFFFFFF53
:10158000FFFFFFFF70E86FBDFEFFFFFF000000C020
:10159000FFFFFFFFFFFFFFFFAF3A9B3DFEFFFFFF97
:1015A000000000C0FFFFFFFFFFFFFFFF0927103B08
:1015B000FEFFFFFF000000C0FFFFFFFFFFFFFFFF78
:1015C000A140123EFEFFFFFF000000C0FFFFFFFF33
:1015D000FFFFFFFFD8A20ABEFEFFFFFF000000C012
:1015E000FFFFFFFFFFFFFFFF00000080FEFFFFFF88
:1015F000000000C0FFFFFFFFFFFFFFFFA8FD0DBEC3
:10160000FEFFFFFF000000C0FFFFFFFFFFFFFFFF27
:101610000000008004000000AFD77EC3BB1D0000A7
:10162000BC1D0000000000C00100000010FBE242F1
:10163000BD1D0000BE1D0000000000C00400000031
:101640008F327743BF1D0000C01D0000000000C0A6
:10165000050000007D04E442C11D0000C21D000021
:10166000000000C002000000E966EAC3C31D0000DC
:10167000C41D0000000000C002000000743319C443
:10168000C51D0000C61D0000000000C005000000D0
:10169000A180A6C2C71D0000C81D0000000000C038
:1016A00002000000BAD982C4C91D0000CA1D000092
:1016B000000000C0FEFFFFFF000000C0FFFFFFFFB3
:1016C000FFFFFFFF00000080050000007E2BEEC141
:1016D000CB1D0000CC1D0000000000C00200000077
:1016E00046469444CD1D0000CE1D0000000000C001
:1016F00005000000C2D9D9C3CF1D0000D01D0000D5
:10170000000000C001000000788219C3D11D000054
:10171000D21D0000000000C001000000625F4344D1
:10172000D31D0000D41D0000000000C00200000016
:10173000BAF9E5C4D51D0000D61D0000000000C0A8
:10174000FEFFFFFF000000C0FFFFFFFFFFFFFFFFE6
:1017500000000080FEFFFFFF000000C0FFFFFFFF52
:10176000FFFFFFFF1289093EFEFFFFFF000000C0E0
:10177000FFFFFFFFFFFFFFFF00000080FEFFFFFFF6
:10178000000000C0FFFFFFFFFFFFFFFFB20F02BE20
:10179000FEFFFFFF000000C0FFFFFFFFFFFFFFFF96
:1017A000EBC3943DFEFFFFFF000000C0FFFFFFFF03
:1017B000FFFFFFFF00000080FEFFFFFF000000C0F2
:1017C000FFFFFFFFFFFFFFFF1982DB3DFEFFFFFF73
:1017D000000000C0FFFFFFFFFFFFFFFF4D7E6BBD5E
:1017E000FEFFFFFF000000C0FFFFFFFFFFFFFFFF46
:1017F00063EB0EBDFEFFFFFF000000C0FFFFFFFF19
:10180000FFFFFFFF3A13053CFEFFFFFF000000C093
:10181000FFFFFFFFFFFFFFFF0BF101BDFEFFFFFF1B
:10182000000000C0FFFFFFFFFFFFFFFFB643843D46
:10183000FEFFFFFF000000C0FFFFFFFFFFFFFFFFF5
:10184000FAF9A43CFEFFFFFF000000C0FFFFFFFF0E
:10185000FFFFFFFFC9FBFC3D05000000A180A6C201
:10186000D81D0000D91D0000000000C000000000CD
:1018700062FC9C43DA1D0000DB1D0000000000C07C
:101880000500000016262343DC1D0000DD1D0000BE
:10189000000000C0FEFFFFFF000000C0FFFFFFFFD1
:1018A000FFFFFFFF6871E8BD0500000028E40EC3DC
:1018B000DE1D0000DF1D0000000000C0020000006F
:1018C000E9E6A9C3E01D0000E11D0000000000C022
:1018D0000000000062FCFF43E21D0000E31D000069
:1018E000000000C0FEFFFFFF000000C0FFFFFFFF81
:1018F000FFFFFFFF515E84BD0200000017198843FF
:10190000E41D0000E51D0000000000C0FEFFFFFF19
:10191000000000C0FFFFFFFFFFFFFFFFD076D1BD3B
:1019200004000000DAE320C2E61D0000E71D00000D
:10193000000000C0000000003C077BC3E81D000061
:10194000E91D0000000000C00400000062E6A9419B
:10195000EA1D0000EB1D0000000000C0FEFFFFFFBD
:10196000000000C0FFFFFFFFFFFFFFFF000000803F
:10197000FEFFFFFF000000C0FFFFFFFFFFFFFFFFB4
:101980006C49A63DFEFFFFFF000000C0FFFFFFFF08
:10199000FFFFFFFFA311C1BCFEFFFFFF000000C05F
:1019A000FFFFFFFFFFFFFFFFD91DAC3CFEFFFFFF66
:1019B000000000C0FFFFFFFFFFFFFFFF00000080EF
:1019C000FEFFFFFF000000C0FFFFFFFFFFFFFFFF64
:1019D000A88BDDBDFEFFFFFF000000C0FFFFFFFF83
:1019E000FFFFFFFF67E5C03DFEFFFFFF000000C0F7
:1019F000FFFFFFFFFFFFFFFF00000080030000006C
:101A00005A42DAC2ED1D0000EE1D0000000000C0C9
:101A1000050000009E792F42EF1D0000F01D000020
:101A2000000000C004000000594F1E42F11D0000DC
:101A3000F21D0000000000C00500000084731DC3FB
:101A4000F31D0000F41D0000000000C003000000B2
:101A5000E63F1FC3F51D0000F61D0000000000C09A
:101A6000050000005A9F92C2F71D0000F81D0000FB
:101A7000000000C0050000000270DD42F91D0000FA
:101A8000FA1D0000000000C004000000CA8C0B42D8
:101A9000FB1D0000FC1D0000000000C00100000054
:101AA0009E2059C4FD1D0000FE1D0000000000C066
:101AB0000400000062E6D341FF1D0000001E00008C
:101AC000000000C0FEFFFFFF000000C0FFFFFFFF9F
:101AD000FFFFFFFF0000008004000000AE1E384141
:101AE000011E0000021E0000000000C001000000F6
:101AF000B10F8444031E0000041E0000000000C05B
:101B0000030000006499C9C2051E0000061E000003
:101B1000000000C00300000062210243071E000015
:101B2000081E0000000000C0FEFFFFFF000000C014
:101B3000FFFFFFFFFFFFFFFFBF15A03DFEFFFFFF01
:101B4000000000C0FFFFFFFFFFFFFFFFDAC785BCFB
:101B5000FEFFFFFF000000C0FFFFFFFFFFFFFFFFD2
:101B600099DB8A3DFEFFFFFF000000C0FFFFFFFF83
:101B7000FFFFFFFF661CE8BDFEFFFFFF000000C087
:101B8000FFFFFFFFFFFFFFFF00000080FEFFFFFFE2
:101B9000000000C0FFFFFFFFFFFFFFFF04F84A3E09
:101BA000FEFFFFFF000000C0FFFFFFFFFFFFFFFF82
:101BB00061EAB43DFEFFFFFF000000C0FFFFFFFF32
:101BC000FFFFFFFF00000080FEFFFFFF000000C0DE
:101BD000FFFFFFFFFFFFFFFFC41F09BBFEFFFFFF6B
:101BE000000000C0FFFFFFFFFFFFFFFF4894963D8E
:101BF000FEFFFFFF000000C0FFFFFFFFFFFFFFFF32
:101C000000000080FEFFFFFF000000C0FFFFFFFF9D
:101C1000FFFFFFFF634DC2BDFEFFFFFF000000C0DE
:101C2000FFFFFFFFFFFFFFFFE98FF83DFEFFFFFF14
:101C3000000000C0FFFFFFFFFFFFFFFFAE5278BCB8
:101C4000030000006EF0F7C20A1E00000B1E000029
:101C5000000000C004000000594F1E420C1E00008E
:101C60000D1E0000000000C004000000261C3642CB
:101C70000E1E00000F1E0000000000C0000000004B
:101C8000780EFAC2101E0000111E0000000000C0F5
:101C9000030000006B6B3DC3121E0000131E00000A
:101CA000000000C0040000000A6739C3141E0000D1
:101CB000151E0000000000C003000000469484C20E
:101CC000161E0000171E0000000000C0FEFFFFFFF0
:101CD000000000C0FFFFFFFFFFFFFFFFD6C546BEAD
:101CE00003000000E63F1FC3181E0000191E00007D
:101CF000000000C0FEFFFFFF000000C0FFFFFFFF6D
:101D0000FFFFFFFF00000080FEFFFFFF000000C09C
:101D1000FFFFFFFFFFFFFFFF5F1C0B3EFEFFFFFF0C
:101D2000000000C0FFFFFFFFFFFFFFFF1A1BABBD5E
:101D30000300000025CB54C11A1E00001B1E00002A
:101D4000000000C00500000096B901C21C1E000082
:101D50001D1E0000000000C005000000E4F58740E3
:101D60001E1E00001F1E0000000000C0FEFFFFFF3F
:101D7000000000C0FFFFFFFFFFFFFFFFACB1A8BDE9
:101D8000FEFFFFFF000000C0FFFFFFFFFFFFFFFFA0
:101D900087F9DA3CFEFFFFFF000000C0FFFFFFFFF6
:101DA000FFFFFFFF00000080FEFFFFFF000000C0FC
:101DB000FFFFFFFFFFFFFFFFB5A5F63CFEFFFFFFA4
:101DC000000000C0FFFFFFFFFFFFFFFF00000080DB
:101DD000FEFFFFFF000000C0FFFFFFFFFFFFFFFF50
:101DE000332CCC3DFEFFFFFF000000C0FFFFFFFFD4
:101DF000FFFFFFFF00000080FEFFFFFF000000C0AC
:101E0000FFFFFFFFFFFFFFFF52E927BE01000000B9
:101E10004F10E9C4211E0000221E0000000000C077
:101E200000000000E860C4C4231E0000241E00005F
:101E3000000000C00100000010FB8042251E0000D1
:101E4000261E0000000000C0FEFFFFFF000000C0D3
:101E5000FFFFFFFFFFFFFFFFDB89083E04000000DC
:101E600047599243271E0000281E0000000000C0B2
:101E70000400000029EC1FC3291E00002A1E0000D8
:101E8000000000C001000000C43E83432B1E000080
:101E90002C1E0000000000C00100000028380AC508
:101EA0002D1E00002E1E0000000000C003000000D8
:101EB00020528A422F1E0000301E0000000000C089
:101EC0000300000040579E42311E0000321E0000F9
:101ED000000000C0030000000CA4A442331E000058
:101EE000341E0000000000C00400000000502CC39D
:101EF000351E0000361E0000000000C0000000007B
:101F0000627CBE43371E0000381E0000000000C087
:101F1000FEFFFFFF000000C0FFFFFFFFFFFFFFFF0E
:101F2000615396BDFEFFFFFF000000C0FFFFFFFFF3
:101F3000FFFFFFFF00000080FEFFFFFF000000C06A
:101F4000FFFFFFFFFFFFFFFF9AF9293DFEFFFFFFA5
:101F5000000000C0FFFFFFFFFFFFFFFF0000008049
:101F6000FEFFFFFF000000C0FFFFFFFFFFFFFFFFBE
:101F7000728767BDFEFFFFFF000000C0FFFFFFFF8D
:101F8000FFFFFFFF70DDD03DFEFFFFFF000000C040
:101F9000FFFFFFFFFFFFFFFF171A9DBBFEFFFFFFC5
:101FA000000000C0FFFFFFFFFFFFFFFF0024D7BDC1
:101FB000FEFFFFFF000000C0FFFFFFFFFFFFFFFF6E
:101FC000859D15BDFEFFFFFF000000C0FFFFFFFF66
:101FD000FFFFFFFF5924793DFEFFFFFF000000C017
:101FE000FFFFFFFFFFFFFFFF5824EE3BFEFFFFFF59
:101FF000000000C0FFFFFFFFFFFFFFFF55614DBD69
:1020000000000000408C6F413A1E00003B1E0000A3
:10201000000000C0020000002E3213433C1E0000EE
:102020003D1E0000000000C0030000000834A54170
:102030003E1E00003F1E0000000000C00200000025
:102040005C648642401E0000411E0000000000C08B
:102050000200000046269E44421E0000431E00006F
:10206000000000C004000000EA7A01C1441E000024
:10207000451E0000000000C002000000743324C4AC
:10208000461E0000471E0000000000C003000000C4
:102090005AC2A5C2481E0000491E0000000000C030
:1020A00004000000ED71CEC24A1E00004B1E00006D
:1020B000000000C0030000009D3333424C1E0000AE
:1020C0004D1E0000000000C000000000CFC158C439
:1020D0004E1E00004F1E0000000000C00400000063
:1020E000867388C3501E0000511E0000000000C00F
:1020F000030000003BC1A7C3521E0000531E000096
:10210000000000C0040000008F327743541E00001E
:10211000551E0000000000C000000000183F8C4465
:10212000561E0000571E0000000000C0FEFFFFFF0B
:10213000000000C0FFFFFFFFFFFFFFFF800918BD89
:10214000FEFFFFFF000000C0FFFFFFFFFFFFFFFFDC
:102150008371E13CFEFFFFFF000000C0FFFFFFFFB7
:10216000FFFFFFFF1356373FFEFFFFFF000000C0D9
:10217000FFFFFFFFFFFFFFFF00000080FEFFFFFFEC
:10218000000000C0FFFFFFFFFFFFFFFFEF91D4BD86
:10219000FEFFFFFF000000C0FFFFFFFFFFFFFFFF8C
:1021A00000000080FEFFFFFF000000C0FFFFFFFFF8
:1021B000FFFFFFFF00000080FEFFFFFF000000C0E8
:1021C000FFFFFFFFFFFFFFFF366BCC3DFEFFFFFF72
:1021D000000000C0FFFFFFFFFFFFFFFFE2BEAABD40
:1021E000FEFFFFFF000000C0FFFFFFFFFFFFFFFF3C
:1021F000E02D953DFEFFFFFF000000C0FFFFFFFF49
:10220000FFFFFFFF5D592D3DFEFFFFFF000000C0F7
:10221000FFFFFFFFFFFFFFFF7D8B4FBDFEFFFFFFB7
:10222000000000C0FFFFFFFFFFFFFFFFA6F28E3D93
:10223000FEFFFFFF000000C0FFFFFFFFFFFFFFFFEB
:10224000449403BEFEFFFFFF000000C0FFFFFFFF3E
:10225000FFFFFFFFC361B5BDFEFFFFFF000000C031
:10226000FFFFFFFFFFFFFFFF37417E3D040000003F
:102270000AE74AC3591E00005A1E0000000000C0B1
:1022800000000000627C93435B1E00005C1E0000A7
:10229000000000C000000000C4F822435D1E0000E2
:1022A0005E1E0000000000C00200000074F314C4B1
:1022B0005F1E0000601E0000000000C00200000061
:1022C000D2CD5BC3611E0000621E0000000000C092
:1022D000020000001719A443631E0000641E0000E2
:1022E000000000C000000000C4F84143651E00006B
:1022F000661E0000000000C00000000088F1E542FA
:10230000671E0000681E0000000000C005000000FD
:10231000171EF442691E00006A1E0000000000C083
:1023200002000000743319C46B1E00006C1E000014
:10233000000000C0FEFFFFFF000000C0FFFFFFFF26
:10234000FFFFFFFF0000008004000000A388874318
:102350006D1E00006E1E0000000000C004000000A2
:102360004C61D7C16F1E0000701E0000000000C04D
:10237000050000005E7F9442711E0000721E000086
:10238000000000C005000000D047E840731E0000B8
:10239000741E0000000000C0FEFFFFFF000000C030
:1023A000FFFFFFFFFFFFFFFF7AECD9BCFEFFFFFF3F
:1023B000000000C0FFFFFFFFFFFFFFFFA0B2E43DF2
:1023C000FEFFFFFF000000C0FFFFFFFFFFFFFFFF5A
:1023D000DD3E013EFEFFFFFF000000C0FFFFFFFFEC
:1023E000FFFFFFFF00000080FEFFFFFF000000C0B6
:1023F000FFFFFFFFFFFFFFFF00000080FEFFFFFF6A
:10240000000000C0FFFFFFFFFFFFFFFF75E9FCBDFD
:10241000FEFFFFFF000000C0FFFFFFFFFFFFFFFF09
:10242000B9806DBDFEFFFFFF000000C0FFFFFFFF92
:10243000FFFFFFFF41DB813CFEFFFFFF000000C00C
:10244000FFFFFFFFFFFFFFFFEB4C893DFEFFFFFF9C
:10245000000000C0FFFFFFFFFFFFFFFF03F25CBBB8
:10246000FEFFFFFF000000C0FFFFFFFFFFFFFFFFB9
:10247000058C173EFEFFFFFF000000C0FFFFFFFFBF
:10248000FFFFFFFF00000080FEFFFFFF000000C015
:10249000FFFFFFFFFFFFFFFFB16D80BCFEFFFFFFEF
:1024A000000000C0FFFFFFFFFFFFFFFFBC90E03C0C
:1024B000030000003BC1A7C3761E0000771E00008A
:1024C000000000C00000000031BE1A44781E000069
:1024D000791E0000000000C001000000625F0A4495
:1024E0007A1E00007B1E0000000000C004000000F7
:1024F000F48889427C1E00007D1E0000000000C0A0
:10250000FEFFFFFF000000C0FFFFFFFFFFFFFFFF18
:102510000000008004000000AE1E38417E1E000056
:102520007F1E0000000000C004000000261C604266
:10253000801E0000811E0000000000C0FEFFFFFFA3
:10254000000000C0FFFFFFFFFFFFFFFFC4EE083EDB
:10255000FEFFFFFF000000C0FFFFFFFFFFFFFFFFC8
:102560000000008003000000AA422943821E0000F0
:10257000831E0000000000C003000000365C8143A1
:10258000841E0000851E0000000000C00000000046
:102590003C0738C3861E0000871E0000000000C0F4
:1025A00001000000B1AFA444881E0000891E000095
:1025B000000000C0FEFFFFFF000000C0FFFFFFFFA4
:1025C000FFFFFFFF924961BDFEFFFFFF000000C05B
:1025D000FFFFFFFFFFFFFFFF1B128C3DFEFFFFFF12
:1025E000000000C0FFFFFFFFFFFFFFFF0994003D59
:1025F000FEFFFFFF000000C0FFFFFFFFFFFFFFFF28
:102600006DF510BEFEFFFFFF000000C0FFFFFFFFE3
:10261000FFFFFFFF534A40BCFEFFFFFF000000C06A
:10262000FFFFFFFFFFFFFFFFFFB9383DFEFFFFFF8A
:10263000000000C0FFFFFFFFFFFFFFFF871736BE50
:10264000FEFFFFFF000000C0FFFFFFFFFFFFFFFFD7
:102650000000008003000000365C9D438B1E0000DC
:102660008C1E0000000000C00000000062FCC4439B
:102670008D1E00008E1E0000000000C00000000043
:10268000627CCE438F1E0000901E0000000000C040
:1026900001000000C4BEB043911E0000921E000065
:1026A000000000C00100000078825FC3931E00009C
:1026B000941E0000000000C0FEFFFFFF000000C0ED
:1026C000FFFFFFFFFFFFFFFF8B1E0BBEFEFFFFFFA5
:1026D000000000C0FFFFFFFFFFFFFFFF00000080C2
:1026E0000100000010FBEE42951E0000961E000047
:1026F000000000C00000000088F1D942971E0000D1
:10270000981E0000000000C0020000008C8C4544B0
:10271000991E00009A1E0000000000C00300000087
:10272000D1D168C39B1E00009C1E0000000000C0A9
:10273000FEFFFFFF000000C0FFFFFFFFFFFFFFFFE6
:1027400044E91D3CFEFFFFFF000000C0FFFFFFFF4C
:10275000FFFFFFFFEE490FBDFEFFFFFF000000C0BF
:10276000FFFFFFFFFFFFFFFFD269483DFEFFFFFFB6
:10277000000000C0FFFFFFFFFFFFFFFFFCD744BDCD
:10278000FEFFFFFF000000C0FFFFFFFFFFFFFFFF96
:10279000C7C7923DFEFFFFFF000000C0FFFFFFFF25
:1027A000FFFFFFFFBB6164BDFEFFFFFF000000C035
:1027B000FFFFFFFFFFFFFFFF00000080FEFFFFFFA6
:1027C000000000C0FFFFFFFFFFFFFFFF2624C1BD89
:1027D00004000000471111439E1E00009F1E0000D0
:1027E000000000C000000000E039C0C1A01E0000D1
:1027F000A11E0000000000C0FEFFFFFF000000C09F
:10280000FFFFFFFFFFFFFFFF1AAD15BE0100000035
:10281000C013B4C1A21E0000A31E0000000000C02F
:1028200001000000887D3E43A41E0000A51E00009C
:10283000000000C0040000007F948EC1A61E0000AE
:10284000A71E0000000000C0000000003C0738C3C5
:10285000A81E0000A91E0000000000C00500000026
:1028600058612E41AA1E0000AB1E0000000000C0EF
:1028700005000000004C413EAC1E0000AD1E0000F3
:10288000000000C0FEFFFFFF000000C0FFFFFFFFD1
:10289000FFFFFFFF00000080FEFFFFFF000000C001
:1028A000FFFFFFFFFFFFFFFF87E32F3DFEFFFFFF5F
:1028B000000000C0FFFFFFFFFFFFFFFF41BF71BD32
:1028C000FEFFFFFF000000C0FFFFFFFFFFFFFFFF55
:1028D000CA3F033DFEFFFFFF000000C0FFFFFFFFF8
:1028E000FFFFFFFF4523B7BDFEFFFFFF000000C055
:1028F000FFFFFFFFFFFFFFFF4BB020BCFEFFFFFF0E
:10290000000000C0FFFFFFFFFFFFFFFF3326A63DD3
:10291000FEFFFFFF000000C0FFFFFFFFFFFFFFFF04
:10292000154851BC0300000074C6C943AF1E000027
:10293000B01E0000000000C002000000743319C483
:10294000B11E0000B21E0000000000C00000000028
:102950003C074AC3B31E0000B41E0000000000C0C4
:1029600004000000B8CE0143B51E0000B61E0000F2
:10297000000000C000000000C4F82E43B71E000095
:10298000B81E0000000000C0020000008C0C714462
:10299000B91E0000BA1E0000000000C000000000C8
:1029A00062FCE743BB1E0000BC1E0000000000C02C
:1029B0000000000031BE2A44BD1E0000BE1E000003
:1029C000000000C00400000047599243BF1E0000F1
:1029D000C01E0000000000C00400000047111143A9
:1029E000C11E0000C21E0000000000C00200000066
:1029F000D2CD5BC3C31E0000C41E0000000000C097
:102A0000FEFFFFFF000000C0FFFFFFFFFFFFFFFF13
:102A100092D5A6BDFEFFFFFF000000C0FFFFFFFF35
:102A2000FFFFFFFF000000800200000046269E44DA
:102A3000C51E0000C61E0000000000C0FEFFFFFF14
:102A4000000000C0FFFFFFFFFFFFFFFF000000804E
:102A5000FEFFFFFF000000C0FFFFFFFFFFFFFFFFC3
:102A60003C94803CFEFFFFFF000000C0FFFFFFFF23
:102A7000FFFFFFFFEBD2C33DFEFFFFFF000000C0E2
:102A8000FFFFFFFFFFFFFFFF792733BDFEFFFFFFC3
:102A9000000000C0FFFFFFFFFFFFFFFF9BF4D63CDD
:102AA000FEFFFFFF000000C0FFFFFFFFFFFFFFFF73
:102AB000B53C16BBFEFFFFFF000000C0FFFFFFFF9D
:102AC000FFFFFFFF1BC6843DFEFFFFFF000000C0AD
:102AD000FFFFFFFFFFFFFFFF1E9C5ABBFEFFFFFF34
:102AE000000000C0FFFFFFFFFFFFFFFF624FD1BDEF
:102AF000FEFFFFFF000000C0FFFFFFFFFFFFFFFF23
:102B00003C28253EFEFFFFFF000000C0FFFFFFFF47
:102B1000FFFFFFFF000000800200000000E9E6BFA9
:102B2000C81E0000C91E0000000000C00400000014
:102B3000CA8C0B42CA1E0000CB1E0000000000C061
:102B400005000000DF8AE3C2CC1E0000CD1E00009D
:102B5000000000C004000000EDF184C2CE1E0000A1
:102B6000CF1E0000000000C002000000BAF991C4AE
:102B7000D01E0000D11E0000000000C002000000B6
:102B80008C0C0844D21E0000D31E0000000000C0C0
:102B900004000000878B9FC2D41E0000D51E0000D9
:102BA000000000C00300000089855442D61E0000CA
:102BB000D71E0000000000C0050000004E8A7A41C8
:102BC000D81E0000D91E0000000000C00400000054
:102BD000FFB79843DA1E0000DB1E0000000000C0B3
:102BE0000500000038F5ACBFDC1E0000DD1E000053
:102BF000000000C0FEFFFFFF000000C0FFFFFFFF5E
:102C0000FFFFFFFF810229BC05000000F51A00C488
:102C1000DE1E0000DF1E0000000000C002000000F9
:102C20002E324B43E01E0000E11E0000000000C0F9
:102C300003000000197338C3E21E0000E31E000009
:102C4000000000C0FEFFFFFF000000C0FFFFFFFF0D
:102C5000FFFFFFFF6C8AAD3CFEFFFFFF000000C0DE
:102C6000FFFFFFFFFFFFFFFFB0BF0CBDFEFFFFFF39
:102C7000000000C0FFFFFFFFFFFFFFFFA05F0C3E53
:102C8000FEFFFFFF000000C0FFFFFFFFFFFFFFFF91
:102C900043B05A3BFEFFFFFF000000C0FFFFFFFFF5
:102CA000FFFFFFFFD47AB63DFEFFFFFF000000C02C
:102CB000FFFFFFFFFFFFFFFF00000080FEFFFFFFA1
:102CC000000000C0FFFFFFFFFFFFFFFF00000080CC
:102CD000FEFFFFFF000000C0FFFFFFFFFFFFFFFF41
:102CE0002B1EC0BDFEFFFFFF000000C0FFFFFFFF67
:102CF000FFFFFFFF00000080FEFFFFFF000000C09D
:102D0000FFFFFFFFFFFFFFFF0DE8023EFEFFFFFF9B
:102D1000000000C0FFFFFFFFFFFFFFFF0459613D00
:102D2000FEFFFFFF000000C0FFFFFFFFFFFFFFFFF0
:102D300000000080FEFFFFFF000000C0FFFFFFFF5C
:102D4000FFFFFFFF00000080FEFFFFFF000000C04C
:102D5000FFFFFFFFFFFFFFFF87D1BFBD04000000A3
:102D6000678E8FC3E51E0000E61E0000000000C055
:102D70000300000050EB81C2E71E0000E81E0000C7
:102D8000000000C004000000BE759C41E91E000068
:102D9000EA1E0000000000C0FEFFFFFF000000C0B0
:102DA000FFFFFFFFFFFFFFFF0000008003000000A8
:102DB000D095F243EB1E0000EC1E0000000000C0A6
:102DC00004000000920214C2ED1E0000EE1E00007E
:102DD000000000C003000000504E2140EF1E000024
:102DE000F01E0000000000C0FEFFFFFF000000C05A
:102DF000FFFFFFFFFFFFFFFFC79DE73DFEFFFFFF58
:102E0000000000C0FFFFFFFFFFFFFFFF000000808A
:102E1000020000002E322343F11E0000F21E0000CB
:102E2000000000C0020000008C8C5F44F31E000014
:102E3000F41E0000000000C00100000000625F40BE
:102E4000F51E0000F61E0000000000C0010000009A
:102E50009EE016C4F71E0000F81E0000000000C02F
:102E6000FEFFFFFF000000C0FFFFFFFFFFFFFFFFAF
:102E7000B75BDCBCFEFFFFFF000000C0FFFFFFFFF1
:102E8000FFFFFFFF78184B3DFEFFFFFF000000C073
:102E9000FFFFFFFFFFFFFFFF7B244BBDFEFFFFFF98
:102EA000000000C0FFFFFFFFFFFFFFFFED6D423C92
:102EB000FEFFFFFF000000C0FFFFFFFFFFFFFFFF5F
:102EC00072B09A3CFEFFFFFF000000C0FFFFFFFF53
:102ED000FFFFFFFF859936BDFEFFFFFF000000C02A
:102EE000FFFFFFFFFFFFFFFF5E5020BDFEFFFFFF64
:102EF000000000C0FFFFFFFFFFFFFFFF22163B3D6A
:102F00000500000028E40EC3FA1E0000FB1E0000AE
:102F1000000000C0FEFFFFFF000000C0FFFFFFFF3A
:102F2000FFFFFFFFAF03F0BD030000003BC1A7C3DD
:102F3000FC1E0000FD1E0000000000C0000000009C
:102F4000313E3C44FE1E0000FF1E0000000000C099
:102F5000030000005AEC8141001F0000011F000027
:102F6000000000C0FEFFFFFF000000C0FFFFFFFFEA
:102F7000FFFFFFFF9E18FA3DFEFFFFFF000000C0AD
:102F8000FFFFFFFFFFFFFFFF0000008005000000C4
:102F9000A68781C1021F0000031F0000000000C0BF
:102FA00005000000E3721443041F0000051F000029
:102FB000000000C0FEFFFFFF000000C0FFFFFFFF9A
:102FC000FFFFFFFF2613D23BFEFFFFFF000000C004
:102FD000FFFFFFFFFFFFFFFFBCF025BDFEFFFFFF70
:102FE000000000C0FFFFFFFFFFFFFFFF9602E23C73
:102FF000FEFFFFFF000000C0FFFFFFFFFFFFFFFF1E
:10300000A5144EBD0300000062210243071F00000B
:10301000081F0000000000C00500000054A8E7429F
:10302000091F00000A1F0000000000C0050000008A
:103030002D8A33C10B1F00000C1F0000000000C0D0
:103040000500000046F1EBC20D1F00000E1F00003E
:10305000000000C000000000C4F862430F1F000021
:10306000101F0000000000C003000000365C814318
:10307000111F0000121F0000000000C0050000002A
:103080000AD38743131F0000141F0000000000C074
:10309000040000001D65BA42151F0000161F000045
:1030A000000000C004000000DAE320C2171F000087
:1030B000181F0000000000C004000000E31ABCC29A
:1030C000191F00001A1F0000000000C003000000CC
:1030D0004B84E9C11B1F00001C1F0000000000C042
:1030E00000000000CF413CC41D1F00001E1F000057
:1030F000000000C0FEFFFFFF000000C0FFFFFFFF59
:10310000FFFFFFFF0000008004000000C26558437D
:103110001F1F0000201F0000000000C0030000006F
:10312000365C9D43211F0000221F0000000000C0EC
:10313000FEFFFFFF000000C0FFFFFFFFFFFFFFFFDC
:10314000CDF2843DFEFFFFFF000000C0FFFFFFFF48
:10315000FFFFFFFFC309E9BDFEFFFFFF000000C046
:10316000FFFFFFFFFFFFFFFFE9DE07BDFEFFFFFFE1
:10317000000000C0FFFFFFFFFFFFFFFF207589B9C0
:10318000FEFFFFFF000000C0FFFFFFFFFFFFFFFF8C
:1031900000000080FEFFFFFF000000C0FFFFFFFFF8
:1031A000FFFFFFFF7409E73DFEFFFFFF000000C0C7
:1031B000FFFFFFFFFFFFFFFF00000080FEFFFFFF9C
:1031C000000000C0FFFFFFFFFFFFFFFF4D3DD3BD2D
:1031D000FEFFFFFF000000C0FFFFFFFFFFFFFFFF3C
:1031E00000000080FEFFFFFF000000C0FFFFFFFFA8
:1031F000FFFFFFFF5FEFB43DFEFFFFFF000000C0D9
:10320000FFFFFFFFFFFFFFFF4DE909BEFEFFFFFFCE
:10321000000000C0FFFFFFFFFFFFFFFF0000008076
:10322000FEFFFFFF000000C0FFFFFFFFFFFFFFFFEB
:103230000BC5A73DFEFFFFFF000000C0FFFFFFFF23
:10324000FFFFFFFF000000800200000046468644AA
:10325000241F0000251F0000000000C00500000022
:103260007699F2C0261F0000271F0000000000C052
:10327000FEFFFFFF000000C0FFFFFFFFFFFFFFFF9B
:10328000D6B117BE020000001799EC43281F0000BA
:10329000291F0000000000C0020000008C8C1944AF
:1032A0002A1F00002B1F0000000000C002000000C9
:1032B000E02213412C1F00002D1F0000000000C061
:1032C000010000003CC1C4C32E1F00002F1F0000DE
:1032D000000000C00200000017998C43301F00005E
:1032E000311F0000000000C00100000020F65D4218
:1032F000321F0000331F0000000000C0FEFFFFFF70
:10330000000000C0FFFFFFFFFFFFFFFF313CB3BD28
:10331000FEFFFFFF000000C0FFFFFFFFFFFFFFFFFA
:1033200043B19C3CFEFFFFFF000000C0FFFFFFFF1A
:10333000FFFFFFFF00000080FEFFFFFF000000C056
:10334000FFFFFFFFFFFFFFFF0446F1BDFEFFFFFF92
:10335000000000C0FFFFFFFFFFFFFFFF857A093D70
:10336000FEFFFFFF000000C0FFFFFFFFFFFFFFFFAA
:10337000E7BE9FBCFEFFFFFF000000C0FFFFFFFF96
:10338000FFFFFFFF00000080FEFFFFFF000000C006
:10339000FFFFFFFFFFFFFFFFA3D71D3E040000005C
:1033A00047111143351F0000361F0000000000C008
:1033B000010000003C41AAC3371F0000381F000075
:1033C000000000C005000000A6879DC1391F000055
:1033D0003A1F0000000000C0000000009E03D1C39F
:1033E0003B1F00003C1F0000000000C00500000063
:1033F0007A1C3CC33D1F00003E1F0000000000C0BF
:10340000050000003DAE9FC33F1F0000401F0000AD
:10341000000000C001000000C4BEB743411F00000F
:10342000421F0000000000C004000000D00C7BC25E
:10343000431F0000441F0000000000C00000000007
:1034400031BE5744451F0000461F0000000000C069
:1034500000000000C4F81843471F0000481F000088
:10346000000000C0000000003C0727C3491F000007
:103470004A1F0000000000C00500000085AD2CC4FC
:103480004B1F00004C1F0000000000C000000000A7
:103490003C077BC34D1F00004E1F0000000000C012
:1034A0000000000031FE51444F1F0000501F00007B
:1034B000000000C004000000C2655843511F000016
:1034C000521F0000000000C0FEFFFFFF000000C010
:1034D000FFFFFFFFFFFFFFFFD9D666BCFEFFFFFF28
:1034E000000000C0FFFFFFFFFFFFFFFF0DDAE53C1C
:1034F000FEFFFFFF000000C0FFFFFFFFFFFFFFFF19
:10350000365B00BEFEFFFFFF000000C0FFFFFFFFB5
:10351000FFFFFFFF00000080FEFFFFFF000000C074
:10352000FFFFFFFFFFFFFFFF489DEABDFEFFFFFF1C
:10353000000000C0FFFFFFFFFFFFFFFF0000008053
:10354000FEFFFFFF000000C0FFFFFFFFFFFFFFFFC8
:10355000273F983CFEFFFFFF000000C0FFFFFFFF7A
:10356000FFFFFFFF566AA2BBFEFFFFFF000000C087
:10357000FFFFFFFFFFFFFFFFE317683DFEFFFFFFB9
:10358000000000C0FFFFFFFFFFFFFFFF7B7B96BC3B
:10359000FEFFFFFF000000C0FFFFFFFFFFFFFFFF78
:1035A0001786773CFEFFFFFF000000C0FFFFFFFF14
:1035B000FFFFFFFFD99B1F3EFEFFFFFF000000C083
:1035C000FFFFFFFFFFFFFFFFBAA202BEFEFFFFFFEC
:1035D000000000C0FFFFFFFFFFFFFFFF00000080B3
:1035E000FEFFFFFF000000C0FFFFFFFFFFFFFFFF28
:1035F000E560AD3DFEFFFFFF000000C0FFFFFFFFE5
:10360000FFFFFFFF00000080050000009B1120432A
:10361000541F0000551F0000000000C00200000001
:1036200046269E44561F0000571F0000000000C0A1
:10363000010000009EA000C4581F0000591F000098
:10364000000000C005000000F818D2425A1F000018
:103650005B1F0000000000C005000000BFC7444120
:103660005C1F00005D1F0000000000C0FEFFFFFFA8
:10367000000000C0FFFFFFFFFFFFFFFF0000008012
:1036800001000000D84722455E1F00005F1F0000B8
:10369000000000C00500000004E02242601F00009E
:1036A000611F0000000000C0010000003CC190C389
:1036B000621F0000631F0000000000C00000000047
:1036C000CFC158C4641F0000651F0000000000C087
:1036D000FEFFFFFF000000C0FFFFFFFFFFFFFFFF37
:1036E0002DBE00BD020000002E320C43661F0000FC
:1036F000671F0000000000C0FEFFFFFF000000C0C9
:10370000FFFFFFFFFFFFFFFF00000080FEFFFFFF46
:10371000000000C0FFFFFFFFFFFFFFFFEE68113B4F
:10372000FEFFFFFF000000C0FFFFFFFFFFFFFFFFE6
:10373000213AA5BCFEFFFFFF000000C0FFFFFFFF16
:10374000FFFFFFFF878AFC3DFEFFFFFF000000C078
:10375000FFFFFFFFFFFFFFFF3174613CFEFFFFFF34
:10376000000000C0FFFFFFFFFFFFFFFF0000008021
:10377000FEFFFFFF000000C0FFFFFFFFFFFFFFFF96
:1037800079ED0D3EFEFFFFFF000000C0FFFFFFFFD1
:10379000FFFFFFFF6365EFBDFEFFFFFF000000C0FE
:1037A000FFFFFFFFFFFFFFFF00000080030000009E
:1037B0007466BE43691F00006A1F0000000000C05D
:1037C00003000000365C81436B1F00006C1F00008B
:1037D000000000C0000000009E83EAC36D1F0000CF
:1037E0006E1F0000000000C00000000088F1814250
:1037F0006F1F0000701F0000000000C000000000EC
:1038000062FC8643711F0000721F0000000000C0B0
:103810000000000074F033C5731F0000741F000027
:10382000000000C004000000859B3543751F0000A8
:10383000761F0000000000C003000000A713A4C111
:10384000771F0000781F0000000000C00500000086
:10385000F066C23F791F00007A1F0000000000C020
:10386000000000003C0710C37B1F00007C1F00000D
:10387000000000C004000000D46328427D1F000047
:103880007E1F0000000000C005000000381430C09A
:103890007F1F0000801F0000000000C00300000028
:1038A000FCC82244811F0000821F0000000000C0ED
:1038B0000000000018DF9144831F0000841F0000F7
:1038C000000000C0FEFFFFFF000000C0FFFFFFFF81
:1038D000FFFFFFFF00000080FEFFFFFF000000C0B1
:1038E000FFFFFFFFFFFFFFFFD3548F3CFEFFFFFFF3
:1038F000000000C0FFFFFFFFFFFFFFFF303502BDEC
:10390000FEFFFFFF000000C0FFFFFFFFFFFFFFFF04
:10391000DA3A9CBCFEFFFFFF000000C0FFFFFFFF84
:10392000FFFFFFFFBB79073DFEFFFFFF000000C068
:10393000FFFFFFFFFFFFFFFF74D0C13CFEFFFFFF53
:10394000000000C0FFFFFFFFFFFFFFFF80F23E3ED1
:10395000FEFFFFFF000000C0FFFFFFFFFFFFFFFFB4
:10396000ED4A39BDFEFFFFFF000000C0FFFFFFFF73
:10397000FFFFFFFFC1866D3DFEFFFFFF000000C09F
:10398000FFFFFFFFFFFFFFFF4BAEBEBDFEFFFFFFD0
:10399000000000C0FFFFFFFFFFFFFFFF00000080EF
:1039A000FEFFFFFF000000C0FFFFFFFFFFFFFFFF64
:1039B00018F16A3DFEFFFFFF000000C0FFFFFFFFA0
:1039C000FFFFFFFF00000080FEFFFFFF000000C0C0
:1039D000FFFFFFFFFFFFFFFF8679E7BDFEFFFFFF51
:1039E000000000C0FFFFFFFFFFFFFFFF000000809F
:1039F00005000000A180A6C2861F0000871F0000EE
:103A0000000000C003000000B5D5BFC3881F000040
:103A1000891F0000000000C0020000008C0C12444E
:103A20008A1F00008B1F0000000000C0FEFFFFFF88
:103A3000000000C0FFFFFFFFFFFFFFFF000000804E
:103A4000FEFFFFFF000000C0FFFFFFFFFFFFFFFFC3
:103A5000C729C1BD01000000C4BEDE438C1F0000A9
:103A60008D1F0000000000C005000000A0C32D3F16
:103A70008E1F00008F1F0000000000C00500000026
:103A8000E55A6D42901F0000911F0000000000C029
:103A9000050000007F4272C1921F0000931F0000CA
:103AA000000000C001000000629F4844941F000015
:103AB000951F0000000000C005000000B607CF41C0
:103AC000961F0000971F0000000000C0FEFFFFFFD0
:103AD000000000C0FFFFFFFFFFFFFFFF06F5B1BDC5
:103AE000FEFFFFFF000000C0FFFFFFFFFFFFFFFF23
:103AF000E19DD63CFEFFFFFF000000C0FFFFFFFF7F
:103B0000FFFFFFFFD632593DFEFFFFFF000000C060
:103B1000FFFFFFFFFFFFFFFF00000080FEFFFFFF32
:103B2000000000C0FFFFFFFFFFFFFFFF148A883D7A
:103B3000FEFFFFFF000000C0FFFFFFFFFFFFFFFFD2
:103B4000F7414BBDFEFFFFFF000000C0FFFFFFFF7E
:103B5000FFFFFFFFB1AE3EBDFEFFFFFF000000C054
:103B6000FFFFFFFFFFFFFFFF4D22D03C05000000DD
:103B7000C3118F43991F00009A1F0000000000C06E
:103B800003000000AA4229439B1F00009C1F000065
:103B9000000000C003000000A7D9A4439D1F00003F
:103BA0009E1F0000000000C003000000984CBCC233
:103BB0009F1F0000A01F0000000000C005000000C3
:103BC000FA083E42A11F0000A21F0000000000C032
:103BD000FEFFFFFF000000C0FFFFFFFFFFFFFFFF32
:103BE000FF08123EFEFFFFFF000000C0FFFFFFFFC7
:103BF000FFFFFFFF0000008005000000B6079741AF
:103C0000A31F0000A41F0000000000C0050000006A
:103C10005FBD06C1A51F0000A61F0000000000C078
:103C2000FEFFFFFF000000C0FFFFFFFFFFFFFFFFE1
:103C300000000080FEFFFFFF000000C0FFFFFFFF4D
:103C4000FFFFFFFF5444DCBDFEFFFFFF000000C08C
:103C5000FFFFFFFFFFFFFFFF06C249BDFEFFFFFFA3
:103C6000000000C0FFFFFFFFFFFFFFFF9C0C403D77
:103C7000FEFFFFFF000000C0FFFFFFFFFFFFFFFF91
:103C800037E8053DFEFFFFFF000000C0FFFFFFFF1C
:103C9000FFFFFFFF3FAEADBB0200000046A6884419
:103CA000A81F0000A91F0000000000C005000000C0
:103CB000FE0FA0C2AA1F0000AB1F0000000000C042
:103CC000FEFFFFFF000000C0FFFFFFFFFFFFFFFF41
:103CD00079250EBE020000002E320C43AC1F0000FE
:103CE000AD1F0000000000C005000000F411AA4153
:103CF000AE1F0000AF1F0000000000C0FEFFFFFF6E
:103D0000000000C0FFFFFFFFFFFFFFFF000000807B
:103D1000FEFFFFFF000000C0FFFFFFFFFFFFFFFFF0
:103D2000D89AE8BD0300000032E690C2B01F000040
:103D3000B11F0000000000C00300000038781BC362
:103D4000B21F0000B31F0000000000C0FEFFFFFF15
:103D5000000000C0FFFFFFFFFFFFFFFFC32435BCD3
:103D6000FEFFFFFF000000C0FFFFFFFFFFFFFFFFA0
:103D70002CB7E73CFEFFFFFF000000C0FFFFFFFF86
:103D8000FFFFFFFF4201DABDFEFFFFFF000000C0A2
:103D9000FFFFFFFFFFFFFFFF69B1E4BB030000006F
:103DA00096F6E841B51F0000B61F0000000000C0F5
:103DB000040000003553D4C2B71F0000B81F000034
:103DC000000000C00400000001A0DAC2B91F00001A
:103DD000BA1F0000000000C0010000004FF091C4B5
:103DE000BB1F0000BC1F0000000000C0040000005A
:103DF000594F1E42BD1F0000BE1F0000000000C042
:103E00000300000076CF3443BF1F0000C01F000036
:103E1000000000C0040000001C453C42C11F00001F
:103E2000C21F0000000000C0FEFFFFFF000000C036
:103E3000FFFFFFFFFFFFFFFF207F083E01000000A4
:103E4000629F4844C31F0000C41F0000000000C060
:103E500001000000C4BEB443C51F0000C61F00001F
:103E6000000000C00000000062FCA443C71F000067
:103E7000C81F0000000000C0030000004057BA4205
:103E8000C91F0000CA1F0000000000C000000000A1
:103E9000CF011DC4CB1F0000CC1F0000000000C0DC
:103EA00003000000F9B1E243CD1F0000CE1F000067
:103EB000000000C001000000C4BEBB43CF1F0000D3
:103EC000D01F0000000000C0FEFFFFFF000000C088
:103ED000FFFFFFFFFFFFFFFF3DD1FFBDFEFFFFFF25
:103EE000000000C0FFFFFFFFFFFFFFFF000000809A
:103EF000FEFFFFFF000000C0FFFFFFFFFFFFFFFF0F
:103F000083E2403DFEFFFFFF000000C0FFFFFFFF18
:103F1000FFFFFFFF00000080FEFFFFFF000000C06A
:103F2000FFFFFFFFFFFFFFFF0F0718BDFEFFFFFFB3
:103F3000000000C0FFFFFFFFFFFFFFFF8F05823C77
:103F4000FEFFFFFF000000C0FFFFFFFFFFFFFFFFBE
:103F500000000080FEFFFFFF000000C0FFFFFFFF2A
:103F6000FFFFFFFF32A4A93DFEFFFFFF000000C0DE
:103F7000FFFFFFFFFFFFFFFF00000080FEFFFFFFCE
:103F8000000000C0FFFFFFFFFFFFFFFF127F2ABE00
:103F9000FEFFFFFF000000C0FFFFFFFFFFFFFFFF6E
:103FA000AE7483BDFEFFFFFF000000C0FFFFFFFFF8
:103FB000FFFFFFFF5DFD993CFEFFFFFF000000C01B
:103FC000FFFFFFFFFFFFFFFF9CDBFBBCFEFFFFFFD0
:103FD000000000C0FFFFFFFFFFFFFFFFE4E83F3DE1
:103FE00003000000A7D9A443D21F0000D31F000084
:103FF000000000C000000000749010C5D41F000035
:10400000D51F0000000000C002000000DD5C44C5B8
:10401000D61F0000D71F0000000000C002000000F3
:10402000DD5C44C5D81F0000D91F0000000000C09F
:10403000030000004068B33EDA1F0000DB1F0000F1
:10404000000000C00000000074001EC5DC1F00005E
:10405000DD1F0000000000C0050000009BD10543EB
:10406000DE1F0000DF1F0000000000C0FEFFFFFF9A
:10407000000000C0FFFFFFFFFFFFFFFF0000008008
:10408000FEFFFFFF000000C0FFFFFFFFFFFFFFFF7D
:10409000E7D40CBE000000003C0721C3E01F000075
:1040A000E11F0000000000C000000000C4F87743DA
:1040B000E21F0000E31F0000000000C00500000038
:1040C000AC57CAC2E41F0000E51F0000000000C09A
:1040D000050000000A7B86C3E61F0000E71F000002
:1040E000000000C005000000CD9080C3E81F000064
:1040F000E91F0000000000C0FEFFFFFF000000C03D
:10410000FFFFFFFFFFFFFFFF00000080FEFFFFFF3C
:10411000000000C0FFFFFFFFFFFFFFFF00B974BCFE
:10412000FEFFFFFF000000C0FFFFFFFFFFFFFFFFDC
:10413000EF55DB3CFEFFFFFF000000C0FFFFFFFF6D
:10414000FFFFFFFFFE46103CFEFFFFFF000000C028
:10415000FFFFFFFFFFFFFFFF903665BDFEFFFFFF84
:10416000000000C0FFFFFFFFFFFFFFFF4AD0D63D6A
:10417000FEFFFFFF000000C0FFFFFFFFFFFFFFFF8C
:1041800000000080FEFFFFFF000000C0FFFFFFFFF8
:10419000FFFFFFFF00000080FEFFFFFF000000C0E8
:1041A000FFFFFFFFFFFFFFFFDED60ABEFEFFFFFFA0
:1041B000000000C0FFFFFFFFFFFFFFFF00000080C7
:1041C000FEFFFFFF000000C0FFFFFFFFFFFFFFFF3C
:1041D00081450E3E01000000D8B74145EB1F0000AD
:1041E000EC1F0000000000C00200000074F338C49F
:1041F000ED1F0000EE1F0000000000C004000000E2
:1042000029EC1FC3EF1F0000F01F0000000000C0DA
:1042100004000000B8CE0143F11F0000F21F0000AF
:10422000000000C003000000BF5B1DC2F31F0000C0
:10423000F41F0000000000C0FEFFFFFF000000C0F0
:10424000FFFFFFFFFFFFFFFF0000008003000000F3
:1042500041A44E42F51F0000F61F0000000000C000
:1042600004000000EC799AC3F71F0000F81F00005B
:10427000000000C0010000003C41E2C3F91F000043
:10428000FA1F0000000000C004000000E899C1BF50
:10429000FB1F0000FC1F0000000000C00400000025
:1042A00090990441FD1F0000FE1F0000000000C0A7
:1042B000FEFFFFFF000000C0FFFFFFFFFFFFFFFF4B
:1042C00000000080FEFFFFFF000000C0FFFFFFFFB7
:1042D000FFFFFFFF0201233EFEFFFFFF000000C0C3
:1042E000FFFFFFFFFFFFFFFF00000080FEFFFFFF5B
:1042F000000000C0FFFFFFFFFFFFFFFFE208C1BD9E
:10430000FEFFFFFF000000C0FFFFFFFFFFFFFFFFFA
:10431000C0260ABDFEFFFFFF000000C0FFFFFFFF39
:10432000FFFFFFFF675B633CFEFFFFFF000000C075
:10433000FFFFFFFFFFFFFFFF1A41723DFEFFFFFF80
:10434000000000C0FFFFFFFFFFFFFFFF360CD2BBE6
:10435000FEFFFFFF000000C0FFFFFFFFFFFFFFFFAA
:10436000DA5CBBBCFEFFFFFF000000C0FFFFFFFFE9
:10437000FFFFFFFFD6DCF03C00000000C4F837432D
:104380000020000001200000000000C00300000029
:104390007EA508410220000003200000000000C0AC
:1043A0000000000031BE0144042000000520000090
:1043B000000000C0020000008C8C27440620000092
:1043C00007200000000000C000000000F01C58C2E0
:1043D0000820000009200000000000C001000000CB
:1043E00078826DC30A2000000B200000000000C08E
:1043F00001000000625F33440C2000000D2000002B
:10440000000000C002000000B8C844420E200000B6
:104410000F200000000000C003000000B58407C2A8
:104420001020000011200000000000C0010000006A
:10443000B1EF91441220000013200000000000C0E2
:10444000020000002E3273431420000015200000EB
:10445000000000C00200000017998A4316200000E7
:1044600017200000000000C0030000000D00B6434C
:104470001820000019200000000000C00300000008
:104480009CE697421A2000001B200000000000C09C
:1044900003000000065249431C2000001D200000BC
:1044A000000000C0FEFFFFFF000000C0FFFFFFFF95
:1044B000FFFFFFFF78D4E93CFEFFFFFF000000C0D4
:1044C000FFFFFFFFFFFFFFFFEDEFACBDFEFFFFFFB4
:1044D000000000C0FFFFFFFFFFFFFFFF41EC1A3DA0
:1044E000FEFFFFFF000000C0FFFFFFFFFFFFFFFF19
:1044F00018827DBDFEFFFFFF000000C0FFFFFFFF31
:10450000FFFFFFFFCB7C9BBDFEFFFFFF000000C055
:10451000FFFFFFFFFFFFFFFF4F810E3CFEFFFFFF8E
:10452000000000C0FFFFFFFFFFFFFFFF0000008053
:10453000FEFFFFFF000000C0FFFFFFFFFFFFFFFFC8
:10454000A05E883DFEFFFFFF000000C0FFFFFFFFF1
:10455000FFFFFFFF46ABC73DFEFFFFFF000000C0AF
:10456000FFFFFFFFFFFFFFFFB1FF2FBDFEFFFFFFBC
:10457000000000C0FFFFFFFFFFFFFFFFA80F8C3D03
:10458000FEFFFFFF000000C0FFFFFFFFFFFFFFFF78
:104590001C0F03BDFEFFFFFF000000C0FFFFFFFF79
:1045A000FFFFFFFFED06013DFEFFFFFF000000C023
:1045B000FFFFFFFFFFFFFFFF264B71BDFEFFFFFF69
:1045C000000000C0FFFFFFFFFFFFFFFF105A54BEB7
:1045D000FEFFFFFF000000C0FFFFFFFFFFFFFFFF28
:1045E0000000008003000000ABDE87C31F20000036
:1045F00020200000000000C005000000AC30D541C4
:104600002120000022200000000000C00100000066
:1046100020F625422320000024200000000000C0D6
:104620000500000084731DC3252000002620000023
:10463000000000C0FEFFFFFF000000C0FFFFFFFF03
:10464000FFFFFFFF00000080040000005B284C3FDC
:104650002720000028200000000000C00400000007
:104660001EAE28C1292000002A200000000000C042
:10467000FEFFFFFF000000C0FFFFFFFFFFFFFFFF87
:1046800000000080FEFFFFFF000000C0FFFFFFFFF3
:10469000FFFFFFFF5B8C0FBE050000002845ED41CA
:1046A0002B2000002C200000000000C003000000B0
:1046B0003266C5C22D2000002E200000000000C080
:1046C0000500000028E40EC32F2000003020000069
:1046D000000000C003000000185198C13120000004
:1046E00032200000000000C0FEFFFFFF000000C0FD
:1046F000FFFFFFFFFFFFFFFFADED953DFEFFFFFF5B
:10470000000000C0FFFFFFFFFFFFFFFF8E8CE3BC38
:10471000FEFFFFFF000000C0FFFFFFFFFFFFFFFFE6
:10472000475A343DFEFFFFFF000000C0FFFFFFFFC0
:10473000FFFFFFFFF8752BBDFEFFFFFF000000C06D
:10474000FFFFFFFFFFFFFFFFEAD49D3DFEFFFFFFDE
:10475000000000C0FFFFFFFFFFFFFFFF760238BD34
:10476000FEFFFFFF000000C0FFFFFFFFFFFFFFFF96
:10477000349C5E3DFEFFFFFF000000C0FFFFFFFF17
:10478000FFFFFFFFA565ACBC00000000E039C0C121
:104790003420000035200000000000C005000000AB
:1047A000DB8303423620000037200000000000C0F9
:1047B0000300000050EB81C23820000039200000C7
:1047C000000000C0030000004B84BFC13A2000007D
:1047D0003B200000000000C0020000002E320C430D
:1047E0003C2000003D200000000000C0020000004E
:1047F0008C4C0F443E2000003F200000000000C011
:10480000020000008C8C1944402000004120000070
:10481000000000C0020000008C8C274442200000F1
:1048200043200000000000C005000000FE0FA0C2F1
:104830004420000045200000000000C000000000EF
:10484000CFC10AC44620000047200000000000C07D
:10485000030000002DF629424820000049200000F6
:10486000000000C003000000DBA80EC34A200000C7
:104870004B200000000000C0FEFFFFFF000000C052
:10488000FFFFFFFFFFFFFFFF7D743CBD0500000041
:104890006A4647424C2000004D200000000000C046
:1048A00003000000CA2992414E2000004F20000062
:1048B000000000C0FEFFFFFF000000C0FFFFFFFF81
:1048C000FFFFFFFF00000080FEFFFFFF000000C0B1
:1048D000FFFFFFFFFFFFFFFF29D8A6BDFEFFFFFF81
:1048E000000000C0FFFFFFFFFFFFFFFF0000008090
:1048F000FEFFFFFF000000C0FFFFFFFFFFFFFFFF05
:104900009155563DFEFFFFFF000000C0FFFFFFFF77
:10491000FFFFFFFF3D8C143EFEFFFFFF000000C0C5
:10492000FFFFFFFFFFFFFFFF00000080FEFFFFFF14
:10493000000000C0FFFFFFFFFFFFFFFF9660BBBD51
:10494000FEFFFFFF000000C0FFFFFFFFFFFFFFFFB4
:1049500000000080FEFFFFFF000000C0FFFFFFFF20
:10496000FFFFFFFF00000080FEFFFFFF000000C010
:10497000FFFFFFFFFFFFFFFF6EDE4E3EFEFFFFFF6C
:10498000000000C0FFFFFFFFFFFFFFFF8E8905BE95
:10499000FEFFFFFF000000C0FFFFFFFFFFFFFFFF64
:1049A00000000080FEFFFFFF000000C0FFFFFFFFD0
:1049B000FFFFFFFFA4A0ED3DFEFFFFFF000000C0D2
:1049C000FFFFFFFFFFFFFFFFD8BE2FBD030000006A
:1049D0002DF629425120000052200000000000C0A6
:1049E00004000000157E00C3532000005420000086
:1049F000000000C004000000490190C255200000E2
:104A000056200000000000C00000000031FE3744C6
:104A10005720000058200000000000C004000000E3
:104A2000F0D19EC1592000005A200000000000C0B3
:104A3000050000000DC7A2425B2000005C200000C2
:104A4000000000C003000000431C3B435D20000049
:104A50005E200000000000C000000000CF8165C49F
:104A60005F20000060200000000000C0FEFFFFFF8C
:104A7000000000C0FFFFFFFFFFFFFFFF00000080FE
:104A800003000000DEE003C261200000622000009D
:104A9000000000C00000000062FCD843632000005A
:104AA00064200000000000C000000000780E9CC2DE
:104AB0006520000066200000000000C0000000002B
:104AC0003C0733C36720000068200000000000C0DE
:104AD000000000009E03CAC3692000006A20000095
:104AE000000000C004000000475163436B20000039
:104AF0006C200000000000C0FEFFFFFF000000C0AF
:104B0000FFFFFFFFFFFFFFFF00000080FEFFFFFF32
:104B1000000000C0FFFFFFFFFFFFFFFF1579D4BDBE
:104B2000FEFFFFFF000000C0FFFFFFFFFFFFFFFFD2
:104B3000ABD0A4BAFEFFFFFF000000C0FFFFFFFFE5
:104B4000FFFFFFFFA339983DFEFFFFFF000000C0FD
:104B5000FFFFFFFFFFFFFFFF358B2DBCFEFFFFFFB9
:104B6000000000C0FFFFFFFFFFFFFFFF78A1013D36
:104B7000FEFFFFFF000000C0FFFFFFFFFFFFFFFF82
:104B80000C17B33CFEFFFFFF000000C0FFFFFFFF5C
:104B9000FFFFFFFFF0F7D7BDFEFFFFFF000000C0E3
:104BA000FFFFFFFFFFFFFFFF795CE7BCFEFFFFFF9A
:104BB000000000C0FFFFFFFFFFFFFFFF47A4373DDE
:104BC000FEFFFFFF000000C0FFFFFFFFFFFFFFFF32
:104BD00000000080FEFFFFFF000000C0FFFFFFFF9E
:104BE000FFFFFFFFFC1EC0BDFEFFFFFF000000C077
:104BF000FFFFFFFFFFFFFFFFA9FBBC3CFEFFFFFF26
:104C0000000000C0FFFFFFFFFFFFFFFF8767D1BD70
:104C1000020000002E3273436E2000006F2000005F
:104C2000000000C0040000004361844170200000C7
:104C300071200000000000C005000000A180A6C295
:104C40007220000073200000000000C0050000007A
:104C5000773453C27420000075200000000000C0AB
:104C600002000000BAB998C4762000007720000046
:104C7000000000C005000000F51A00C47820000004
:104C800079200000000000C00000000031FE374421
:104C90007A2000007B200000000000C0000000001F
:104CA00010E357427C2000007D200000000000C07F
:104CB00004000000EDF184C27E2000007F2000008F
:104CC000000000C004000000FFB7984380200000EF
:104CD00081200000000000C00500000038F5ACBFD6
:104CE0008220000083200000000000C0FEFFFFFFC4
:104CF000000000C0FFFFFFFFFFFFFFFFE2303ABCF4
:104D000000000000CF8165C48420000085200000E1
:104D1000000000C000000000E8C09FC48620000022
:104D200087200000000000C004000000737D49C21D
:104D30008820000089200000000000C0FEFFFFFF67
:104D4000000000C0FFFFFFFFFFFFFFFF3D1EB4BDDF
:104D5000FEFFFFFF000000C0FFFFFFFFFFFFFFFFA0
:104D600000000080FEFFFFFF000000C0FFFFFFFF0C
:104D7000FFFFFFFFECDDF33BFEFFFFFF000000C085
:104D8000FFFFFFFFFFFFFFFFC549843DFEFFFFFF61
:104D9000000000C0FFFFFFFFFFFFFFFF23ACB83D97
:104DA000FEFFFFFF000000C0FFFFFFFFFFFFFFFF50
:104DB0008553E03AFEFFFFFF000000C0FFFFFFFF4A
:104DC000FFFFFFFF00000080FEFFFFFF000000C0AC
:104DD000FFFFFFFFFFFFFFFF8164AFBDFEFFFFFF8F
:104DE000000000C0FFFFFFFFFFFFFFFF000000808B
:104DF000FEFFFFFF000000C0FFFFFFFFFFFFFFFF00
:104E0000EC309E3DFEFFFFFF000000C0FFFFFFFFF4
:104E1000FFFFFFFF00000080FEFFFFFF000000C05B
:104E2000FFFFFFFFFFFFFFFFFF1EF9BDFEFFFFFFBC
:104E3000000000C0FFFFFFFFFFFFFFFFA381563D03
:104E4000FEFFFFFF000000C0FFFFFFFFFFFFFFFFAF
:104E5000AFEA8CBB0300000024164E418B200000FB
:104E60008C200000000000C004000000C775FDC1D8
:104E70008D2000008E200000000000C00300000014
:104E800068B3A8428F20000090200000000000C0FE
:104E900005000000885BA9429120000092200000DC
:104EA000000000C0050000008EABAF419320000061
:104EB00094200000000000C005000000966B254112
:104EC0009520000096200000000000C004000000B3
:104ED000EE911BC29720000098200000000000C047
:104EE00001000000C4BEF743992000009A20000092
:104EF000000000C001000000788219C39B20000060
:104F00009C200000000000C001000000C43EA2433D
:104F10009D2000009E200000000000C00400000052
:104F2000AD27DB429F200000A0200000000000C051
:104F3000040000003F2A81C2A1200000A22000003E
:104F4000000000C005000000E55A6D42A3200000EB
:104F5000A4200000000000C001000000B1AF9D448B
:104F6000A5200000A6200000000000C005000000F1
:104F70009232BF42A7200000A8200000000000C01D
:104F8000FEFFFFFF000000C0FFFFFFFFFFFFFFFF6E
:104F9000DF5A99BCFEFFFFFF000000C0FFFFFFFFCC
:104FA000FFFFFFFFE68E8D3DFEFFFFFF000000C00C
:104FB000FFFFFFFFFFFFFFFF00000080FEFFFFFF7E
:104FC000000000C0FFFFFFFFFFFFFFFFB7A6EE3DA1
:104FD000FEFFFFFF000000C0FFFFFFFFFFFFFFFF1E
:104FE000C575403CFEFFFFFF000000C0FFFFFFFF54
:104FF000FFFFFFFF912B2CBDFEFFFFFF000000C055
:10500000FFFFFFFFFFFFFFFFF1D9B0BDFEFFFFFF76
:10501000000000C0FFFFFFFFFFFFFFFF0B7A653DB1
:10502000FEFFFFFF000000C0FFFFFFFFFFFFFFFFCD
:1050300065E4303DFEFFFFFF000000C0FFFFFFFF03
:10504000FFFFFFFF028198BDFEFFFFFF000000C0D1
:10505000FFFFFFFFFFFFFFFF390BBF3DFEFFFFFF1D
:10506000000000C0FFFFFFFFFFFFFFFF0000008008
:10507000FEFFFFFF000000C0FFFFFFFFFFFFFFFF7D
:10508000D2CA6ABDFEFFFFFF000000C0FFFFFFFFA6
:10509000FFFFFFFFD34E0C3CFEFFFFFF000000C0F0
:1050A000FFFFFFFFFFFFFFFFA7203EBBFEFFFFFF4D
:1050B000000000C0FFFFFFFFFFFFFFFFD837123DDA
:1050C00005000000A180A6C2AA200000AB200000BD
:1050D000000000C0FEFFFFFF000000C0FFFFFFFF59
:1050E000FFFFFFFFDE058BBD030000002D2133C352
:1050F000AC200000AD200000000000C00400000053
:10510000BE759C41AE200000AF200000000000C032
:1051100005000000FA083E42B0200000B120000067
:10512000000000C005000000257C5AC2B22000002B
:10513000B3200000000000C00100000010FBCE42C0
:10514000B4200000B5200000000000C001000000F5
:10515000E0096EC2B6200000B7200000000000C0C9
:1051600001000000887D0143B8200000B920000044
:10517000000000C0FEFFFFFF000000C0FFFFFFFFB8
:10518000FFFFFFFF00000080FEFFFFFF000000C0E8
:10519000FFFFFFFFFFFFFFFFF6B6D93DFEFFFFFF5A
:1051A000000000C0FFFFFFFFFFFFFFFFA78F8DBDC7
:1051B000FEFFFFFF000000C0FFFFFFFFFFFFFFFF3C
:1051C000F3460C3DFEFFFFFF000000C0FFFFFFFFA6
:1051D000FFFFFFFF2A778EBDFEFFFFFF000000C02C
:1051E000FFFFFFFFFFFFFFFF00000080FEFFFFFF4C
:1051F000000000C0FFFFFFFFFFFFFFFFB6505C3D58
:10520000FEFFFFFF000000C0FFFFFFFFFFFFFFFFEB
:105210004A3EB4BB050000003DAE9FC3BB2000006A
:10522000BC200000000000C0FEFFFFFF000000C027
:10523000FFFFFFFFFFFFFFFFC287D8BD0500000093
:105240007A1C3CC3BD200000BE200000000000C04E
:1052500001000000B1EF9144BF200000C020000019
:10526000000000C0010000009E2062C4C1200000B8
:10527000C2200000000000C0010000009EE00FC43A
:10528000C3200000C4200000000000C0FEFFFFFF9C
:10529000000000C0FFFFFFFFFFFFFFFF870EC6BC3F
:1052A000050000008802DAC1C5200000C620000009
:1052B000000000C003000000C73A0BC3C720000075
:1052C000C8200000000000C0FEFFFFFF000000C07B
:1052D000FFFFFFFFFFFFFFFF00000080FEFFFFFF5B
:1052E000000000C0FFFFFFFFFFFFFFFF5E74D23D25
:1052F000FEFFFFFF000000C0FFFFFFFFFFFFFFFFFB
:1053000000000080FEFFFFFF000000C0FFFFFFFF66
:10531000FFFFFFFF3C41DB3DFEFFFFFF000000C041
:10532000FFFFFFFFFFFFFFFF79F556BDFEFFFFFF09
:10533000000000C0FFFFFFFFFFFFFFFFA52878BAB6
:10534000020000008C0C2A44CA200000CB20000080
:10535000000000C00100000078820CC3CC200000D7
:10536000CD200000000000C00100000010FBBA4288
:10537000CE200000CF200000000000C0020000008E
:1053800020DD3CC1D0200000D1200000000000C082
:10539000020000002E323043D2200000D320000053
:1053A000000000C004000000261C1A42D4200000A7
:1053B000D5200000000000C004000000205C564121
:1053C000D6200000D7200000000000C00000000030
:1053D000CFC107C4D8200000D9200000000000C0C1
:1053E0000000000020C6A741DA200000DB200000FA
:1053F000000000C000000000F01C58C2DC200000CB
:10540000DD200000000000C0000000003C072DC3AC
:10541000DE200000DF200000000000C001000000CE
:105420009E2049C4E0200000E1200000000000C0F0
:10543000FEFFFFFF000000C0FFFFFFFFFFFFFFFFB9
:1054400000000080000000003C0710C3E2200000C4
:10545000E3200000000000C0FEFFFFFF000000C0CE
:10546000FFFFFFFFFFFFFFFFE21994BDFEFFFFFFFD
:10547000000000C0FFFFFFFFFFFFFFFF8CF05A3D61
:10548000FEFFFFFF000000C0FFFFFFFFFFFFFFFF69
:105490003506B5BDFEFFFFFF000000C0FFFFFFFFA8
:1054A000FFFFFFFF99184D3DFEFFFFFF000000C00A
:1054B000FFFFFFFFFFFFFFFFEA3265BCFEFFFFFFBC
:1054C000000000C0FFFFFFFFFFFFFFFF9B8B8D3D34
:1054D000FEFFFFFF000000C0FFFFFFFFFFFFFFFF19
:1054E0001C302CBDFEFFFFFF000000C0FFFFFFFFD0
:1054F000FFFFFFFF6210B9BDFEFFFFFF000000C00D
:10550000FFFFFFFFFFFFFFFF6755783CFEFFFFFF38
:10551000000000C0FFFFFFFFFFFFFFFF0000008053
:10552000FEFFFFFF000000C0FFFFFFFFFFFFFFFFC8
:10553000E221F0BDFEFFFFFF000000C0FFFFFFFF04
:10554000FFFFFFFF00000080FEFFFFFF000000C024
:10555000FFFFFFFFFFFFFFFF7BCA163E02000000B8
:10556000DD8C06C5E5200000E6200000000000C03C
:105570000300000089921CC4E7200000E82000001E
:10558000000000C003000000B25E04C4E920000077
:10559000EA200000000000C0FEFFFFFF000000C086
:1055A000FFFFFFFFFFFFFFFF00000080FEFFFFFF88
:1055B000000000C0FFFFFFFFFFFFFFFFAAB5CEBD49
:1055C00002000000BA79B7C4EB200000EC20000014
:1055D000000000C0010000004F90FCC4ED2000005E
:1055E000EE200000000000C0FEFFFFFF000000C032
:1055F000FFFFFFFFFFFFFFFF00000080040000002F
:105600002834EF43EF200000F0200000000000C02D
:10561000020000004686C644F1200000F22000008F
:10562000000000C00200000074F338C4F320000042
:10563000F4200000000000C0FEFFFFFF000000C0DB
:10564000FFFFFFFFFFFFFFFF9C4EA4BDFEFFFFFF1C
:10565000000000C0FFFFFFFFFFFFFFFF0000008012
:10566000FEFFFFFF000000C0FFFFFFFFFFFFFFFF87
:105670002420003EFEFFFFFF000000C0FFFFFFFFF1
:10568000FFFFFFFFF1790BBDFEFFFFFF000000C031
:10569000FFFFFFFFFFFFFFFF22ECBF3CFEFFFFFF0E
:1056A000000000C0FFFFFFFFFFFFFFFF5B627BBB4F
:1056B00001000000B14FB544F6200000F7200000C3
:1056C000000000C0050000008FB40CC4F8200000EA
:1056D000F9200000000000C003000000B38C17C3D5
:1056E000FA200000FB200000000000C0FEFFFFFFCA
:1056F000000000C0FFFFFFFFFFFFFFFF9143B9BDA8
:10570000030000002D5347C4FC200000FD200000D2
:10571000000000C0FEFFFFFF000000C0FFFFFFFF12
:10572000FFFFFFFFC3618D3D03000000B67BF24128
:10573000FE200000FF200000000000C0FEFFFFFF71
:10574000000000C0FFFFFFFFFFFFFFFFAAB4F63D10
:1057500003000000A7D9A44300210000012100009C
:10576000000000C0FEFFFFFF000000C0FFFFFFFFC2
:10577000FFFFFFFFBFE75DBE01000000D8B76E4529
:105780000221000003210000000000C0FEFFFFFF17
:10579000000000C0FFFFFFFFFFFFFFFF22E214BB7E
:1057A000FEFFFFFF000000C0FFFFFFFFFFFFFFFF46
:1057B00007753F3DFEFFFFFF000000C0FFFFFFFF3A
:1057C000FFFFFFFFE96C9C3BFEFFFFFF000000C0F6
:1057D000FFFFFFFFFFFFFFFF4C95A8BD0500000086
:1057E000C2D9D9C30521000006210000000000C075
:1057F00003000000265396C3072100000821000083
:10580000000000C0040000001426AA430921000083
:105810000A210000000000C000000000185FA14441
:105820000B2100000C210000000000C0030000005C
:105830007EA508410D2100000E210000000000C0DF
:105840000300000068B39A420F21000010210000FD
:10585000000000C000000000E8A0DAC41121000030
:1058600012210000000000C004000000E1EA224311
:105870001321000014210000000000C004000000FB
:10588000C28D8D431521000016210000000000C0CC
:105890000000000018DFC344172100001821000099
:1058A000000000C0FEFFFFFF000000C0FFFFFFFF81
:1058B000FFFFFFFF0000008004000000BB5E25C268
:1058C000192100001A210000000000C0050000009E
:1058D000C7D578421B2100001C210000000000C039
:1058E000040000000A3313441D2100001E210000A3
:1058F000000000C003000000AA0278431F2100003E
:1059000020210000000000C0FEFFFFFF000000C0DB
:10591000FFFFFFFFFFFFFFFF00000080FEFFFFFF14
:10592000000000C0FFFFFFFFFFFFFFFF5A6383BDC2
:10593000FEFFFFFF000000C0FFFFFFFFFFFFFFFFB4
:105940009973F33DFEFFFFFF000000C0FFFFFFFF64
:10595000FFFFFFFF00000080FEFFFFFF000000C010
:10596000FFFFFFFFFFFFFFFFBD214E3EFEFFFFFFDA
:10597000000000C0FFFFFFFFFFFFFFFF00000080EF
:10598000FEFFFFFF000000C0FFFFFFFFFFFFFFFF64
:1059900082CBD13CFEFFFFFF000000C0FFFFFFFFF6
:1059A000FFFFFFFF9BAA23BCFEFFFFFF000000C01C
:1059B000FFFFFFFFFFFFFFFF042E50BDFEFFFFFFB5
:1059C000000000C0FFFFFFFFFFFFFFFFEB72573B30
:1059D000FEFFFFFF000000C0FFFFFFFFFFFFFFFF14
:1059E00029372B3DFEFFFFFF000000C0FFFFFFFF38
:1059F000FFFFFFFFF52832BDFEFFFFFF000000C0E4
:105A0000FFFFFFFFFFFFFFFF77C8203CFEFFFFFF08
:105A1000000000C0FFFFFFFFFFFFFFFFAEC6153E07
:105A2000020000001799A843222100002321000052
:105A3000000000C00100000062DF254424210000B6
:105A400025210000000000C00200000023B308452B
:105A50002621000027210000000000C001000000F6
:105A600078822DC32821000029210000000000C0F9
:105A7000040000003BCA14422A2100002B21000030
:105A8000000000C0020000008C8C75442C21000036
:105A90002D210000000000C005000000E232084394
:105AA0002E2100002F210000000000C00500000092
:105AB000B22700423021000031210000000000C068
:105AC000FEFFFFFF000000C0FFFFFFFFFFFFFFFF23
:105AD00005E4D9BD04000000D223BA413221000000
:105AE00033210000000000C001000000B1AFA44459
:105AF0003421000035210000000000C0010000003A
:105B00009E2029C43621000037210000000000C07B
:105B100004000000594F1E423821000039210000C6
:105B2000000000C0FEFFFFFF000000C0FFFFFFFFFE
:105B3000FFFFFFFF3BA77FBEFEFFFFFF000000C08F
:105B4000FFFFFFFFFFFFFFFF00000080FEFFFFFFE2
:105B5000000000C0FFFFFFFFFFFFFFFF1BF23BBD88
:105B6000FEFFFFFF000000C0FFFFFFFFFFFFFFFF82
:105B7000BBF4BF3DFEFFFFFF000000C0FFFFFFFFC3
:105B8000FFFFFFFF00000080FEFFFFFF000000C0DE
:105B9000FFFFFFFFFFFFFFFFAB1CCE3DFEFFFFFF40
:105BA000000000C0FFFFFFFFFFFFFFFFD54C0EBE50
:105BB000FEFFFFFF000000C0FFFFFFFFFFFFFFFF32
:105BC00000000080FEFFFFFF000000C0FFFFFFFF9E
:105BD000FFFFFFFFE719B9BDFEFFFFFF000000C098
:105BE000FFFFFFFFFFFFFFFF2553033CFEFFFFFF0B
:105BF000000000C0FFFFFFFFFFFFFFFFDC669A3DD4
:105C0000FEFFFFFF000000C0FFFFFFFFFFFFFFFFE1
:105C100066F789BD0000000031BE10443B21000042
:105C20003C210000000000C0030000006499C9C2CC
:105C30003D2100003E210000000000C0FEFFFFFFEC
:105C4000000000C0FFFFFFFFFFFFFFFF70868CBD5D
:105C500004000000D68383423F2100004021000061
:105C6000000000C004000000594F1E424121000006
:105C700042210000000000C0020000008CCC134450
:105C80004321000044210000000000C00400000087
:105C90008F3277434521000046210000000000C0FC
:105CA000020000008C4C58444721000048210000AD
:105CB000000000C0000000009E838AC3492100004C
:105CC0004A210000000000C0FEFFFFFF000000C0EE
:105CD000FFFFFFFFFFFFFFFF61C651BDFEFFFFFF9C
:105CE000000000C0FFFFFFFFFFFFFFFFE9AC023D28
:105CF000FEFFFFFF000000C0FFFFFFFFFFFFFFFFF1
:105D0000D465FA3DFEFFFFFF000000C0FFFFFFFF6C
:105D1000FFFFFFFF0F05E7BCFEFFFFFF000000C015
:105D2000FFFFFFFFFFFFFFFFB6EF983CFEFFFFFF07
:105D3000000000C0FFFFFFFFFFFFFFFF3B2922BD68
:105D4000FEFFFFFF000000C0FFFFFFFFFFFFFFFFA0
:105D50002530CC3CFEFFFFFF000000C0FFFFFFFF2F
:105D6000FFFFFFFFCACB8CBD01000000788257C344
:105D70004C2100004D210000000000C00000000088
:105D80009E8381C34E2100004F210000000000C00F
:105D9000000000009E03D1C35021000051210000EB
:105DA000000000C0010000009E2077C452210000C6
:105DB00053210000000000C00200000017199243A8
:105DC0005421000055210000000000C00200000026
:105DD0002E3267435621000057210000000000C00A
:105DE00001000000621F19445821000059210000E1
:105DF000000000C0FEFFFFFF000000C0FFFFFFFF2C
:105E0000FFFFFFFFF6027BBD05000000123E89C2C6
:105E10005A2100005B210000000000C002000000C9
:105E2000D2CD31C35C2100005D210000000000C024
:105E300005000000D58CA0415E2100005F2100001C
:105E4000000000C0000000009E03E1C360210000CC
:105E500061210000000000C000000000CFC158C454
:105E60006221000063210000000000C00200000069
:105E7000D2CD68C36421000065210000000000C08D
:105E8000FEFFFFFF000000C0FFFFFFFFFFFFFFFF5F
:105E9000675DADBDFEFFFFFF000000C0FFFFFFFF1D
:105EA000FFFFFFFF1E12F5B7FEFFFFFF000000C05F
:105EB000FFFFFFFFFFFFFFFF30858D3DFEFFFFFF70
:105EC000000000C0FFFFFFFFFFFFFFFFFB4BBDBC5B
:105ED000FEFFFFFF000000C0FFFFFFFFFFFFFFFF0F
:105EE0004B43083EFEFFFFFF000000C0FFFFFFFF27
:105EF000FFFFFFFF00000080FEFFFFFF000000C06B
:105F0000FFFFFFFFFFFFFFFF100223BEFEFFFFFFAB
:105F1000000000C0FFFFFFFFFFFFFFFF5C9EDE3DB4
:105F2000FEFFFFFF000000C0FFFFFFFFFFFFFFFFBE
:105F30008EE04DBDFEFFFFFF000000C0FFFFFFFF32
:105F4000FFFFFFFF00000080FEFFFFFF000000C01A
:105F5000FFFFFFFFFFFFFFFFBC9C21BEFEFFFFFF17
:105F6000000000C0FFFFFFFFFFFFFFFF374497BDAA
:105F7000FEFFFFFF000000C0FFFFFFFFFFFFFFFF6E
:105F80004DDAE139030000002417204367210000A7
:105F900068210000000000C0020000008C4C324468
:105FA000692100006A210000000000C0020000001A
:105FB0008C8C19446B2100006C210000000000C093
:105FC000000000009E03D1C36D2100006E2100007F
:105FD000000000C000000000CFC177C46F210000A6
:105FE00070210000000000C0040000003BCA144201
:105FF0007121000072210000000000C002000000BA
:1060000046269E447321000074210000000000C059
:106010000400000086C218417521000076210000AE
:10602000000000C0020000008C8C064477210000B4
:1060300078210000000000C003000000FC6568C279
:10604000792100007A210000000000C00300000058
:10605000B45905437B2100007C210000000000C0F2
:1060600002000000E9E69CC37D2100007E210000C3
:10607000000000C00400000000706B437F2100009E
:1060800080210000000000C003000000BB07874320
:106090008121000082210000000000C000000000FB
:1060A0009E03C5C38321000084210000000000C0BE
:1060B000FEFFFFFF000000C0FFFFFFFFFFFFFFFF2D
:1060C0005837643DFEFFFFFF000000C0FFFFFFFFE9
:1060D000FFFFFFFF64CCA639FEFFFFFF000000C0FA
:1060E000FFFFFFFFFFFFFFFF00000080FEFFFFFF3D
:1060F000000000C0FFFFFFFFFFFFFFFF051881BD8D
:10610000FEFFFFFF000000C0FFFFFFFFFFFFFFFFDC
:10611000387227BCFEFFFFFF000000C0FFFFFFFF3B
:10612000FFFFFFFFD389493DFEFFFFFF000000C0D6
:10613000FFFFFFFFFFFFFFFF11CCC5BDFEFFFFFF0D
:10614000000000C0FFFFFFFFFFFFFFFF0000008017
:10615000FEFFFFFF000000C0FFFFFFFFFFFFFFFF8C
:1061600017E062BCFEFFFFFF000000C0FFFFFFFF63
:10617000FFFFFFFFE90228BEFEFFFFFF000000C097
:10618000FFFFFFFFFFFFFFFF4272323CFEFFFFFFFA
:10619000000000C0FFFFFFFFFFFFFFFF1268CEBD42
:1061A000FEFFFFFF000000C0FFFFFFFFFFFFFFFF3C
:1061B00000000080FEFFFFFF000000C0FFFFFFFFA8
:1061C000FFFFFFFFC39BE23DFEFFFFFF000000C09B
:1061D000FFFFFFFFFFFFFFFFA20AB33CFEFFFFFF31
:1061E000000000C0FFFFFFFFFFFFFFFFCA8029BDC7
:1061F0000500000028A409C38621000087210000B3
:10620000000000C00200000017998A4388210000A6
:1062100089210000000000C0020000001799A64379
:106220008A2100008B210000000000C00000000057
:1062300074001EC58C2100008D210000000000C0EC
:10624000000000009E83AFC38E2100008F2100005C
:10625000000000C000000000C4F857439021000077
:1062600091210000000000C00000000031FE374412
:106270009221000093210000000000C002000000F5
:10628000DD2C1EC59421000095210000000000C0F7
:106290000300000089921CC4962100009721000091
:1062A000000000C0FEFFFFFF000000C0FFFFFFFF77
:1062B000FFFFFFFF9AC66ABD00000000317E034465
:1062C0009821000099210000000000C00300000098
:1062D000B58407C29A2100009B210000000000C085
:1062E00003000000A713CEC19C2100009D210000E7
:1062F000000000C0030000003AF303449E210000A8
:106300009F210000000000C0020000008C4C4C44A3
:10631000A0210000A1210000000000C0FEFFFFFF3F
:10632000000000C0FFFFFFFFFFFFFFFF7ACF073E27
:10633000FEFFFFFF000000C0FFFFFFFFFFFFFFFFAA
:1063400000000080FEFFFFFF000000C0FFFFFFFF16
:10635000FFFFFFFF00000080FEFFFFFF000000C006
:10636000FFFFFFFFFFFFFFFF9A4E97BDFEFFFFFFFE
:10637000000000C0FFFFFFFFFFFFFFFFD030033E24
:10638000FEFFFFFF000000C0FFFFFFFFFFFFFFFF5A
:1063900000000080FEFFFFFF000000C0FFFFFFFFC6
:1063A000FFFFFFFF7F08E9BBFEFFFFFF000000C00B
:1063B000FFFFFFFFFFFFFFFFCB7D133DFEFFFFFF52
:1063C000000000C0FFFFFFFFFFFFFFFFBB006C3DB1
:1063D000FEFFFFFF000000C0FFFFFFFFFFFFFFFF0A
:1063E0003F5EF9BCFEFFFFFF000000C0FFFFFFFFA4
:1063F000FFFFFFFF3134EFBDFEFFFFFF000000C0D5
:10640000FFFFFFFFFFFFFFFF00000080FEFFFFFF19
:10641000000000C0FFFFFFFFFFFFFFFF24AA4C3D6D
:10642000FEFFFFFF000000C0FFFFFFFFFFFFFFFFB9
:10643000FBE263BC030000000D00B643A321000093
:10644000A4210000000000C005000000D8DB2D439F
:10645000A5210000A6210000000000C005000000EA
:10646000C3118F43A7210000A8210000000000C035
:1064700000000000F01C3CC2A9210000AA2100007D
:10648000000000C0050000000AD38743AB210000D4
:10649000AC210000000000C002000000DD8C06C539
:1064A000AD210000AE210000000000C0030000008C
:1064B0003AF30344AF210000B0210000000000C007
:1064C000050000006E4D9BC2B1210000B22100000A
:1064D000000000C00500000082BD4D41B321000056
:1064E000B4210000000000C0020000008C4C1D44DC
:1064F000B5210000B6210000000000C0030000002C
:106500006CB86D43B7210000B8210000000000C046
:1065100000000000E880F0C4B9210000BA210000AA
:10652000000000C00500000028A409C3BB21000032
:10653000BC210000000000C0020000002E327343A6
:10654000BD210000BE210000000000C0FEFFFFFFD3
:10655000000000C0FFFFFFFFFFFFFFFF0000008003
:10656000FEFFFFFF000000C0FFFFFFFFFFFFFFFF78
:10657000061B093DFEFFFFFF000000C0FFFFFFFFFD
:10658000FFFFFFFF783B04BDFEFFFFFF000000C0E0
:10659000FFFFFFFFFFFFFFFF00000080FEFFFFFF88
:1065A000000000C0FFFFFFFFFFFFFFFF9A93CC3CFE
:1065B000FEFFFFFF000000C0FFFFFFFFFFFFFFFF28
:1065C00026E5D43DFEFFFFFF000000C0FFFFFFFFF8
:1065D000FFFFFFFF00000080FEFFFFFF000000C084
:1065E000FFFFFFFFFFFFFFFF93CB8DBDFEFFFFFF10
:1065F000000000C0FFFFFFFFFFFFFFFF0000008063
:10660000FEFFFFFF000000C0FFFFFFFFFFFFFFFFD7
:10661000120ED9BCFEFFFFFF000000C0FFFFFFFF0E
:10662000FFFFFFFFBBAAE13DFEFFFFFF000000C030
:10663000FFFFFFFFFFFFFFFF00000080FEFFFFFFE7
:10664000000000C0FFFFFFFFFFFFFFFFF85DF7BD89
:10665000FEFFFFFF000000C0FFFFFFFFFFFFFFFF87
:10666000EDA2493EFEFFFFFF000000C0FFFFFFFF5D
:10667000FFFFFFFF00000080000000009E83DAC3E0
:10668000C0210000C1210000000000C00300000084
:10669000B6D1FDC2C2210000C3210000000000C02D
:1066A000020000005C64F842C4210000C521000023
:1066B000000000C0FEFFFFFF000000C0FFFFFFFF63
:1066C000FFFFFFFF00000080FEFFFFFF000000C093
:1066D000FFFFFFFFFFFFFFFF3811F4BD04000000C4
:1066E000528F6141C6210000C7210000000000C098
:1066F000030000004057AC42C8210000C92100003F
:10670000000000C0030000004CE679C3CA2100006D
:10671000CB210000000000C002000000E9E6A9C390
:10672000CC210000CD210000000000C002000000CC
:1067300046468B44CE210000CF210000000000C05F
:1067400004000000B6DE4842D0210000D121000044
:10675000000000C0FEFFFFFF000000C0FFFFFFFFC2
:10676000FFFFFFFF00000080FEFFFFFF000000C0F2
:10677000FFFFFFFFFFFFFFFFDAF2DEBDFEFFFFFFBF
:10678000000000C0FFFFFFFFFFFFFFFF121C7BBDEB
:10679000FEFFFFFF000000C0FFFFFFFFFFFFFFFF46
:1067A000895A4E3DFEFFFFFF000000C0FFFFFFFFC4
:1067B000FFFFFFFF13AE37BCFEFFFFFF000000C06E
:1067C000FFFFFFFFFFFFFFFF4499E23DFEFFFFFFDA
:1067D000000000C0FFFFFFFFFFFFFFFFF63B563D3D
:1067E000FEFFFFFF000000C0FFFFFFFFFFFFFFFFF6
:1067F00040FB3DBD0100000010FBC642D32100005C
:10680000D4210000000000C00300000089853F4241
:10681000D5210000D6210000000000C004000000C7
:106820007F948EC1D7210000D8210000000000C055
:10683000040000003553D4C2D9210000DA21000041
:10684000000000C00500000069568042DB21000006
:10685000DC210000000000C005000000123EB3C2B1
:10686000DD210000DE210000000000C00300000068
:106870006E9AAD41DF210000E0210000000000C061
:10688000050000002D8A33C1E1210000E221000053
:10689000000000C004000000AE1E3841E3210000EB
:1068A000E4210000000000C0010000009E2013C48D
:1068B000E5210000E6210000000000C00500000006
:1068C00034EB3143E7210000E8210000000000C064
:1068D000030000005A42B0C2E9210000EA21000092
:1068E000000000C00500000056986842EB2100003F
:1068F000EC210000000000C001000000C4BEB44351
:10690000ED210000EE210000000000C001000000A9
:1069100062DF7F44EF210000F0210000000000C092
:10692000FEFFFFFF000000C0FFFFFFFFFFFFFFFFB4
:106930006E78203EFEFFFFFF000000C0FFFFFFFF5C
:10694000FFFFFFFFEB78A2BCFEFFFFFF000000C0CF
:10695000FFFFFFFFFFFFFFFFE6DDBDBCFEFFFFFF08
:10696000000000C0FFFFFFFFFFFFFFFF2354BB3C01
:10697000FEFFFFFF000000C0FFFFFFFFFFFFFFFF64
:1069800000000080FEFFFFFF000000C0FFFFFFFFD0
:10699000FFFFFFFF7FF0F73DFEFFFFFF000000C09D
:1069A000FFFFFFFFFFFFFFFF5DE700BEFEFFFFFFF2
:1069B000000000C0FFFFFFFFFFFFFFFF71ED263D5E
:1069C000FEFFFFFF000000C0FFFFFFFFFFFFFFFF14
:1069D000802B8FBCFEFFFFFF000000C0FFFFFFFF0A
:1069E000FFFFFFFFD0B7873DFEFFFFFF000000C0A5
:1069F000FFFFFFFFFFFFFFFF3B4AC3BDFEFFFFFF9F
:106A0000000000C0FFFFFFFFFFFFFFFFE8377A3CF9
:106A1000FEFFFFFF000000C0FFFFFFFFFFFFFFFFC3
:106A2000A85C76BCFEFFFFFF000000C0FFFFFFFF79
:106A3000FFFFFFFF50C3423DFEFFFFFF000000C00D
:106A4000FFFFFFFFFFFFFFFF00000080FEFFFFFFD3
:106A5000000000C0FFFFFFFFFFFFFFFFB3D206BE35
:106A600005000000179EC642F2210000F32100003D
:106A7000000000C001000000C43EC043F42100003B
:106A8000F5210000000000C0FEFFFFFF000000C075
:106A9000FFFFFFFFFFFFFFFF4B58D9BD01000000C4
:106AA0009EE02EC4F6210000F7210000000000C087
:106AB0000400000062E6A941F8210000F92100006D
:106AC000000000C0FEFFFFFF000000C0FFFFFFFF4F
:106AD000FFFFFFFFBA2158BD0100000078827DC38F
:106AE000FA210000FB210000000000C004000000AB
:106AF000D00C7BC2FC210000FD210000000000C082
:106B0000FEFFFFFF000000C0FFFFFFFFFFFFFFFFD2
:106B100000000080FEFFFFFF000000C0FFFFFFFF3E
:106B2000FFFFFFFF5E12CA3CFEFFFFFF000000C038
:106B3000FFFFFFFFFFFFFFFF909CF5BBFEFFFFFF86
:106B4000000000C0FFFFFFFFFFFFFFFF000000800D
:106B5000FEFFFFFF000000C0FFFFFFFFFFFFFFFF82
:106B6000D7F4DDBD00000000627C9A43FF210000E5
:106B700000220000000000C0030000006B6B3DC35A
:106B80000122000002220000000000C005000000F9
:106B90009E794B420322000004220000000000C046
:106BA00005000000257C6FC20522000006220000BF
:106BB000000000C000000000F01C70C207220000AE
:106BC00008220000000000C003000000504E2140D9
:106BD000092200000A220000000000C0040000009A
:106BE000C84CA4410B2200000C220000000000C091
:106BF000050000007ADC52C30D2200000E220000C6
:106C0000000000C004000000BE759C410F2200007F
:106C100010220000000000C005000000D85B2A43DD
:106C20001122000012220000000000C0030000003A
:106C3000B1E16C421322000014220000000000C0E9
:106C400003000000A8752DC31522000016220000C5
:106C5000000000C0040000001DE5F54217220000FE
:106C600018220000000000C004000000292C33C3DB
:106C7000192200001A220000000000C000000000DD
:106C800062FCC4431B2200001C220000000000C064
:106C9000FEFFFFFF000000C0FFFFFFFFFFFFFFFF41
:106CA00000000080FEFFFFFF000000C0FFFFFFFFAD
:106CB000FFFFFFFF96B60C3EFEFFFFFF000000C087
:106CC000FFFFFFFFFFFFFFFF320F80BDFEFFFFFF53
:106CD000000000C0FFFFFFFFFFFFFFFF000000807C
:106CE000FEFFFFFF000000C0FFFFFFFFFFFFFFFFF1
:106CF0002820003BFEFFFFFF000000C0FFFFFFFF5A
:106D0000FFFFFFFFA6A881BDFEFFFFFF000000C040
:106D1000FFFFFFFFFFFFFFFFAEA794BDFEFFFFFFDA
:106D2000000000C0FFFFFFFFFFFFFFFF5008F93B1F
:106D3000FEFFFFFF000000C0FFFFFFFFFFFFFFFFA0
:106D40008C1E5DBCFEFFFFFF000000C0FFFFFFFFC9
:106D5000FFFFFFFFD6B4873DFEFFFFFF000000C02E
:106D6000FFFFFFFFFFFFFFFF9607DEBDFEFFFFFFF8
:106D7000000000C0FFFFFFFFFFFFFFFF00000080DB
:106D8000FEFFFFFF000000C0FFFFFFFFFFFFFFFF50
:106D9000956DD3BBFEFFFFFF000000C0FFFFFFFFAC
:106DA000FFFFFFFFE2ACA93DFEFFFFFF000000C0B8
:106DB000FFFFFFFFFFFFFFFF5E55B43DFEFFFFFF3C
:106DC000000000C0FFFFFFFFFFFFFFFF40E9C5BC61
:106DD00004000000157E0EC31E2200001F220000CA
:106DE000000000C00000000062FCFF432022000001
:106DF00021220000000000C000000000627C9A43D5
:106E00002222000023220000000000C00000000039
:106E10003C071CC32422000025220000000000C003
:106E200004000000EC799AC326220000272200000B
:106E3000000000C003000000280FC1C2282200008B
:106E400029220000000000C0030000001261E2C21D
:106E50002A2200002B220000000000C004000000D5
:106E60000A6739C32C2200002D220000000000C058
:106E700003000000469484C22E2200002F2200004E
:106E8000000000C0FEFFFFFF000000C0FFFFFFFF8B
:106E9000FFFFFFFF0000008000000000317E124471
:106EA0003022000031220000000000C0030000007A
:106EB000B25E04C43222000033220000000000C091
:106EC00004000000859B3543342200003522000079
:106ED000000000C005000000B842BBC3362200001D
:106EE00037220000000000C00300000068B3E74242
:106EF0003822000039220000000000C0FEFFFFFF22
:106F0000000000C0FFFFFFFFFFFFFFFF21B48D3D2A
:106F1000FEFFFFFF000000C0FFFFFFFFFFFFFFFFBE
:106F2000044481BDFEFFFFFF000000C0FFFFFFFF24
:106F3000FFFFFFFF116E5B3CFEFFFFFF000000C084
:106F4000FFFFFFFFFFFFFFFF02F5A3BDFEFFFFFFF7
:106F5000000000C0FFFFFFFFFFFFFFFF00000080F9
:106F6000FEFFFFFF000000C0FFFFFFFFFFFFFFFF6E
:106F700086EF1C3EFEFFFFFF000000C0FFFFFFFF8B
:106F8000FFFFFFFF00000080FEFFFFFF000000C0CA
:106F9000FFFFFFFFFFFFFFFF80CA9CBDFEFFFFFF5B
:106FA000000000C0FFFFFFFFFFFFFFFFE18A4C3D35
:106FB000FEFFFFFF000000C0FFFFFFFFFFFFFFFF1E
:106FC000E6222EBBFEFFFFFF000000C0FFFFFFFF19
:106FD000FFFFFFFF00000080FEFFFFFF000000C07A
:106FE000FFFFFFFFFFFFFFFFEB8DB33DFEFFFFFF46
:106FF000000000C0FFFFFFFFFFFFFFFF69F9AABD10
:10700000FEFFFFFF000000C0FFFFFFFFFFFFFFFFCD
:10701000C284273D000000009E0395C33B22000070
:107020003C220000000000C0040000007ACCFD43B8
:107030003D2200003E220000000000C004000000CD
:1070400048715AC33F22000040220000000000C0E7
:1070500000000000E88084C44122000042220000B9
:10706000000000C0010000009EE016C443220000A2
:1070700044220000000000C00200000074733EC4FF
:107080004522000046220000000000C0020000006F
:1070900017199F434722000048220000000000C04B
:1070A00001000000B1AFA444492200004A220000C0
:1070B000000000C004000000E4BA6EC24B220000D1
:1070C0004C220000000000C000000000E86092C4F4
:1070D0004D2200004E220000000000C00000000011
:1070E000743052C54F22000050220000000000C042
:1070F000FEFFFFFF000000C0FFFFFFFFFFFFFFFFDD
:107100009AD0B0BC0000000062FC94435122000001
:1071100052220000000000C004000000D851B64018
:107120005322000054220000000000C001000000B3
:10713000B1EF91445522000056220000000000C02B
:10714000FEFFFFFF000000C0FFFFFFFFFFFFFFFF8C
:107150006A0CB3BCFEFFFFFF000000C0FFFFFFFF93
:10716000FFFFFFFF6D45073DFEFFFFFF000000C072
:10717000FFFFFFFFFFFFFFFF00000080FEFFFFFF9C
:10718000000000C0FFFFFFFFFFFFFFFF7E97B2BDC3
:10719000FEFFFFFF000000C0FFFFFFFFFFFFFFFF3C
:1071A000F22A97BDFEFFFFFF000000C0FFFFFFFFB8
:1071B000FFFFFFFF8DC3F23CFEFFFFFF000000C09A
:1071C000FFFFFFFFFFFFFFFF00000080FEFFFFFF4C
:1071D000000000C0FFFFFFFFFFFFFFFF41BFF13DC9
:1071E000FEFFFFFF000000C0FFFFFFFFFFFFFFFFEC
:1071F0008641BD3DFEFFFFFF000000C0FFFFFFFF17
:10720000FFFFFFFF00000080FEFFFFFF000000C047
:10721000FFFFFFFFFFFFFFFF29E301BDFEFFFFFFB1
:10722000000000C0FFFFFFFFFFFFFFFF5E165A3C9C
:10723000FEFFFFFF000000C0FFFFFFFFFFFFFFFF9B
:107240001082B03BFEFFFFFF000000C0FFFFFFFF0A
:10725000FFFFFFFF556A193E01000000C4BEA543B1
:107260005822000059220000000000C00200000067
:107270008C4C01445A2200005B220000000000C038
:1072800004000000594F1E425C2200005D220000F5
:10729000000000C004000000A1306A425E2200002D
:1072A0005F220000000000C00200000046E6D54456
:1072B0006022000061220000000000C00400000005
:1072C000A7B02AC26222000063220000000000C0B2
:1072D00001000000B1CF8844642200006522000054
:1072E000000000C00500000054A8E742662200002C
:1072F00067220000000000C0020000002E32304370
:107300006822000069220000000000C002000000A6
:107310008C4C4C446A2200006B220000000000C02C
:10732000050000007C4C0A436C2200006D22000026
:10733000000000C001000000B1EF96446E22000082
:107340006F220000000000C004000000288530C14A
:107350007022000071220000000000C00500000043
:10736000542889427222000073220000000000C0ED
:10737000FEFFFFFF000000C0FFFFFFFFFFFFFFFF5A
:1073800000000080FEFFFFFF000000C0FFFFFFFFC6
:10739000FFFFFFFFEE6EB0BDFEFFFFFF000000C06D
:1073A000FFFFFFFFFFFFFFFF00000080FEFFFFFF6A
:1073B000000000C0FFFFFFFFFFFFFFFF0000008095
:1073C000FEFFFFFF000000C0FFFFFFFFFFFFFFFF0A
:1073D0008E6F163EFEFFFFFF000000C0FFFFFFFFA5
:1073E000FFFFFFFF7AB201BCFEFFFFFF000000C0FD
:1073F000FFFFFFFFFFFFFFFF952E193DFEFFFFFF81
:10740000000000C0FFFFFFFFFFFFFFFFAD9836BE8B
:10741000FEFFFFFF000000C0FFFFFFFFFFFFFFFFB9
:1074200000000080FEFFFFFF000000C0FFFFFFFF25
:10743000FFFFFFFF00000080FEFFFFFF000000C015
:10744000FFFFFFFFFFFFFFFFA68F0DBEFEFFFFFF49
:10745000000000C0FFFFFFFFFFFFFFFF2B5F7A3D33
:10746000FEFFFFFF000000C0FFFFFFFFFFFFFFFF69
:1074700000000080FEFFFFFF000000C0FFFFFFFFD5
:10748000FFFFFFFF00000080FEFFFFFF000000C0C5
:10749000FFFFFFFFFFFFFFFF85E601BE05000000C5
:1074A000171EFB427522000076220000000000C07B
:1074B0000500000044B31E4177220000782200003E
:1074C000000000C0040000001DE5F5427922000024
:1074D0007A220000000000C00400000047111143A0
:1074E0007B2200007C220000000000C0040000009D
:1074F000471111437D2200007E220000000000C0E1
:1075000000000000C4F832437F2200008022000007
:10751000000000C000000000E03990C1812200009E
:1075200082220000000000C0020000005C64F842FB
:107530008322000084220000000000C0050000003B
:1075400096B916C28522000086220000000000C005
:1075500004000000737D49C28722000088220000D9
:10756000000000C0000000009E83BBC38922000011
:107570008A220000000000C004000000EAB1CE42F0
:107580008B2200008C220000000000C005000000DB
:10759000F6A4BA438D2200008E220000000000C035
:1075A000FEFFFFFF000000C0FFFFFFFFFFFFFFFF28
:1075B0000000008002000000D2CD0CC38F2200002A
:1075C00090220000000000C0FEFFFFFF000000C08E
:1075D000FFFFFFFFFFFFFFFFAF3B533DFEFFFFFF3E
:1075E000000000C0FFFFFFFFFFFFFFFF93ED86BB22
:1075F000FEFFFFFF000000C0FFFFFFFFFFFFFFFFD8
:10760000A25103BEFEFFFFFF000000C0FFFFFFFF0F
:10761000FFFFFFFF00000080FEFFFFFF000000C033
:10762000FFFFFFFFFFFFFFFFD0F801BEFEFFFFFFE0
:10763000000000C0FFFFFFFFFFFFFFFFFF678DBCE3
:10764000FEFFFFFF000000C0FFFFFFFFFFFFFFFF87
:10765000D2F6073FFEFFFFFF000000C0FFFFFFFF65
:10766000FFFFFFFF00000080FEFFFFFF000000C0E3
:10767000FFFFFFFFFFFFFFFF54A9363DFEFFFFFFA7
:10768000000000C0FFFFFFFFFFFFFFFF00000080C2
:10769000FEFFFFFF000000C0FFFFFFFFFFFFFFFF37
:1076A000EA1899BDFEFFFFFF000000C0FFFFFFFFCB
:1076B000FFFFFFFF00000080FEFFFFFF000000C093
:1076C000FFFFFFFFFFFFFFFFEF6C713EFEFFFFFFBD
:1076D000000000C0FFFFFFFFFFFFFFFF0000008072
:1076E000020000008CCC2344922200009322000070
:1076F000000000C001000000E00926C29422000042
:1077000095220000000000C00100000010FBF642BE
:107710009622000097220000000000C00200000036
:107720005C64F8429822000099220000000000C02A
:10773000000000009E83C2C39A2200009B2200002A
:10774000000000C0040000004C6183C19C220000C6
:107750009D220000000000C004000000205C564193
:107760009E2200009F220000000000C001000000D7
:10777000F004C3C2A0220000A1220000000000C04B
:1077800004000000E31AE6C2A2220000A3220000C7
:10779000000000C0020000007091E941A422000036
:1077A000A5220000000000C00100000040ECD34111
:1077B000A6220000A7220000000000C00000000078
:1077C0003C0767C3A8220000A9220000000000C0F7
:1077D000020000008CCC4F44AA220000AB22000023
:1077E000000000C0000000003C0710C3AC220000F5
:1077F000AD220000000000C0FEFFFFFF000000C03F
:10780000FFFFFFFFFFFFFFFF301DA6BDFEFFFFFFD5
:10781000000000C0FFFFFFFFFFFFFFFF39A266BDB2
:10782000FEFFFFFF000000C0FFFFFFFFFFFFFFFFA5
:1078300078808B3DFEFFFFFF000000C0FFFFFFFFD1
:10784000FFFFFFFFAE51E0BDFEFFFFFF000000C0E5
:10785000FFFFFFFFFFFFFFFFDEA4253DFEFFFFFF51
:10786000000000C0FFFFFFFFFFFFFFFF211FCC3C18
:10787000FEFFFFFF000000C0FFFFFFFFFFFFFFFF55
:10788000B4C63ABEFEFFFFFF000000C0FFFFFFFFCF
:10789000FFFFFFFFEF7D56BDFEFFFFFF000000C0B2
:1078A000FFFFFFFFFFFFFFFF95B85F3CFEFFFFFFFD
:1078B000000000C0FFFFFFFFFFFFFFFF23485BBE8C
:1078C000FEFFFFFF000000C0FFFFFFFFFFFFFFFF05
:1078D00000000080FEFFFFFF000000C0FFFFFFFF71
:1078E000FFFFFFFF00000080FEFFFFFF000000C061
:1078F000FFFFFFFFFFFFFFFFC108CBBDFEFFFFFF44
:10790000000000C0FFFFFFFFFFFFFFFF000000803F
:10791000FEFFFFFF000000C0FFFFFFFFFFFFFFFFB4
:10792000933D073E0500000085AD2CC4AF2200004A
:10793000B0220000000000C002000000D2CD5BC3F6
:10794000B1220000B2220000000000C005000000CB
:1079500033B7C9C3B3220000B4220000000000C046
:10796000FEFFFFFF000000C0FFFFFFFFFFFFFFFF64
:107970007D9A0B3EFEFFFFFF000000C0FFFFFFFFF0
:10798000FFFFFFFF00000080030000008CD981C3CF
:10799000B5220000B6220000000000C00200000076
:1079A00074B309C4B7220000B8220000000000C070
:1079B00003000000B25E04C4B9220000BA22000035
:1079C000000000C0FEFFFFFF000000C0FFFFFFFF40
:1079D000FFFFFFFF69751DBE01000000B14FB544F8
:1079E000BB220000BC220000000000C00300000019
:1079F0006CB86D43BD220000BE220000000000C034
:107A0000FEFFFFFF000000C0FFFFFFFFFFFFFFFFC3
:107A1000E22E2EBDFEFFFFFF000000C0FFFFFFFFB4
:107A2000FFFFFFFF606D083DFEFFFFFF000000C08D
:107A3000FFFFFFFFFFFFFFFF2F64AC3BFEFFFFFFD9
:107A4000000000C0FFFFFFFFFFFFFFFF044F8D3D61
:107A5000FEFFFFFF000000C0FFFFFFFFFFFFFFFF73
:107A6000BB15FCBBFEFFFFFF000000C0FFFFFFFFD8
:107A7000FFFFFFFFD10D2F3D04000000C0B5734292
:107A8000C0220000C1220000000000C0020000006F
:107A900000E9E6BFC2220000C3220000000000C0CF
:107AA00002000000BAB998C4C4220000C522000038
:107AB000000000C004000000EDF184C2C6220000F6
:107AC000C7220000000000C004000000ED71CEC21B
:107AD000C8220000C9220000000000C0040000000D
:107AE0002834EF43CA220000CB220000000000C06F
:107AF000030000004518CFC3CC220000CD220000B7
:107B0000000000C0050000001233A4C0CE22000017
:107B1000CF220000000000C0050000001233A4C006
:107B2000D0220000D1220000000000C004000000AC
:107B3000157E00C3D2220000D3220000000000C046
:107B400005000000257C5AC2D4220000D522000086
:107B5000000000C003000000049A1F42D62200006B
:107B6000D7220000000000C00500000000A48CC364
:107B7000D8220000D9220000000000C0050000004B
:107B8000A454ECC3DA220000DB220000000000C095
:107B90000400000000706B43DC220000DD220000C6
:107BA000000000C0FEFFFFFF000000C0FFFFFFFF5E
:107BB000FFFFFFFF9A89A0BDFEFFFFFF000000C08E
:107BC000FFFFFFFFFFFFFFFF6D45BD3CFEFFFFFF17
:107BD000000000C0FFFFFFFFFFFFFFFF1C9A003EF9
:107BE000FEFFFFFF000000C0FFFFFFFFFFFFFFFFE2
:107BF0003DD8EC3BFEFFFFFF000000C0FFFFFFFF92
:107C0000FFFFFFFF00000080FEFFFFFF000000C03D
:107C1000FFFFFFFFFFFFFFFF4ABEC53DFEFFFFFF67
:107C2000000000C0FFFFFFFFFFFFFFFFB114463B56
:107C3000FEFFFFFF000000C0FFFFFFFFFFFFFFFF91
:107C40009CCF81BDFEFFFFFF000000C0FFFFFFFFD4
:107C5000FFFFFFFF00000080FEFFFFFF000000C0ED
:107C6000FFFFFFFFFFFFFFFF585D8A3DFEFFFFFFA5
:107C7000000000C0FFFFFFFFFFFFFFFFAE93363C99
:107C8000FEFFFFFF000000C0FFFFFFFFFFFFFFFF41
:107C9000C47828BDFEFFFFFF000000C0FFFFFFFF0C
:107CA000FFFFFFFF00000080FEFFFFFF000000C09D
:107CB000FFFFFFFFFFFFFFFF03FC7A3DFEFFFFFF1B
:107CC000000000C0FFFFFFFFFFFFFFFF5DBE0DBD17
:107CD000FEFFFFFF000000C0FFFFFFFFFFFFFFFFF1
:107CE000237F0ABE01000000D8B74145DF22000013
:107CF000E0220000000000C00300000068B3E7427B
:107D0000E1220000E2220000000000C000000000AC
:107D1000CF8127C4E3220000E4220000000000C05D
:107D20000200000074B307C4E5220000E622000050
:107D3000000000C00200000046468E44E72200001A
:107D4000E8220000000000C0020000002E320443C0
:107D5000E9220000EA220000000000C0FEFFFFFF51
:107D6000000000C0FFFFFFFFFFFFFFFF00000080DB
:107D70000300000078A737C0EB220000EC220000CF
:107D8000000000C00000000088F1FB42ED2200006E
:107D9000EE220000000000C00100000062DF21446C
:107DA000EF220000F0220000000000C000000000F0
:107DB000317E0344F1220000F2220000000000C0E6
:107DC000FEFFFFFF000000C0FFFFFFFFFFFFFFFF00
:107DD0005F792F3EFEFFFFFF000000C0FFFFFFFFA7
:107DE000FFFFFFFF00000080FEFFFFFF000000C05C
:107DF000FFFFFFFFFFFFFFFF273223BDFEFFFFFF57
:107E0000000000C0FFFFFFFFFFFFFFFF9409013BE1
:107E1000FEFFFFFF000000C0FFFFFFFFFFFFFFFFAF
:107E200000000080FEFFFFFF000000C0FFFFFFFF1B
:107E3000FFFFFFFF833EE63CFEFFFFFF000000C0A8
:107E4000FFFFFFFFFFFFFFFFFC0981BDFEFFFFFFFC
:107E5000000000C0FFFFFFFFFFFFFFFF00000080EA
:107E6000FEFFFFFF000000C0FFFFFFFFFFFFFFFF5F
:107E700000000080FEFFFFFF000000C0FFFFFFFFCB
:107E8000FFFFFFFFDD7E1D3E03000000A8752DC330
:107E9000F4220000F5220000000000C001000000F4
:107EA0003CC1D9C3F6220000F7220000000000C048
:107EB00001000000621F1D44F8220000F9220000AA
:107EC000000000C000000000C4F82243FA220000B5
:107ED000FB220000000000C00000000031BE104482
:107EE000FC220000FD220000000000C00200000093
:107EF0001719E243FE220000FF220000000000C02C
:107F000000000000F01C70C20023000001230000EC
:107F1000000000C0FEFFFFFF000000C0FFFFFFFFEA
:107F2000FFFFFFFF79819BBD010000004F1086C459
:107F30000223000003230000000000C00200000034
:107F40008C0C43440423000005230000000000C003
:107F5000FEFFFFFF000000C0FFFFFFFFFFFFFFFF6E
:107F600000000080010000009E6003C406230000A2
:107F700007230000000000C00200000046E6EF44B6
:107F80000823000009230000000000C002000000D8
:107F90001799A1430A2300000B230000000000C032
:107FA0000000000062FCD5430C2300000D230000FC
:107FB000000000C0FEFFFFFF000000C0FFFFFFFF4A
:107FC000FFFFFFFF00000080FEFFFFFF000000C07A
:107FD000FFFFFFFFFFFFFFFF3C59543DFEFFFFFF88
:107FE000000000C0FFFFFFFFFFFFFFFFBA41B33DEE
:107FF000FEFFFFFF000000C0FFFFFFFFFFFFFFFFCE
:1080000000000080FEFFFFFF000000C0FFFFFFFF39
:10801000FFFFFFFF7E60CC3CFEFFFFFF000000C0C3
:10802000FFFFFFFFFFFFFFFF0C74B7BDFEFFFFFF69
:10803000000000C0FFFFFFFFFFFFFFFF89AC2C3CEB
:10804000FEFFFFFF000000C0FFFFFFFFFFFFFFFF7D
:108050006A11E9BDFEFFFFFF000000C0FFFFFFFF48
:10806000FFFFFFFF8139893CFEFFFFFF000000C0DA
:10807000FFFFFFFFFFFFFFFF471086BDFEFFFFFF73
:10808000000000C0FFFFFFFFFFFFFFFFC8C0623D11
:10809000FEFFFFFF000000C0FFFFFFFFFFFFFFFF2D
:1080A000D85F17BC050000007D04E4420F230000E8
:1080B00010230000000000C001000000788243C3CC
:1080C0001123000012230000000000C00400000083
:1080D0008B4291411323000014230000000000C0D4
:1080E00004000000D463284215230000162300007A
:1080F000000000C005000000DA1E9C4017230000AD
:1081000018230000000000C00400000046851FC0C6
:10811000192300001A230000000000C00100000025
:10812000625F56441B2300001C230000000000C0B7
:10813000020000008C8C5F441D2300001E23000001
:10814000000000C001000000788275C31F230000FA
:1081500020230000000000C001000000621F1D4439
:108160002123000022230000000000C001000000C5
:10817000C4BED9432323000024230000000000C014
:1081800001000000C43EE343252300002623000035
:10819000000000C0FEFFFFFF000000C0FFFFFFFF68
:1081A000FFFFFFFF6652A3BD020000001799C14305
:1081B0002723000028230000000000C0FEFFFFFF6F
:1081C000000000C0FFFFFFFFFFFFFFFF0000008077
:1081D000FEFFFFFF000000C0FFFFFFFFFFFFFFFFEC
:1081E000A9DD0C3DFEFFFFFF000000C0FFFFFFFF09
:1081F000FFFFFFFFC358D6BDFEFFFFFF000000C01A
:10820000FFFFFFFFFFFFFFFFCD069EBDFEFFFFFF4D
:10821000000000C0FFFFFFFFFFFFFFFF0000008026
:10822000FEFFFFFF000000C0FFFFFFFFFFFFFFFF9B
:1082300029CC113CFEFFFFFF000000C0FFFFFFFF45
:10824000FFFFFFFF2EFB26BDFEFFFFFF000000C06B
:10825000FFFFFFFFFFFFFFFF8E0CB7BDFEFFFFFF1D
:10826000000000C0FFFFFFFFFFFFFFFFEAC7083C61
:10827000FEFFFFFF000000C0FFFFFFFFFFFFFFFF4B
:10828000AB65F8BBFEFFFFFF000000C0FFFFFFFF74
:10829000FFFFFFFF466F673DFEFFFFFF000000C0CE
:1082A000FFFFFFFFFFFFFFFF14D4283EFEFFFFFF8D
:1082B000000000C0FFFFFFFFFFFFFFFF0000008086
:1082C0000000000020C6A7412A2300002B23000045
:1082D000000000C00200000017998C432C2300000E
:1082E0002D230000000000C004000000B0A37C406B
:1082F0002E2300002F230000000000C00500000016
:108300007F4272C13023000031230000000000C012
:1083100004000000DAE320C232230000332300000F
:10832000000000C0020000008C8C064434230000D2
:1083300035230000000000C000000000C4F85743CF
:108340003623000037230000000000C002000000B8
:10835000E02213413823000039230000000000C050
:10836000000000009E83EEC33A2300003B23000080
:10837000000000C0050000005FBD06C13C230000F6
:108380003D230000000000C005000000179E8E4243
:108390003E2300003F230000000000C00200000058
:1083A0005C64DC424023000041230000000000C068
:1083B00000000000C4F827434223000043230000CC
:1083C000000000C0050000001099FDBF442300001C
:1083D00045230000000000C00000000062FCE443F0
:1083E0004623000047230000000000C0FEFFFFFFFF
:1083F000000000C0FFFFFFFFFFFFFFFFF30DDBBD2D
:10840000FEFFFFFF000000C0FFFFFFFFFFFFFFFFB9
:108410006A5A733CFEFFFFFF000000C0FFFFFFFF32
:10842000FFFFFFFFE2BAF53DFEFFFFFF000000C0C7
:10843000FFFFFFFFFFFFFFFF96C8C23CFEFFFFFFED
:10844000000000C0FFFFFFFFFFFFFFFFF8C6803CFA
:10845000FEFFFFFF000000C0FFFFFFFFFFFFFFFF69
:108460001646E1BDFEFFFFFF000000C0FFFFFFFF5B
:10847000FFFFFFFFFA2BA33CFEFFFFFF000000C041
:10848000FFFFFFFFFFFFFFFF8AC8A1BDFEFFFFFF49
:10849000000000C0FFFFFFFFFFFFFFFF00000080A4
:1084A000FEFFFFFF000000C0FFFFFFFFFFFFFFFF19
:1084B0009B8F02BEFEFFFFFF000000C0FFFFFFFF1B
:1084C000FFFFFFFF5412803DFEFFFFFF000000C0D2
:1084D000FFFFFFFFFFFFFFFF794E50BDFEFFFFFFD5
:1084E000000000C0FFFFFFFFFFFFFFFF0F98C33C2E
:1084F000FEFFFFFF000000C0FFFFFFFFFFFFFFFFC9
:10850000B08291BDFEFFFFFF000000C0FFFFFFFF34
:10851000FFFFFFFFAEC7813EFEFFFFFF000000C070
:10852000FFFFFFFFFFFFFFFF0000008000000000D3
:108530009E83FEC3492300004A230000000000C0C0
:10854000020000008C0C36444B2300004C2300003A
:10855000000000C00100000010FBBA424D230000E3
:108560004E230000000000C003000000F1A30843F8
:108570004F23000050230000000000C00300000053
:1085800018481A425123000052230000000000C086
:10859000020000008C8C1B44532300005423000075
:1085A000000000C00200000017198143552300009D
:1085B00056230000000000C002000000E966EAC384
:1085C0005723000058230000000000C002000000F4
:1085D000743312C4592300005A230000000000C065
:1085E0000100000028F819C55B2300005C2300008F
:1085F000000000C002000000230325455D230000A9
:108600005E230000000000C00200000017998C43A8
:108610005F23000060230000000000C00000000095
:108620009E03C5C36123000062230000000000C058
:1086300003000000AC92D2406323000064230000DA
:10864000000000C0020000001719E243652300008B
:1086500066230000000000C0FEFFFFFF000000C016
:10866000FFFFFFFFFFFFFFFF00000080FEFFFFFF97
:10867000000000C0FFFFFFFFFFFFFFFF11BB8E3DAB
:10868000FEFFFFFF000000C0FFFFFFFFFFFFFFFF37
:1086900000000080FEFFFFFF000000C0FFFFFFFFA3
:1086A000FFFFFFFFCCD5EDBDFEFFFFFF000000C0C8
:1086B000FFFFFFFFFFFFFFFF00000080FEFFFFFF47
:1086C000000000C0FFFFFFFFFFFFFFFFAD6DABBD70
:1086D000FEFFFFFF000000C0FFFFFFFFFFFFFFFFE7
:1086E00064CA2F3DFEFFFFFF000000C0FFFFFFFF39
:1086F000FFFFFFFF00000080FEFFFFFF000000C043
:10870000FFFFFFFFFFFFFFFF4603A0BCFEFFFFFFD1
:10871000000000C0FFFFFFFFFFFFFFFFC96CD63C5A
:10872000FEFFFFFF000000C0FFFFFFFFFFFFFFFF96
:1087300000000080FEFFFFFF000000C0FFFFFFFF02
:10874000FFFFFFFFFBF6EFBDFEFFFFFF000000C0D5
:10875000FFFFFFFFFFFFFFFF47977B3DFEFFFFFF90
:10876000000000C0FFFFFFFFFFFFFFFFE3FA4ABA70
:10877000FEFFFFFF000000C0FFFFFFFFFFFFFFFF46
:108780009F8ADABDFEFFFFFF000000C0FFFFFFFF72
:10879000FFFFFFFF854AD83C00000000185FA1449E
:1087A0006823000069230000000000C001000000F1
:1087B000B1AFA4446A2300006B230000000000C096
:1087C0000200000074734DC46C2300006D23000090
:1087D000000000C00200000074B345C46E23000016
:1087E0006F230000000000C0020000008C8C0644D3
:1087F0007023000071230000000000C0FEFFFFFF97
:10880000000000C0FFFFFFFFFFFFFFFF0000008030
:1088100005000000B137B04272230000732300004E
:10882000000000C002000000DD5C44C574230000AD
:1088300075230000000000C000000000CF414FC4BD
:108840007623000077230000000000C00000000035
:10885000313E44447823000079230000000000C02A
:1088600001000000D8B76E457A2300007B2300008A
:10887000000000C0010000004F1086C47C230000EF
:108880007D230000000000C0FEFFFFFF000000C0CD
:10889000FFFFFFFFFFFFFFFF00000080FEFFFFFF65
:1088A000000000C0FFFFFFFFFFFFFFFF1DDB66BAF8
:1088B000FEFFFFFF000000C0FFFFFFFFFFFFFFFF05
:1088C000DC42153DFEFFFFFF000000C0FFFFFFFF81
:1088D000FFFFFFFF0E56FBBDFEFFFFFF000000C0C5
:1088E000FFFFFFFFFFFFFFFF3B21EE3AFEFFFFFF11
:1088F000000000C0FFFFFFFFFFFFFFFF8FA230BDA2
:10890000FEFFFFFF000000C0FFFFFFFFFFFFFFFFB4
:108910008A0370BEFEFFFFFF000000C0FFFFFFFFE5
:10892000FFFFFFFFD796023EFEFFFFFF000000C0E3
:10893000FFFFFFFFFFFFFFFF00000080FEFFFFFFC4
:10894000000000C0FFFFFFFFFFFFFFFF00000080EF
:10895000FEFFFFFF000000C0FFFFFFFFFFFFFFFF64
:108960006C16003E000000009E0391C37F230000B0
:1089700080230000000000C001000000D8B741457E
:108980008123000082230000000000C000000000DE
:108990003C0745C38323000084230000000000C07F
:1089A000010000003C41D5C3852300008623000060
:1089B000000000C000000000E8A0DAC48723000027
:1089C00088230000000000C0010000003C419EC35D
:1089D000892300008A230000000000C0010000007D
:1089E000D84708458B2300008C230000000000C0FE
:1089F000010000004F10E9C48D2300008E23000009
:108A0000000000C001000000B1CF88448F230000A7
:108A100090230000000000C0020000008C8C754410
:108A20009123000092230000000000C0FEFFFFFF22
:108A3000000000C0FFFFFFFFFFFFFFFF00000080FE
:108A4000FEFFFFFF000000C0FFFFFFFFFFFFFFFF73
:108A50000000008003000000E8B70BC29323000071
:108A600094230000000000C0020000008C0C7F4432
:108A70009523000096230000000000C003000000C2
:108A8000E447AF429723000098230000000000C095
:108A9000FEFFFFFF000000C0FFFFFFFFFFFFFFFF23
:108AA000687027BDFEFFFFFF000000C0FFFFFFFF53
:108AB000FFFFFFFF6965D73CFEFFFFFF000000C01E
:108AC000FFFFFFFFFFFFFFFFA0CD5EBDFEFFFFFF2B
:108AD000000000C0FFFFFFFFFFFFFFFF000000805E
:108AE000FEFFFFFF000000C0FFFFFFFFFFFFFFFFD3
:108AF0001DBC093EFEFFFFFF000000C0FFFFFFFF9F
:108B0000FFFFFFFF00000080FEFFFFFF000000C02E
:108B1000FFFFFFFFFFFFFFFFDBC4483EFEFFFFFF3D
:108B2000000000C0FFFFFFFFFFFFFFFF39BAE83C76
:108B3000FEFFFFFF000000C0FFFFFFFFFFFFFFFF82
:108B4000BDB1313BFEFFFFFF000000C0FFFFFFFF94
:108B5000FFFFFFFFB0A210BDFEFFFFFF000000C03F
:108B6000FFFFFFFFFFFFFFFF341704BEFEFFFFFF05
:108B7000000000C0FFFFFFFFFFFFFFFF00000080BD
:108B8000010000009EA034C49A2300009B23000033
:108B9000000000C0040000009E19D0C19C2300000A
:108BA0009D230000000000C003000000920FB342AC
:108BB0009E2300009F230000000000C0FEFFFFFF77
:108BC000000000C0FFFFFFFFFFFFFFFF000000806D
:108BD00004000000D4632842A0230000A123000069
:108BE000000000C0040000004C61D7C1A2230000B7
:108BF000A3230000000000C000000000E039F0C125
:108C0000A4230000A5230000000000C0FEFFFFFF1A
:108C1000000000C0FFFFFFFFFFFFFFFF3B8500BE1E
:108C2000FEFFFFFF000000C0FFFFFFFFFFFFFFFF91
:108C3000000000800000000088F1B742A623000079
:108C4000A7230000000000C0030000005A42DAC25F
:108C5000A8230000A9230000000000C001000000BC
:108C6000625F3344AA230000AB230000000000C071
:108C70000000000031BE4C44AC230000AD230000D6
:108C8000000000C0FEFFFFFF000000C0FFFFFFFF6D
:108C9000FFFFFFFF67CDFCBDFEFFFFFF000000C030
:108CA000FFFFFFFFFFFFFFFFB80682BCFEFFFFFFD5
:108CB000000000C0FFFFFFFFFFFFFFFFC060F63CAA
:108CC000FEFFFFFF000000C0FFFFFFFFFFFFFFFFF1
:108CD000BF0D5FBCFEFFFFFF000000C0FFFFFFFFF6
:108CE000FFFFFFFFC09DF3BDFEFFFFFF000000C0C0
:108CF000FFFFFFFFFFFFFFFFF922EB3CFEFFFFFF3F
:108D0000000000C0FFFFFFFFFFFFFFFF5B18213DDA
:108D1000FEFFFFFF000000C0FFFFFFFFFFFFFFFFA0
:108D20000000008000000000CF413CC4AF230000E1
:108D3000B0230000000000C00500000050A18E41DB
:108D4000B1230000B2230000000000C000000000BA
:108D50009E03CAC3B3230000B4230000000000C078
:108D6000FEFFFFFF000000C0FFFFFFFFFFFFFFFF50
:108D7000D7E9F4BDFEFFFFFF000000C0FFFFFFFFCB
:108D8000FFFFFFFF00000080030000000834A54142
:108D9000B5230000B6230000000000C00200000060
:108DA0008C4C3844B7230000B8230000000000C0FA
:108DB00002000000E9E68DC3B9230000BA230000D9
:108DC000000000C000000000CFC10AC4BB230000A7
:108DD000BC230000000000C003000000BDA308C3C6
:108DE000BD230000BE230000000000C00000000002
:108DF0009E0395C3BF230000C0230000000000C0F5
:108E0000FEFFFFFF000000C0FFFFFFFFFFFFFFFFAF
:108E100000000080FEFFFFFF000000C0FFFFFFFF1B
:108E2000FFFFFFFFB4CC6D3DFEFFFFFF000000C061
:108E3000FFFFFFFFFFFFFFFF00000080FEFFFFFFBF
:108E4000000000C0FFFFFFFFFFFFFFFFA5D46CBDC8
:108E5000FEFFFFFF000000C0FFFFFFFFFFFFFFFF5F
:108E600019B61ABDFEFFFFFF000000C0FFFFFFFFA5
:108E7000FFFFFFFF106F9B3BFEFFFFFF000000C0E6
:108E8000FFFFFFFFFFFFFFFF00000080FEFFFFFF6F
:108E9000000000C0FFFFFFFFFFFFFFFFCFFFC6BDC9
:108EA000020000002E323E43C2230000C323000014
:108EB000000000C003000000841EA9C2C4230000FB
:108EC000C5230000000000C00300000032E690C28D
:108ED000C6230000C7230000000000C003000000FC
:108EE0006B6B3DC3C8230000C9230000000000C015
:108EF0000400000007974F42CA230000CB23000064
:108F0000000000C004000000594F1E42CC230000A6
:108F1000CD230000000000C005000000B227004281
:108F2000CE230000CF230000000000C0FEFFFFFFA3
:108F3000000000C0FFFFFFFFFFFFFFFF00000080F9
:108F4000020000002E322343D0230000D123000072
:108F5000000000C00300000006922443D22300005A
:108F6000D3230000000000C0020000005C64CA427D
:108F7000D4230000D5230000000000C0050000003D
:108F8000DD9A3FC2D6230000D7230000000000C0B6
:108F9000020000008C0C4944D8230000D9230000B3
:108FA000000000C003000000B4590543DA230000AC
:108FB000DB230000000000C004000000E4BA6EC221
:108FC000DC230000DD230000000000C0FEFFFFFFE7
:108FD000000000C0FFFFFFFFFFFFFFFF8313383ECD
:108FE000FEFFFFFF000000C0FFFFFFFFFFFFFFFFCE
:108FF00000000080FEFFFFFF000000C0FFFFFFFF3A
:10900000FFFFFFFF268C2B3CFEFFFFFF000000C090
:10901000FFFFFFFFFFFFFFFFE233123EFEFFFFFFF8
:10902000000000C0FFFFFFFFFFFFFFFF34CC08BEC2
:10903000FEFFFFFF000000C0FFFFFFFFFFFFFFFF7D
:1090400000000080FEFFFFFF000000C0FFFFFFFFE9
:10905000FFFFFFFF00000080FEFFFFFF000000C0D9
:10906000FFFFFFFFFFFFFFFF3A0EF4BDFEFFFFFF14
:10907000000000C0FFFFFFFFFFFFFFFF42CBE23D0C
:10908000FEFFFFFF000000C0FFFFFFFFFFFFFFFF2D
:1090900000000080FEFFFFFF000000C0FFFFFFFF99
:1090A000FFFFFFFF60A6063DFEFFFFFF000000C0C0
:1090B000FFFFFFFFFFFFFFFFB4E4C4BDFEFFFFFFA4
:1090C000000000C0FFFFFFFFFFFFFFFF4161EEBD9B
:1090D000FEFFFFFF000000C0FFFFFFFFFFFFFFFFDD
:1090E00031F315BC0100000010FB8042DF230000BB
:1090F000E0230000000000C00400000029EC1FC3B2
:10910000E1230000E2230000000000C00000000096
:109110009E83BDC3E3230000E4230000000000C0E1
:1091200005000000C565BC42E5230000E623000001
:10913000000000C0000000009E8381C3E723000000
:10914000E8230000000000C004000000C84C964165
:10915000E9230000EA230000000000C00400000032
:1091600000502CC3EB230000EC230000000000C0E3
:10917000010000003CC198C3ED230000EE23000075
:10918000000000C0000000003C075FC3EF230000A8
:10919000F0230000000000C004000000909920416E
:1091A000F1230000F2230000000000C000000000D6
:1091B00062FCD843F3230000F4230000000000C049
:1091C00001000000B16FD044F5230000F623000039
:1091D000000000C005000000C670C440F723000076
:1091E000F8230000000000C005000000ED890C43DA
:1091F000F9230000FA230000000000C00000000076
:10920000F01C58C2FB230000FC230000000000C03B
:10921000FEFFFFFF000000C0FFFFFFFFFFFFFFFF9B
:1092200000000080FEFFFFFF000000C0FFFFFFFF07
:10923000FFFFFFFF03ED92BDFEFFFFFF000000C038
:10924000FFFFFFFFFFFFFFFF638FD6BBFEFFFFFFA8
:10925000000000C0FFFFFFFFFFFFFFFFCD8FBC3D01
:10926000FEFFFFFF000000C0FFFFFFFFFFFFFFFF4B
:1092700081A0AA3CFEFFFFFF000000C0FFFFFFFF30
:10928000FFFFFFFFC842F0BCFEFFFFFF000000C071
:10929000FFFFFFFFFFFFFFFFD40081BDFEFFFFFFC9
:1092A000000000C0FFFFFFFFFFFFFFFFAEF71E3C07
:1092B000FEFFFFFF000000C0FFFFFFFFFFFFFFFFFB
:1092C000EB61B1BDFEFFFFFF000000C0FFFFFFFF2D
:1092D000FFFFFFFF00000080FEFFFFFF000000C057
:1092E000FFFFFFFFFFFFFFFFD19050BDFEFFFFFF1D
:1092F000000000C0FFFFFFFFFFFFFFFF0E3E6B3DC2
:10930000FEFFFFFF000000C0FFFFFFFFFFFFFFFFAA
:10931000C188C9BDFEFFFFFF000000C0FFFFFFFFC7
:10932000FFFFFFFF00000080FEFFFFFF000000C006
:10933000FFFFFFFFFFFFFFFF5C1D843DFEFFFFFF00
:10934000000000C0FFFFFFFFFFFFFFFFCD90163CB6
:109350000200000074F326C4FE230000FF23000077
:10936000000000C004000000FFB798430024000084
:1093700001240000000000C001000000788246C304
:109380000224000003240000000000C001000000CF
:1093900062DF3D440424000005240000000000C0FA
:1093A00002000000BAF9E5C406240000072400000A
:1093B000000000C002000000D2CD68C308240000F5
:1093C00009240000000000C00500000041EA5142ED
:1093D0000A2400000B240000000000C0040000006C
:1093E000867388C30C2400000D240000000000C018
:1093F00004000000AFE7A9C20E2400000F24000003
:10940000000000C0040000001426D4431024000013
:1094100011240000000000C00100000028F819C558
:109420001224000013240000000000C0010000000E
:109430003C41B2C31424000015240000000000C009
:109440000200000046269E44162400001724000057
:10945000000000C0050000001BA560C21824000029
:1094600019240000000000C004000000ED71CEC20D
:109470001A2400001B240000000000C0FEFFFFFFB4
:10948000000000C0FFFFFFFFFFFFFFFF00000080A4
:10949000FEFFFFFF000000C0FFFFFFFFFFFFFFFF19
:1094A000DC72503DFEFFFFFF000000C0FFFFFFFF2A
:1094B000FFFFFFFFD2ADB13CFEFFFFFF000000C089
:1094C000FFFFFFFFFFFFFFFF40942ABDFEFFFFFFEE
:1094D000000000C0FFFFFFFFFFFFFFFF9150993D1D
:1094E000FEFFFFFF000000C0FFFFFFFFFFFFFFFFC9
:1094F000243A4EBCFEFFFFFF000000C0FFFFFFFF4D
:10950000FFFFFFFF00000080FEFFFFFF000000C024
:10951000FFFFFFFFFFFFFFFFD224C5BDFEFFFFFFE0
:10952000000000C0FFFFFFFFFFFFFFFF0906903DA7
:10953000FEFFFFFF000000C0FFFFFFFFFFFFFFFF78
:1095400002F3CFBCFEFFFFFF000000C0FFFFFFFFE4
:10955000FFFFFFFF8E85B7BDFEFFFFFF000000C0CD
:10956000FFFFFFFFFFFFFFFF00000080FEFFFFFF88
:10957000000000C0FFFFFFFFFFFFFFFF08B858BC5F
:10958000FEFFFFFF000000C0FFFFFFFFFFFFFFFF28
:109590001177C43CFEFFFFFF000000C0FFFFFFFF8C
:1095A000FFFFFFFF00000080FEFFFFFF000000C084
:1095B000FFFFFFFFFFFFFFFFC313BCBD0200000062
:1095C0001799EF431D2400001E240000000000C076
:1095D00001000000D8B741451F24000020240000EE
:1095E000000000C0020000008C0C12442124000086
:1095F00022240000000000C005000000A454ECC3B9
:109600002324000024240000000000C0000000000B
:10961000E8C09FC42524000026240000000000C0EC
:1096200001000000887D0B4327240000282400004F
:10963000000000C000000000F01C2CC22924000023
:109640002A240000000000C0050000008FB40CC4F4
:109650002B2400002C240000000000C005000000A6
:1096600006A95F412D2400002E240000000000C048
:10967000FEFFFFFF000000C0FFFFFFFFFFFFFFFF37
:1096800022AC143EFEFFFFFF000000C0FFFFFFFF03
:10969000FFFFFFFF00000080000000003C074AC3FE
:1096A0002F24000030240000000000C00000000053
:1096B000F01C10C23124000032240000000000C061
:1096C00001000000C4BEE74333240000342400003E
:1096D000000000C00000000031BE0144352400003D
:1096E00036240000000000C0FEFFFFFF000000C0A5
:1096F000FFFFFFFFFFFFFFFF00000080FEFFFFFFF7
:10970000000000C0FFFFFFFFFFFFFFFF7DCF863D92
:10971000FEFFFFFF000000C0FFFFFFFFFFFFFFFF96
:10972000CED9FBBCFEFFFFFF000000C0FFFFFFFF24
:10973000FFFFFFFF00000080FEFFFFFF000000C0F2
:10974000FFFFFFFFFFFFFFFFC8C5153DFEFFFFFF47
:10975000000000C0FFFFFFFFFFFFFFFFD6583ABD2C
:10976000FEFFFFFF000000C0FFFFFFFFFFFFFFFF46
:1097700000000080FEFFFFFF000000C0FFFFFFFFB2
:10978000FFFFFFFFA418493EFEFFFFFF000000C0DF
:10979000FFFFFFFFFFFFFFFF0E68263DFEFFFFFFFD
:1097A000000000C0FFFFFFFFFFFFFFFF410C1BBCDD
:1097B000FEFFFFFF000000C0FFFFFFFFFFFFFFFFF6
:1097C000781612BDFEFFFFFF000000C0FFFFFFFF85
:1097D000FFFFFFFF837D7B3C00000000780E90C2FE
:1097E0003824000039240000000000C002000000FE
:1097F00017999A433A2400003B240000000000C05F
:109800000000000031BE3F443C2400003D24000025
:10981000000000C003000000DBA80EC33E240000CF
:109820003F240000000000C0020000008C0C4344F4
:109830004024000041240000000000C0050000009A
:10984000188E5C424224000043240000000000C047
:10985000020000008C8C7544442400004524000064
:10986000000000C00500000050A18E414624000009
:1098700047240000000000C003000000F9CBC6C16F
:109880004824000049240000000000C0FEFFFFFF44
:10989000000000C0FFFFFFFFFFFFFFFF4DB7C2BD8D
:1098A00003000000FC6568C24A2400004B2400004D
:1098B000000000C005000000B60797414C240000DE
:1098C0004D240000000000C003000000825126C2A9
:1098D0004E2400004F240000000000C005000000DE
:1098E00072F559435024000051240000000000C0CC
:1098F000030000004057AC425224000053240000F3
:10990000000000C0FEFFFFFF000000C0FFFFFFFFE0
:10991000FFFFFFFF00000080FEFFFFFF000000C010
:10992000FFFFFFFFFFFFFFFFEE7FC93DFEFFFFFFD1
:10993000000000C0FFFFFFFFFFFFFFFF31AFC7BD0B
:10994000FEFFFFFF000000C0FFFFFFFFFFFFFFFF64
:10995000FFB4C83CFEFFFFFF000000C0FFFFFFFF99
:10996000FFFFFFFFB835BB3CFEFFFFFF000000C05C
:10997000FFFFFFFFFFFFFFFF066E0FBDFEFFFFFFB4
:10998000000000C0FFFFFFFFFFFFFFFFE15B613C46
:10999000FEFFFFFF000000C0FFFFFFFFFFFFFFFF14
:1099A000729633BDFEFFFFFF000000C0FFFFFFFF08
:1099B000FFFFFFFF5834A9BCFEFFFFFF000000C0FF
:1099C000FFFFFFFFFFFFFFFF7EC05A3DFEFFFFFFCF
:1099D000000000C0FFFFFFFFFFFFFFFF648FBABD65
:1099E000FEFFFFFF000000C0FFFFFFFFFFFFFFFFC4
:1099F00000000080FEFFFFFF000000C0FFFFFFFF30
:109A0000FFFFFFFF037D9C3DFEFFFFFF000000C046
:109A1000FFFFFFFFFFFFFFFF80CE45BD00000000FE
:109A200088F1C3425524000056240000000000C005
:109A300003000000111432C2572400005824000013
:109A4000000000C003000000555BB9C159240000AC
:109A50005A240000000000C0050000006A4647428A
:109A60005B2400005C240000000000C00500000032
:109A700096B939C25D2400005E240000000000C0D9
:109A800002000000A49B85C25F2400006024000047
:109A9000000000C0050000006B4616426124000073
:109AA00062240000000000C003000000A2A3F1C275
:109AB0006324000064240000000000C002000000D5
:109AC0008C8C2E446524000066240000000000C039
:109AD00000000000CF0122C46724000068240000B9
:109AE000000000C002000000B8C81C426924000049
:109AF0006A240000000000C002000000E9E6F8C38C
:109B00006B2400006C240000000000C00500000071
:109B1000E82310416D2400006E240000000000C006
:109B200002000000E9E69CC36F24000070240000DE
:109B3000000000C005000000AEE39E437124000059
:109B400072240000000000C0FEFFFFFF000000C004
:109B5000FFFFFFFFFFFFFFFF270F95BCFEFFFFFF8B
:109B6000000000C0FFFFFFFFFFFFFFFFE87D073D94
:109B7000FEFFFFFF000000C0FFFFFFFFFFFFFFFF32
:109B8000D0B4AF3DFEFFFFFF000000C0FFFFFFFFAE
:109B9000FFFFFFFF00000080FEFFFFFF000000C08E
:109BA000FFFFFFFFFFFFFFFF4552AFBDFEFFFFFFBF
:109BB000000000C0FFFFFFFFFFFFFFFFE823663D3F
:109BC000FEFFFFFF000000C0FFFFFFFFFFFFFFFFE2
:109BD0007C85913CFEFFFFFF000000C0FFFFFFFF00
:109BE000FFFFFFFFAD3C5CBDFEFFFFFF000000C0BC
:109BF000FFFFFFFFFFFFFFFF00000080FEFFFFFFF2
:109C0000000000C0FFFFFFFFFFFFFFFF441B823D7E
:109C1000FEFFFFFF000000C0FFFFFFFFFFFFFFFF91
:109C2000DCC5D1BDFEFFFFFF000000C0FFFFFFFF4E
:109C3000FFFFFFFF00000080FEFFFFFF000000C0ED
:109C4000FFFFFFFFFFFFFFFF24E2D3BDFEFFFFFF8B
:109C5000000000C0FFFFFFFFFFFFFFFFD98A4A3D62
:109C6000FEFFFFFF000000C0FFFFFFFFFFFFFFFF41
:109C7000897FA0BDFEFFFFFF000000C0FFFFFFFFC8
:109C8000FFFFFFFF0000008005000000DB830342B0
:109C90007424000075240000000000C002000000D1
:109CA0002E3278437624000077240000000000C0A4
:109CB0000200000017199F43782400007924000057
:109CC000000000C004000000E31ABCC27A240000B7
:109CD0007B240000000000C0000000003C076CC3B3
:109CE0007C2400007D240000000000C0040000006F
:109CF000725DE0C27E2400007F240000000000C0EE
:109D000004000000192E94C180240000812400006A
:109D1000000000C0040000000AE74AC382240000DB
:109D200083240000000000C0000000003C0727C39F
:109D30008424000085240000000000C00200000010
:109D40001799FC438624000087240000000000C00F
:109D500000000000627CC1438824000089240000C8
:109D6000000000C002000000E966A4C38A240000CD
:109D70008B240000000000C00500000002F08542B6
:109D80008C2400008D240000000000C000000000B2
:109D90003C0721C38E2400008F240000000000C077
:109DA000000000003C0756C39024000091240000EE
:109DB000000000C0FEFFFFFF000000C0FFFFFFFF2C
:109DC000FFFFFFFF00000080FEFFFFFF000000C05C
:109DD000FFFFFFFFFFFFFFFF658AE43DFEFFFFFF80
:109DE000000000C0FFFFFFFFFFFFFFFF000000803B
:109DF000FEFFFFFF000000C0FFFFFFFFFFFFFFFFB0
:109E00004C478EBDFEFFFFFF000000C0FFFFFFFFBD
:109E1000FFFFFFFF6CD7203CFEFFFFFF000000C0EC
:109E2000FFFFFFFFFFFFFFFF553243BDFEFFFFFFB8
:109E3000000000C0FFFFFFFFFFFFFFFF63BC163DF8
:109E4000FEFFFFFF000000C0FFFFFFFFFFFFFFFF5F
:109E5000056903BDFEFFFFFF000000C0FFFFFFFF1D
:109E6000FFFFFFFF00000080FEFFFFFF000000C0BB
:109E7000FFFFFFFFFFFFFFFF2C79B7BDFEFFFFFFD6
:109E8000000000C0FFFFFFFFFFFFFFFF000000809A
:109E9000FEFFFFFF000000C0FFFFFFFFFFFFFFFF0F
:109EA000BFACA13DFEFFFFFF000000C0FFFFFFFFB2
:109EB000FFFFFFFF487640BEFEFFFFFF000000C02F
:109EC000FFFFFFFFFFFFFFFF00000080FEFFFFFF1F
:109ED000000000C0FFFFFFFFFFFFFFFF5FB92B3D4A
:109EE000FEFFFFFF000000C0FFFFFFFFFFFFFFFFBF
:109EF0001138CEBD01000000C43E984393240000F9
:109F000094240000000000C0020000001799AE4336
:109F10009524000096240000000000C0040000000A
:109F2000CBAC9E429724000098240000000000C0A3
:109F300001000000E00936C2992400009A240000C4
:109F4000000000C005000000123EB3C29B240000C8
:109F50009C240000000000C0050000008F5EAA43A2
:109F60009D2400009E240000000000C002000000AC
:109F7000E9E688C39F240000A0240000000000C080
:109F800004000000AD27DB42A1240000A224000051
:109F9000000000C00400000000502CC3A3240000F7
:109FA000A4240000000000C0020000008CCC134478
:109FB000A5240000A6240000000000C00500000049
:109FC0007FF44142A7240000A8240000000000C044
:109FD00001000000D8470845A9240000AA24000079
:109FE000000000C001000000B18FC144AB2400009C
:109FF000AC240000000000C002000000747349C4DB
:10A00000AD240000AE240000000000C005000000E8
:10A0100033B7C9C3AF240000B0240000000000C063
:10A02000FEFFFFFF000000C0FFFFFFFFFFFFFFFF7D
:10A0300092EC34BDFEFFFFFF000000C0FFFFFFFFFA
:10A04000FFFFFFFF5139983BFEFFFFFF000000C0FC
:10A05000FFFFFFFFFFFFFFFF5E5829BDFEFFFFFF71
:10A06000000000C0FFFFFFFFFFFFFFFFE16F9B3C11
:10A07000FEFFFFFF000000C0FFFFFFFFFFFFFFFF2D
:10A08000BEF99D3CFEFFFFFF000000C0FFFFFFFF89
:10A09000FFFFFFFF229474BDFEFFFFFF000000C022
:10A0A000FFFFFFFFFFFFFFFF3CF9843DFEFFFFFFC7
:10A0B000000000C0FFFFFFFFFFFFFFFF0000008068
:10A0C000FEFFFFFF000000C0FFFFFFFFFFFFFFFFDD
:10A0D000E1A04FBDFEFFFFFF000000C0FFFFFFFF3C
:10A0E000FFFFFFFFC742413DFEFFFFFF000000C032
:10A0F000FFFFFFFFFFFFFFFFBA99123EFEFFFFFFCA
:10A10000000000C0FFFFFFFFFFFFFFFF0000008017
:10A11000FEFFFFFF000000C0FFFFFFFFFFFFFFFF8C
:10A12000748C653CFEFFFFFF000000C0FFFFFFFFD7
:10A13000FFFFFFFF0289BABDFEFFFFFF000000C066
:10A14000FFFFFFFFFFFFFFFF509C33BCFEFFFFFF41
:10A15000000000C0FFFFFFFFFFFFFFFFC0C8DE3DA4
:10A1600002000000E966D1C3B2240000B32400005D
:10A17000000000C000000000627C9F43B424000087
:10A18000B5240000000000C000000000313E08447B
:10A19000B6240000B7240000000000C00400000046
:10A1A000A3888743B8240000B9240000000000C041
:10A1B00005000000FE0FA0C2BA240000BB2400006E
:10A1C000000000C004000000EDF184C2BC240000C7
:10A1D000BD240000000000C004000000878B9FC267
:10A1E000BE240000BF240000000000C004000000E6
:10A1F0001FD543C3C0240000C1240000000000C0DC
:10A2000002000000BA39F8C4C2240000C3240000D0
:10A21000000000C00200000074B366C4C424000043
:10A22000C5240000000000C005000000C7D578422A
:10A23000C6240000C7240000000000C00200000087
:10A240005C648642C8240000C9240000000000C0ED
:10A2500002000000E96681C3CA240000CB2400008C
:10A26000000000C00500000071E195C3CC2400008F
:10A27000CD240000000000C000000000185FA144D1
:10A28000CE240000CF240000000000C0FEFFFFFF2E
:10A29000000000C0FFFFFFFFFFFFFFFF0000008086
:10A2A000FEFFFFFF000000C0FFFFFFFFFFFFFFFFFB
:10A2B0004F039B3DFEFFFFFF000000C0FFFFFFFFBD
:10A2C000FFFFFFFFFBE8F93CFEFFFFFF000000C0BF
:10A2D000FFFFFFFFFFFFFFFFB51F9BBDFEFFFFFF5F
:10A2E000000000C0FFFFFFFFFFFFFFFF0000008036
:10A2F000FEFFFFFF000000C0FFFFFFFFFFFFFFFFAB
:10A300006456733DFEFFFFFF000000C0FFFFFFFF2C
:10A31000FFFFFFFFAA588DBDFEFFFFFF000000C03A
:10A32000FFFFFFFFFFFFFFFF00000080FEFFFFFFBA
:10A33000000000C0FFFFFFFFFFFFFFFF4A88B2BD24
:10A34000FEFFFFFF000000C0FFFFFFFFFFFFFFFF5A
:10A3500013F4373DFEFFFFFF000000C0FFFFFFFFCB
:10A36000FFFFFFFF33037E3DFEFFFFFF000000C045
:10A37000FFFFFFFFFFFFFFFF4E43DFBCFEFFFFFFBE
:10A38000000000C0FFFFFFFFFFFFFFFF0000008095
:10A39000FEFFFFFF000000C0FFFFFFFFFFFFFFFF0A
:10A3A000CAAC053EFEFFFFFF000000C0FFFFFFFF3D
:10A3B000FFFFFFFF28CF4FBCFEFFFFFF000000C0E4
:10A3C000FFFFFFFFFFFFFFFFD0C0483D040000007C
:10A3D000594F1042D1240000D2240000000000C0D8
:10A3E000050000007D04D642D3240000D4240000E0
:10A3F000000000C00200000046269E44D524000054
:10A40000D6240000000000C004000000AE1730C3D6
:10A41000D7240000D8240000000000C00500000080
:10A42000D8DB2D43D9240000DA240000000000C04E
:10A4300004000000B7FE9542DB240000DC2400008D
:10A44000000000C00500000016C5ADC1DD240000FD
:10A45000DE240000000000C0000000003C0721C313
:10A46000DF240000E0240000000000C00200000023
:10A470008C0C0E44E1240000E2240000000000C027
:10A480000000000031BE3F44E3240000E42400004B
:10A49000000000C0020000001719DD43E5240000A1
:10A4A000E6240000000000C00200000074F314C4A1
:10A4B000E7240000E8240000000000C000000000C5
:10A4C000627CCB43E9240000EA240000000000C0C5
:10A4D0000400000047111143EB240000EC240000AD
:10A4E000000000C004000000AD27DB42ED240000A6
:10A4F000EE240000000000C0FEFFFFFF000000C0CF
:10A50000FFFFFFFFFFFFFFFF9B00C0BCFEFFFFFF41
:10A51000000000C0FFFFFFFFFFFFFFFF7DF16E3D6A
:10A52000FEFFFFFF000000C0FFFFFFFFFFFFFFFF78
:10A5300065C99ABCFEFFFFFF000000C0FFFFFFFFE0
:10A54000FFFFFFFFB880A53CFEFFFFFF000000C03B
:10A55000FFFFFFFFFFFFFFFFFBE8A3BDFEFFFFFFC5
:10A56000000000C0FFFFFFFFFFFFFFFF7A88433CB2
:10A57000FEFFFFFF000000C0FFFFFFFFFFFFFFFF28
:10A58000248A9B3DFEFFFFFF000000C0FFFFFFFF8E
:10A59000FFFFFFFF981C12BDFEFFFFFF000000C081
:10A5A000FFFFFFFFFFFFFFFF0F3EE5BBFEFFFFFFCB
:10A5B000000000C0FFFFFFFFFFFFFFFF08AF9C3D53
:10A5C000FEFFFFFF000000C0FFFFFFFFFFFFFFFFD8
:10A5D000BEBB19BCFEFFFFFF000000C0FFFFFFFF76
:10A5E000FFFFFFFF30CACF3CFEFFFFFF000000C0AF
:10A5F000FFFFFFFFFFFFFFFFA17B06BDFEFFFFFF89
:10A60000000000C0FFFFFFFFFFFFFFFFF21B473D01
:10A61000FEFFFFFF000000C0FFFFFFFFFFFFFFFF87
:10A62000BE278A3EFEFFFFFF000000C0FFFFFFFFC6
:10A63000FFFFFFFF00000080020000001799AB43FE
:10A64000F0240000F1240000000000C00000000021
:10A65000408C6F41F2240000F3240000000000C091
:10A66000000000009E83BBC3F4240000F52400001A
:10A67000000000C0040000007694C741F6240000EA
:10A68000F7240000000000C000000000C4F872437E
:10A69000F8240000F9240000000000C003000000BE
:10A6A000E63F1FC3FA240000FB240000000000C0A6
:10A6B00000000000317E0344FC240000FD24000063
:10A6C000000000C0FEFFFFFF000000C0FFFFFFFF13
:10A6D000FFFFFFFF0000008002000000D2CD76C324
:10A6E000FE240000FF240000000000C00200000063
:10A6F000B8C870420025000001250000000000C01D
:10A700000000000062FCA4430225000003250000B5
:10A71000000000C0FEFFFFFF000000C0FFFFFFFFC2
:10A72000FFFFFFFF00000080FEFFFFFF000000C0F2
:10A73000FFFFFFFFFFFFFFFF0830CABD040000005E
:10A74000E899C1BF0425000005250000000000C0F5
:10A7500004000000D46328420625000007250000FD
:10A76000000000C0FEFFFFFF000000C0FFFFFFFF72
:10A77000FFFFFFFF00000080FEFFFFFF000000C0A2
:10A78000FFFFFFFFFFFFFFFFE828A43DFEFFFFFFE5
:10A79000000000C0FFFFFFFFFFFFFFFF0000008081
:10A7A000FEFFFFFF000000C0FFFFFFFFFFFFFFFFF6
:10A7B0001F8FEFBDFEFFFFFF000000C0FFFFFFFF88
:10A7C000FFFFFFFFDD08243DFEFFFFFF000000C08C
:10A7D000FFFFFFFFFFFFFFFFF7B609BDFEFFFFFF13
:10A7E000000000C0FFFFFFFFFFFFFFFF25F8DB3A7F
:10A7F000FEFFFFFF000000C0FFFFFFFFFFFFFFFFA6
:10A800002E690E3DFEFFFFFF000000C0FFFFFFFFAF
:10A81000FFFFFFFFA344953BFEFFFFFF000000C0CA
:10A82000FFFFFFFFFFFFFFFF8DC265BE02000000BC
:10A83000A49BDFC2092500000A250000000000C01B
:10A840000000000062FC86430B2500000C25000080
:10A85000000000C004000000878B9FC20D2500008F
:10A860000E250000000000C003000000E447AF42D6
:10A870000F25000010250000000000C003000000AC
:10A880008BBD18431125000012250000000000C0F8
:10A89000000000009E83B9C31325000014250000AA
:10A8A000000000C003000000365C81431525000055
:10A8B00016250000000000C004000000192E94C1FD
:10A8C0001725000018250000000000C0020000004D
:10A8D00074B335C4192500001A250000000000C01B
:10A8E00003000000D1D168C31B2500001C25000017
:10A8F000000000C0FEFFFFFF000000C0FFFFFFFFE1
:10A90000FFFFFFFF404B5E3AFEFFFFFF000000C06D
:10A91000FFFFFFFFFFFFFFFF0000008003000000BC
:10A92000B38C17C31D2500001E250000000000C0C9
:10A93000030000004057AC421F2500002025000006
:10A94000000000C004000000920214C22125000093
:10A9500022250000000000C0FEFFFFFF000000C035
:10A96000FFFFFFFFFFFFFFFF633D053EFEFFFFFF11
:10A97000000000C0FFFFFFFFFFFFFFFF370FB83CE5
:10A98000FEFFFFFF000000C0FFFFFFFFFFFFFFFF14
:10A99000202B95BDFEFFFFFF000000C0FFFFFFFF63
:10A9A000FFFFFFFF00000080FEFFFFFF000000C070
:10A9B000FFFFFFFFFFFFFFFF00000080FEFFFFFF24
:10A9C000000000C0FFFFFFFFFFFFFFFF2F86D7BD86
:10A9D000FEFFFFFF000000C0FFFFFFFFFFFFFFFFC4
:10A9E00000000080FEFFFFFF000000C0FFFFFFFF30
:10A9F000FFFFFFFF01411EBEFEFFFFFF000000C082
:10AA0000FFFFFFFFFFFFFFFF1D5D82BAFEFFFFFF9D
:10AA1000000000C0FFFFFFFFFFFFFFFF2B83033D90
:10AA2000FEFFFFFF000000C0FFFFFFFFFFFFFFFF73
:10AA300000000080FEFFFFFF000000C0FFFFFFFFDF
:10AA4000FFFFFFFF97BABBBD030000005AC2EBC275
:10AA50002425000025250000000000C002000000A1
:10AA60001799BA432625000027250000000000C0E2
:10AA7000040000001C453C42282500002925000058
:10AA8000000000C0030000006B6B3DC32A250000DE
:10AA90002B250000000000C00400000079F4A5424E
:10AAA0002C2500002D250000000000C00200000041
:10AAB0001719BC432E2500002F250000000000C000
:10AAC000020000005C64EA423025000031250000ED
:10AAD000000000C004000000B6DE5642322500002F
:10AAE00033250000000000C0000000003C072DC31B
:10AAF0003425000035250000000000C000000000E3
:10AB0000CF0122C43625000037250000000000C018
:10AB1000FEFFFFFF000000C0FFFFFFFFFFFFFFFF82
:10AB200000000080020000002E3260433825000043
:10AB300039250000000000C0040000002C9C43C226
:10AB40003A2500003B250000000000C0FEFFFFFF8B
:10AB5000000000C0FFFFFFFFFFFFFFFF877623BE5F
:10AB6000020000008C0C05443C2500003D2500003F
:10AB7000000000C0FEFFFFFF000000C0FFFFFFFF5E
:10AB8000FFFFFFFF0DC38ABDFEFFFFFF000000C0F7
:10AB9000FFFFFFFFFFFFFFFF00000080FEFFFFFF42
:10ABA000000000C0FFFFFFFFFFFFFFFF000000806D
:10ABB000FEFFFFFF000000C0FFFFFFFFFFFFFFFFE2
:10ABC0006FB4BA3DFEFFFFFF000000C0FFFFFFFFB4
:10ABD000FFFFFFFF00000080FEFFFFFF000000C03E
:10ABE000FFFFFFFFFFFFFFFF710F3EBEFEFFFFFFF6
:10ABF000000000C0FFFFFFFFFFFFFFFF1E4C833C74
:10AC0000FEFFFFFF000000C0FFFFFFFFFFFFFFFF91
:10AC10009080D7BCFEFFFFFF000000C0FFFFFFFFDA
:10AC2000FFFFFFFF49815EBDFEFFFFFF000000C088
:10AC3000FFFFFFFFFFFFFFFF60CB2F3DFEFFFFFF8A
:10AC4000000000C0FFFFFFFFFFFFFFFF0A6010389A
:10AC5000FEFFFFFF000000C0FFFFFFFFFFFFFFFF41
:10AC6000D80B5BBD0200000046E6B4443F2500005F
:10AC700040250000000000C0050000000B0F394314
:10AC80004125000042250000000000C00100000036
:10AC90004F10AFC44325000044250000000000C051
:10ACA00003000000F9B1E2434525000046250000FD
:10ACB000000000C00300000074C6C943472500001F
:10ACC00048250000000000C0FEFFFFFF000000C09C
:10ACD000FFFFFFFFFFFFFFFFFBCA20BE05000000D4
:10ACE000AC308141492500004A250000000000C029
:10ACF00001000000B1EF91444B2500004C250000FD
:10AD0000000000C0FEFFFFFF000000C0FFFFFFFFCC
:10AD1000FFFFFFFFBE25CCBD01000000F0049DC277
:10AD20004D2500004E250000000000C0010000007D
:10AD300062DF38444F25000050250000000000C0AD
:10AD4000FEFFFFFF000000C0FFFFFFFFFFFFFFFF50
:10AD5000F7C886BD01000000802758C151250000BA
:10AD600052250000000000C0FEFFFFFF000000C0F1
:10AD7000FFFFFFFFFFFFFFFFBC98913BFEFFFFFFC0
:10AD8000000000C0FFFFFFFFFFFFFFFFF9CB303DDA
:10AD9000FEFFFFFF000000C0FFFFFFFFFFFFFFFF00
:10ADA00000000080FEFFFFFF000000C0FFFFFFFF6C
:10ADB000FFFFFFFF1D840FBEFEFFFFFF000000C06E
:10ADC000FFFFFFFFFFFFFFFF8305083EFEFFFFFFC2
:10ADD000000000C0FFFFFFFFFFFFFFFF000000803B
:10ADE000FEFFFFFF000000C0FFFFFFFFFFFFFFFFB0
:10ADF00093BF993DFEFFFFFF000000C0FFFFFFFF74
:10AE0000FFFFFFFF0000008003000000402D21BF76
:10AE10005425000055250000000000C0030000007C
:10AE200040ADEFC15625000057250000000000C0CE
:10AE3000030000007EA508415825000059250000A8
:10AE4000000000C004000000D00C7BC25A250000A6
:10AE50005B250000000000C005000000AC3081410F
:10AE60005C2500005D250000000000C0020000001D
:10AE7000BAF991C45E2500005F250000000000C003
:10AE800003000000A7D9A44360250000612500004D
:10AE9000000000C003000000469484C26225000048
:10AEA00063250000000000C005000000C40CD1C1F3
:10AEB0006425000065250000000000C004000000BB
:10AEC00001A0DAC26625000067250000000000C06E
:10AED00004000000AE1E384168250000692500000E
:10AEE000000000C0FEFFFFFF000000C0FFFFFFFFEB
:10AEF000FFFFFFFF000000800500000006F72DC2E5
:10AF00006A2500006B250000000000C0030000005F
:10AF10004057BA426C2500006D250000000000C0BB
:10AF200005000000C4ED34436E2500006F250000CD
:10AF3000000000C0FEFFFFFF000000C0FFFFFFFF9A
:10AF4000FFFFFFFFEF98863DFEFFFFFF000000C000
:10AF5000FFFFFFFFFFFFFFFFA7E843BBFEFFFFFF71
:10AF6000000000C0FFFFFFFFFFFFFFFF6464083B1E
:10AF7000FEFFFFFF000000C0FFFFFFFFFFFFFFFF1E
:10AF8000A37682BDFEFFFFFF000000C0FFFFFFFFB2
:10AF9000FFFFFFFF00000080FEFFFFFF000000C07A
:10AFA000FFFFFFFFFFFFFFFF7D48EF3DFEFFFFFFBD
:10AFB000000000C0FFFFFFFFFFFFFFFFADDF833B8F
:10AFC000FEFFFFFF000000C0FFFFFFFFFFFFFFFFCE
:10AFD000602B48BDFEFFFFFF000000C0FFFFFFFF2A
:10AFE000FFFFFFFF00000080FEFFFFFF000000C02A
:10AFF000FFFFFFFFFFFFFFFF951ED0BDFEFFFFFF1E
:10B00000000000C0FFFFFFFFFFFFFFFF059DA73A05
:10B01000FEFFFFFF000000C0FFFFFFFFFFFFFFFF7D
:10B020009915F5BCFEFFFFFF000000C0FFFFFFFF0A
:10B03000FFFFFFFF5AEE5E3DFEFFFFFF000000C076
:10B04000FFFFFFFFFFFFFFFF0C55A3BD0100000046
:10B05000887D2F437125000072250000000000C08C
:10B060000200000046E6EF4473250000742500004E
:10B07000000000C003000000B38C17C3752500005A
:10B0800076250000000000C004000000D223BA4171
:10B090007725000078250000000000C003000000B4
:10B0A00040938D43792500007A250000000000C000
:10B0B000020000001799A6437B2500007C250000B4
:10B0C000000000C0020000008C4C7A447D25000086
:10B0D0007E250000000000C004000000AFE7A9C208
:10B0E0007F25000080250000000000C00300000054
:10B0F000690044428125000082250000000000C054
:10B1000003000000A8752DC38325000084250000DE
:10B11000000000C0FEFFFFFF000000C0FFFFFFFFB8
:10B12000FFFFFFFF0000008002000000743306C430
:10B130008525000086250000000000C002000000F8
:10B140008C8C5F448725000088250000000000C02B
:10B15000020000008C8C5B44892500008A250000D9
:10B16000000000C0040000002FB3F2418B25000056
:10B170008C250000000000C0FEFFFFFF000000C0A3
:10B18000FFFFFFFFFFFFFFFF00000080FEFFFFFF4C
:10B19000000000C0FFFFFFFFFFFFFFFFC5E96CBD20
:10B1A000FEFFFFFF000000C0FFFFFFFFFFFFFFFFEC
:10B1B00019E6AC3CFEFFFFFF000000C0FFFFFFFFF1
:10B1C000FFFFFFFF6CF98BBCFEFFFFFF000000C01C
:10B1D000FFFFFFFFFFFFFFFF00000080FEFFFFFFFC
:10B1E000000000C0FFFFFFFFFFFFFFFFE788EF3D0C
:10B1F000FEFFFFFF000000C0FFFFFFFFFFFFFFFF9C
:10B2000000000080FEFFFFFF000000C0FFFFFFFF07
:10B21000FFFFFFFFBF420BBEFEFFFFFF000000C0AD
:10B22000FFFFFFFFFFFFFFFFB065083DFEFFFFFFD1
:10B23000000000C0FFFFFFFFFFFFFFFF4FB51ABD7B
:10B24000FEFFFFFF000000C0FFFFFFFFFFFFFFFF4B
:10B25000A3E38B3CFEFFFFFF000000C0FFFFFFFFEA
:10B26000FFFFFFFF195E093EFEFFFFFF000000C069
:10B27000FFFFFFFFFFFFFFFF87EAAABDFEFFFFFF03
:10B28000000000C0FFFFFFFFFFFFFFFFF21A223D9B
:10B2900002000000D2CD76C38E2500008F2500006D
:10B2A000000000C0FEFFFFFF000000C0FFFFFFFF27
:10B2B000FFFFFFFF6427DBBD05000000D99382423A
:10B2C0009025000091250000000000C00200000051
:10B2D0008C8C68449225000093250000000000C07B
:10B2E00005000000C3118F43942500009525000040
:10B2F000000000C0000000003C0764C39625000069
:10B3000097250000000000C0020000004686C644E9
:10B310009825000099250000000000C004000000EE
:10B320007F94AAC19A2500009B250000000000C060
:10B33000FEFFFFFF000000C0FFFFFFFFFFFFFFFF5A
:10B340007576B4BDFEFFFFFF000000C0FFFFFFFFEA
:10B35000FFFFFFFF67BBB3BDFEFFFFFF000000C0A4
:10B36000FFFFFFFFFFFFFFFFF8669BBCFEFFFFFF35
:10B37000000000C0FFFFFFFFFFFFFFFFD87A3D3D49
:10B38000FEFFFFFF000000C0FFFFFFFFFFFFFFFF0A
:10B39000F9B4ECBCFEFFFFFF000000C0FFFFFFFFA1
:10B3A000FFFFFFFF7D88DDBBFEFFFFFF000000C049
:10B3B000FFFFFFFFFFFFFFFF452C053D04000000DE
:10B3C000292C33C39D2500009E250000000000C0ED
:10B3D000FEFFFFFF000000C0FFFFFFFFFFFFFFFFBA
:10B3E0009E8BC2BD050000003DAE9FC39F2500009F
:10B3F000A0250000000000C0FEFFFFFF000000C00D
:10B40000FFFFFFFFFFFFFFFFAAB3D0BD0500000055
:10B4100084731DC3A1250000A2250000000000C008
:10B420000400000047111143A3250000A4250000DB
:10B43000000000C0040000001DE5F542A525000045
:10B44000A6250000000000C0FEFFFFFF000000C0B6
:10B45000FFFFFFFFFFFFFFFF6141A43DFEFFFFFF76
:10B46000000000C0FFFFFFFFFFFFFFFFC0B89DBD52
:10B47000FEFFFFFF000000C0FFFFFFFFFFFFFFFF19
:10B4800008A249BBFEFFFFFF000000C0FFFFFFFF57
:10B49000FFFFFFFFFF2BB73D01000000788272C362
:10B4A000A8250000A9250000000000C0030000003E
:10B4B0005AC2EBC2AA250000AB250000000000C064
:10B4C00000000000CF4117C4AC250000AD250000EE
:10B4D000000000C0010000003C418EC3AE2500000A
:10B4E000AF250000000000C000000000780ED6C2AA
:10B4F000B0250000B1250000000000C000000000E1
:10B50000CFC158C4B2250000B3250000000000C020
:10B5100004000000EDF184C2B4250000B525000050
:10B52000000000C000000000CFC177C4B6250000B5
:10B53000B7250000000000C0FEFFFFFF000000C0B4
:10B54000FFFFFFFFFFFFFFFF000000800000000083
:10B55000CF4144C4B8250000B9250000000000C058
:10B56000030000006E9AAD41BA250000BB25000023
:10B57000000000C0FEFFFFFF000000C0FFFFFFFF54
:10B58000FFFFFFFF1353D13B03000000720A9142FB
:10B59000BC250000BD250000000000C00300000025
:10B5A00002CDCD42BE250000BF250000000000C036
:10B5B000030000009D337242C0250000C125000039
:10B5C000000000C0FEFFFFFF000000C0FFFFFFFF04
:10B5D000FFFFFFFF00000080FEFFFFFF000000C034
:10B5E000FFFFFFFFFFFFFFFF8C4EC9BDFEFFFFFF08
:10B5F000000000C0FFFFFFFFFFFFFFFFE94D92BC0F
:10B60000FEFFFFFF000000C0FFFFFFFFFFFFFFFF87
:10B610005FF5AA3DFEFFFFFF000000C0FFFFFFFF38
:10B62000FFFFFFFF2838753BFEFFFFFF000000C053
:10B63000FFFFFFFFFFFFFFFF6499CEBDFEFFFFFF8F
:10B64000000000C0FFFFFFFFFFFFFFFF016924BEF6
:10B65000FEFFFFFF000000C0FFFFFFFFFFFFFFFF37
:10B6600000000080FEFFFFFF000000C0FFFFFFFFA3
:10B67000FFFFFFFF00000080FEFFFFFF000000C093
:10B68000FFFFFFFFFFFFFFFF242F0B3EFEFFFFFF2B
:10B69000000000C0FFFFFFFFFFFFFFFF0000008072
:10B6A000FEFFFFFF000000C0FFFFFFFFFFFFFFFFE7
:10B6B00022DB8FBD03000000088A8DC2C325000075
:10B6C000C4250000000000C0050000000EB70E42B7
:10B6D000C5250000C6250000000000C005000000D0
:10B6E0002845ED41C7250000C8250000000000C026
:10B6F0000100000062DF1544C9250000CA250000D2
:10B70000000000C0010000009E2013C4CB250000F3
:10B71000CC250000000000C003000000A713CEC12C
:10B72000CD250000CE250000000000C00100000073
:10B73000887D7F43CF250000D0250000000000C099
:10B74000030000002D2102C3D1250000D2250000F6
:10B75000000000C0000000009E0395C3D325000038
:10B76000D4250000000000C0FEFFFFFF000000C065
:10B77000FFFFFFFFFFFFFFFF000000800000000051
:10B7800031BE4844D5250000D6250000000000C089
:10B7900003000000444736C2D7250000D82500002A
:10B7A000000000C005000000DF8AE3C2D9250000C8
:10B7B000DA250000000000C003000000555B9DC1B9
:10B7C000DB250000DC250000000000C003000000B5
:10B7D00076CF5043DD250000DE250000000000C0CC
:10B7E000FEFFFFFF000000C0FFFFFFFFFFFFFFFFA6
:10B7F000D39707BCFEFFFFFF000000C0FFFFFFFF65
:10B80000FFFFFFFFF1A1433DFEFFFFFF000000C06F
:10B81000FFFFFFFFFFFFFFFFABC87EBCFEFFFFFF88
:10B82000000000C0FFFFFFFFFFFFFFFF4806DF3DF6
:10B83000FEFFFFFF000000C0FFFFFFFFFFFFFFFF55
:10B8400088FF06BEFEFFFFFF000000C0FFFFFFFFF6
:10B85000FFFFFFFF00000080FEFFFFFF000000C0B1
:10B86000FFFFFFFFFFFFFFFFF28554BDFEFFFFFF5D
:10B87000000000C0FFFFFFFFFFFFFFFFFBC26C3DAA
:10B88000FEFFFFFF000000C0FFFFFFFFFFFFFFFF05
:10B8900000000080FEFFFFFF000000C0FFFFFFFF71
:10B8A000FFFFFFFFAF24B6BDFEFFFFFF000000C09B
:10B8B000FFFFFFFFFFFFFFFFA1C957BDFEFFFFFF17
:10B8C000000000C0FFFFFFFFFFFFFFFF967F943CDB
:10B8D000FEFFFFFF000000C0FFFFFFFFFFFFFFFFB5
:10B8E0006E1766BDFEFFFFFF000000C0FFFFFFFFF9
:10B8F000FFFFFFFF5D0C863C030000006E9AAD4128
:10B90000E0250000E1250000000000C00400000068
:10B910002A334241E2250000E3250000000000C078
:10B920000000000080E7E0C0E4250000E5250000FD
:10B93000000000C00200000048370BC2E6250000EE
:10B94000E7250000000000C002000000A49B85C2A3
:10B95000E8250000E9250000000000C00400000008
:10B96000367375C2EA250000EB250000000000C018
:10B97000040000007B2423C3EC250000ED2500001B
:10B98000000000C000000000C4F84143EE250000A4
:10B99000EF250000000000C00000000031FE51440F
:10B9A000F0250000F1250000000000C000000000AC
:10B9B000C4F82743F2250000F3250000000000C072
:10B9C000000000009E83C7C3F4250000F525000099
:10B9D000000000C0030000004057BA42F6250000F6
:10B9E000F7250000000000C000000000CF414FC458
:10B9F000F8250000F9250000000000C0020000004A
:10BA0000BAD982C4FA250000FB250000000000C05E
:10BA100004000000FFB79843FC250000FD2500004E
:10BA2000000000C0FEFFFFFF000000C0FFFFFFFF9F
:10BA3000FFFFFFFFC8878B3CFEFFFFFF000000C039
:10BA4000FFFFFFFFFFFFFFFF68F9C93DFEFFFFFF9C
:10BA5000000000C0FFFFFFFFFFFFFFFFC9FD81BD2A
:10BA6000FEFFFFFF000000C0FFFFFFFFFFFFFFFF23
:10BA7000957B093DFEFFFFFF000000C0FFFFFFFFB9
:10BA8000FFFFFFFF00000080FEFFFFFF000000C07F
:10BA9000FFFFFFFFFFFFFFFF3D214FBDFEFFFFFF49
:10BAA000000000C0FFFFFFFFFFFFFFFF223656BD73
:10BAB000FEFFFFFF000000C0FFFFFFFFFFFFFFFFD3
:10BAC000A385483DFEFFFFFF000000C0FFFFFFFF12
:10BAD000FFFFFFFF675A813DFEFFFFFF000000C030
:10BAE000FFFFFFFFFFFFFFFF00000080FEFFFFFFE3
:10BAF000000000C0FFFFFFFFFFFFFFFF380AF23A20
:10BB0000FEFFFFFF000000C0FFFFFFFFFFFFFFFF82
:10BB1000C44E0EBDFEFFFFFF000000C0FFFFFFFF91
:10BB2000FFFFFFFF00000080FEFFFFFF000000C0DE
:10BB3000FFFFFFFFFFFFFFFF901ED8BDFEFFFFFFCF
:10BB4000000000C0FFFFFFFFFFFFFFFFE28CCA3BCA
:10BB5000FEFFFFFF000000C0FFFFFFFFFFFFFFFF32
:10BB60001EC2FEBD00000000317E7844FF250000AB
:10BB700000260000000000C000000000313E2E44FE
:10BB80000126000002260000000000C005000000A1
:10BB9000171ECA420326000004260000000000C051
:10BBA000040000002834EF430526000006260000AC
:10BBB000000000C00400000097590742072600005B
:10BBC00008260000000000C005000000A454ECC3DB
:10BBD000092600000A260000000000C00200000044
:10BBE000D2CD31C30B2600000C260000000000C09F
:10BBF0000200000074B307C40D2600000E260000EA
:10BC0000000000C00000000074F033C50F260000E3
:10BC100010260000000000C002000000D2CD18C3B2
:10BC20001126000012260000000000C0FEFFFFFFEA
:10BC3000000000C0FFFFFFFFFFFFFFFF00000080CC
:10BC400004000000C28D8D4313260000142600005E
:10BC5000000000C0020000001799B743152600003D
:10BC600016260000000000C0FEFFFFFF000000C01D
:10BC7000FFFFFFFFFFFFFFFF00000080FEFFFFFF51
:10BC8000000000C0FFFFFFFFFFFFFFFF20C65A3E7E
:10BC9000FEFFFFFF000000C0FFFFFFFFFFFFFFFFF1
:10BCA000DB0089BCFEFFFFFF000000C0FFFFFFFFBD
:10BCB000FFFFFFFF44B61D3CFEFFFFFF000000C07A
:10BCC000FFFFFFFFFFFFFFFF00000080FEFFFFFF01
:10BCD000000000C0FFFFFFFFFFFFFFFFD13C803DE2
:10BCE000FEFFFFFF000000C0FFFFFFFFFFFFFFFFA1
:10BCF0005C97A4BBFEFFFFFF000000C0FFFFFFFF3B
:10BD0000FFFFFFFF698ADABDFEFFFFFF000000C0F2
:10BD1000FFFFFFFFFFFFFFFFF6FBCF3DFEFFFFFF33
:10BD2000000000C0FFFFFFFFFFFFFFFF00000080DB
:10BD3000FEFFFFFF000000C0FFFFFFFFFFFFFFFF50
:10BD4000E9614FBDFEFFFFFF000000C0FFFFFFFFE6
:10BD5000FFFFFFFF00000080030000003BC1A7C3FE
:10BD60001826000019260000000000C00500000091
:10BD700028A409C31A2600001B260000000000C0EA
:10BD8000050000009232BF421C2600001D26000064
:10BD9000000000C0FEFFFFFF000000C0FFFFFFFF2C
:10BDA000FFFFFFFF00000080FEFFFFFF000000C05C
:10BDB000FFFFFFFFFFFFFFFFE906E73D0200000076
:10BDC0008C0C7F441E2600001F260000000000C0CF
:10BDD0000500000072751743202600002126000090
:10BDE000000000C0030000004057AC4222260000C3
:10BDF00023260000000000C0020000004686C64462
:10BE00002426000025260000000000C004000000D9
:10BE10004A2107C22626000027260000000000C095
:10BE2000040000000F57E0C128260000292600006A
:10BE3000000000C0FEFFFFFF000000C0FFFFFFFF8B
:10BE4000FFFFFFFF1438FDBCFEFFFFFF000000C036
:10BE5000FFFFFFFFFFFFFFFFCA08A53CFEFFFFFF3C
:10BE6000000000C0FFFFFFFFFFFFFFFFA6C3913DE3
:10BE7000FEFFFFFF000000C0FFFFFFFFFFFFFFFF0F
:10BE80001F9ABABDFEFFFFFF000000C0FFFFFFFFCB
:10BE9000FFFFFFFFE7CD07BDFEFFFFFF000000C073
:10BEA000FFFFFFFFFFFFFFFF8EEB8C3DFEFFFFFF5D
:10BEB000000000C0FFFFFFFFFFFFFFFFCFEC6E3D64
:10BEC000FEFFFFFF000000C0FFFFFFFFFFFFFFFFBF
:10BED00037565ABD01000000788246C32B26000069
:10BEE0002C260000000000C0050000005A9F92C2EE
:10BEF0002D2600002E260000000000C004000000D7
:10BF00007F94AAC12F26000030260000000000C048
:10BF1000010000009EA009C4312600003226000066
:10BF2000000000C002000000D2CD68C3332600002C
:10BF300034260000000000C00500000006F72DC2F6
:10BF40003526000036260000000000C00200000078
:10BF5000E9E6C5C33726000038260000000000C00F
:10BF6000FEFFFFFF000000C0FFFFFFFFFFFFFFFF1E
:10BF70003C0BF9BDFEFFFFFF000000C0FFFFFFFF0D
:10BF8000FFFFFFFF000000800500000086A3624362
:10BF9000392600003A260000000000C00200000020
:10BFA00020DD3CC13B2600003C260000000000C014
:10BFB00001000000629F77443D2600003E260000FD
:10BFC000000000C0020000008C8C21443F260000CD
:10BFD00040260000000000C001000000629F4844AD
:10BFE0004126000042260000000000C001000000C1
:10BFF000C01394C14326000044260000000000C086
:10C00000FEFFFFFF000000C0FFFFFFFFFFFFFFFF7D
:10C010003AA1C2BDFEFFFFFF000000C0FFFFFFFF0F
:10C02000FFFFFFFF00000080FEFFFFFF000000C0D9
:10C03000FFFFFFFFFFFFFFFFFB3A7D3EFEFFFFFF1D
:10C04000000000C0FFFFFFFFFFFFFFFFE4B6913CD1
:10C05000FEFFFFFF000000C0FFFFFFFFFFFFFFFF2D
:10C0600008F48E3CFEFFFFFF000000C0FFFFFFFF53
:10C07000FFFFFFFFE68BF8BDFEFFFFFF000000C0E3
:10C08000FFFFFFFFFFFFFFFFF2FF9DBDFEFFFFFF72
:10C09000000000C0FFFFFFFFFFFFFFFFD342373D5F
:10C0A000FEFFFFFF000000C0FFFFFFFFFFFFFFFFDD
:10C0B000E9D50E3EFEFFFFFF000000C0FFFFFFFFBF
:10C0C000FFFFFFFF00000080FEFFFFFF000000C039
:10C0D000FFFFFFFFFFFFFFFF595230BDFEFFFFFFD5
:10C0E000000000C0FFFFFFFFFFFFFFFFCEB1373BA7
:10C0F000010000003C419EC3462600004726000088
:10C10000000000C003000000B38C17C348260000E5
:10C1100049260000000000C00000000088F18142B4
:10C120004A2600004B260000000000C0010000006D
:10C130003C41BDC34C2600004D260000000000C05D
:10C14000010000009E2059C44E2600004F2600002A
:10C15000000000C00000000020C6A74150260000DB
:10C1600051260000000000C003000000CA299241CF
:10C170005226000053260000000000C0FEFFFFFF13
:10C18000000000C0FFFFFFFFFFFFFFFF48EEC3BD41
:10C19000FEFFFFFF000000C0FFFFFFFFFFFFFFFFEC
:10C1A00000000080FEFFFFFF000000C0FFFFFFFF58
:10C1B000FFFFFFFFA72B52BD00000000780ECEC28C
:10C1C0005426000055260000000000C003000000B7
:10C1D000024DCA425626000057260000000000C04B
:10C1E00001000000887D5A435826000059260000AF
:10C1F000000000C003000000C0F2DFBF5A260000AC
:10C200005B260000000000C001000000C43EA943FE
:10C210005C2600005D260000000000C0FEFFFFFF5E
:10C22000000000C0FFFFFFFFFFFFFFFF37B0813DB1
:10C23000FEFFFFFF000000C0FFFFFFFFFFFFFFFF4B
:10C2400000000080FEFFFFFF000000C0FFFFFFFFB7
:10C25000FFFFFFFFDBE4A1BCFEFFFFFF000000C00B
:10C26000FFFFFFFFFFFFFFFF9F6D563DFEFFFFFF3C
:10C27000000000C0FFFFFFFFFFFFFFFF70290DBEA2
:10C28000FEFFFFFF000000C0FFFFFFFFFFFFFFFFFB
:10C2900000000080FEFFFFFF000000C0FFFFFFFF67
:10C2A000FFFFFFFF5BDB933CFEFFFFFF000000C0D2
:10C2B000FFFFFFFFFFFFFFFF5A896D3EFEFFFFFFFD
:10C2C000000000C0FFFFFFFFFFFFFFFFFB05D6BD23
:10C2D000FEFFFFFF000000C0FFFFFFFFFFFFFFFFAB
:10C2E0000000008001000000887D77435F26000089
:10C2F00060260000000000C00100000010FBBA42F0
:10C300006126000062260000000000C0000000005E
:10C31000627CBE436326000064260000000000C06B
:10C32000000000009E0391C3652600006626000001
:10C33000000000C0030000009E2A3C416726000068
:10C3400068260000000000C0000000003C0776C323
:10C35000692600006A260000000000C003000000FB
:10C36000F9B1E2436B2600006C260000000000C01B
:10C37000010000003CC190C36D2600006E26000045
:10C38000000000C0050000004FC8C2C26F260000B8
:10C3900070260000000000C0030000005A42B0C236
:10C3A0007126000072260000000000C00500000099
:10C3B000569868427326000074260000000000C0F2
:10C3C0000300000012E1DEC27526000076260000A0
:10C3D000000000C00300000037B804C37726000047
:10C3E00078260000000000C00500000000A48CC3F7
:10C3F000792600007A260000000000C0FEFFFFFF43
:10C40000000000C0FFFFFFFFFFFFFFFF33034B3CB7
:10C41000FEFFFFFF000000C0FFFFFFFFFFFFFFFF69
:10C42000C2776EBCFEFFFFFF000000C0FFFFFFFFF2
:10C43000FFFFFFFFE172703DFEFFFFFF000000C045
:10C44000FFFFFFFFFFFFFFFF2B61ED3CFEFFFFFF44
:10C45000000000C0FFFFFFFFFFFFFFFF2F4ADFBC10
:10C46000FEFFFFFF000000C0FFFFFFFFFFFFFFFF19
:10C47000A8BE64BCFEFFFFFF000000C0FFFFFFFF7F
:10C48000FFFFFFFF18A80B3EFEFFFFFF000000C0EC
:10C49000FFFFFFFFFFFFFFFFDC3203BEFEFFFFFFDA
:10C4A000000000C0FFFFFFFFFFFFFFFF17A9393D9E
:10C4B000FEFFFFFF000000C0FFFFFFFFFFFFFFFFC9
:10C4C0008A22DBBDFEFFFFFF000000C0FFFFFFFF71
:10C4D000FFFFFFFF37262DBAFEFFFFFF000000C061
:10C4E000FFFFFFFFFFFFFFFF2073963DFEFFFFFFF3
:10C4F000000000C0FFFFFFFFFFFFFFFF0000008004
:10C50000FEFFFFFF000000C0FFFFFFFFFFFFFFFF78
:10C5100000000080FEFFFFFF000000C0FFFFFFFFE4
:10C52000FFFFFFFF0E17B3BD0200000046269E442A
:10C530007C2600007D260000000000C002000000F4
:10C5400000E9E6BF7E2600007F260000000000C054
:10C5500000000000CFC158C48026000081260000E2
:10C56000000000C0040000004711114382260000B3
:10C5700083260000000000C00000000031BE1A4405
:10C580008426000085260000000000C0FEFFFFFF9B
:10C59000000000C0FFFFFFFFFFFFFFFF0000008063
:10C5A0000000000031BE01448626000087260000FE
:10C5B000000000C00100000010FB8042882600003F
:10C5C00089260000000000C00200000074F355C47A
:10C5D0008A2600008B260000000000C00100000039
:10C5E000621F71448C2600008D260000000000C0F0
:10C5F000010000003C41E6C38E2600008F260000AB
:10C60000000000C00400000068868BC29026000075
:10C6100091260000000000C0FEFFFFFF000000C0E8
:10C62000FFFFFFFFFFFFFFFF00000080FEFFFFFF97
:10C63000000000C0FFFFFFFFFFFFFFFF16D3CB3C52
:10C64000FEFFFFFF000000C0FFFFFFFFFFFFFFFF37
:10C6500063E044BCFEFFFFFF000000C0FFFFFFFFE0
:10C66000FFFFFFFFC1C933BAFEFFFFFF000000C09C
:10C67000FFFFFFFFFFFFFFFFA7E8AEBDFEFFFFFFCD
:10C68000000000C0FFFFFFFFFFFFFFFFBA46B7BD7E
:10C69000FEFFFFFF000000C0FFFFFFFFFFFFFFFFE7
:10C6A00000000080FEFFFFFF000000C0FFFFFFFF53
:10C6B000FFFFFFFF364032BDFEFFFFFF000000C05E
:10C6C000FFFFFFFFFFFFFFFFDB062D3DFEFFFFFF2C
:10C6D000000000C0FFFFFFFFFFFFFFFF0000008022
:10C6E000FEFFFFFF000000C0FFFFFFFFFFFFFFFF97
:10C6F000A948343E00000000317E784493260000B3
:10C7000094260000000000C003000000ABDE87C3D9
:10C710009526000096260000000000C004000000DE
:10C7200001A0DAC29726000098260000000000C091
:10C7300005000000E49194C1992600009A260000AB
:10C74000000000C00500000033B7C9C39B260000ED
:10C750009C260000000000C0FEFFFFFF000000C09C
:10C76000FFFFFFFFFFFFFFFF00000080040000004D
:10C77000C28D8D439D2600009E260000000000C053
:10C780000000000031BE01449F260000A0260000EA
:10C79000000000C0FEFFFFFF000000C0FFFFFFFF22
:10C7A000FFFFFFFF00000080030000007EA508419E
:10C7B000A1260000A2260000000000C0000000002A
:10C7C000CFC10AC4A3260000A4260000000000C0B8
:10C7D00000000000183FDD44A5260000A62600004A
:10C7E000000000C0FEFFFFFF000000C0FFFFFFFFD2
:10C7F000FFFFFFFF00000080FEFFFFFF000000C002
:10C80000FFFFFFFFFFFFFFFFC58593BDFEFFFFFF9B
:10C81000000000C0FFFFFFFFFFFFFFFF00000080E0
:10C82000FEFFFFFF000000C0FFFFFFFFFFFFFFFF55
:10C83000EC81093EFEFFFFFF000000C0FFFFFFFF8D
:10C84000FFFFFFFF00000080FEFFFFFF000000C0B1
:10C85000FFFFFFFFFFFFFFFF845BF1BCFEFFFFFF59
:10C86000000000C0FFFFFFFFFFFFFFFF5693A03A4D
:10C87000FEFFFFFF000000C0FFFFFFFFFFFFFFFF05
:10C880009746CD3DFEFFFFFF000000C0FFFFFFFF0A
:10C89000FFFFFFFF000000800000000088F1D94288
:10C8A000A8260000A9260000000000C00500000026
:10C8B000B607CF41AA260000AB260000000000C04A
:10C8C00005000000A68781C1AC260000AD2600004F
:10C8D000000000C001000000E0094AC2AE260000CE
:10C8E000AF260000000000C0050000007FF44142B8
:10C8F000B0260000B1260000000000C005000000C6
:10C9000064F696C2B2260000B3260000000000C004
:10C9100000000000317E0344B4260000B52600006C
:10C92000000000C0FEFFFFFF000000C0FFFFFFFF90
:10C93000FFFFFFFFB98931BE04000000C84CA441CD
:10C94000B6260000B7260000000000C0040000006A
:10C950008A6BA4C1B8260000B9260000000000C000
:10C9600001000000B1AFA444BA260000BB260000BD
:10C97000000000C0FEFFFFFF000000C0FFFFFFFF40
:10C98000FFFFFFFF0000008001000000004FB0C06B
:10C99000BC260000BD260000000000C0040000000E
:10C9A000528F6141BE260000BF260000000000C07B
:10C9B00005000000C7D57842C0260000C12600004F
:10C9C000000000C0FEFFFFFF000000C0FFFFFFFFF0
:10C9D000FFFFFFFFDF41DDBCFEFFFFFF000000C0E7
:10C9E000FFFFFFFFFFFFFFFF0492993CFEFFFFFFE9
:10C9F000000000C0FFFFFFFFFFFFFFFF00000080FF
:10CA0000FEFFFFFF000000C0FFFFFFFFFFFFFFFF73
:10CA1000E197E53DFEFFFFFF000000C0FFFFFFFFC5
:10CA2000FFFFFFFF8CA905BDFEFFFFFF000000C058
:10CA3000FFFFFFFFFFFFFFFF564C213DFEFFFFFF03
:10CA4000000000C0FFFFFFFFFFFFFFFF20F4B23B2D
:10CA5000FEFFFFFF000000C0FFFFFFFFFFFFFFFF23
:10CA60008166B23DFEFFFFFF000000C0FFFFFFFF39
:10CA7000FFFFFFFF5DBE10BCFEFFFFFF000000C018
:10CA8000FFFFFFFFFFFFFFFF24C9233DFEFFFFFF66
:10CA9000000000C0FFFFFFFFFFFFFFFF92C3F0BDDC
:10CAA000FEFFFFFF000000C0FFFFFFFFFFFFFFFFD3
:10CAB00065DD143B0500000034EB3143C326000064
:10CAC000C4260000000000C00500000002F08542FE
:10CAD000C5260000C6260000000000C003000000BC
:10CAE000365C9D43C7260000C8260000000000C039
:10CAF00003000000D1665A42C9260000CA26000081
:10CB0000000000C0030000000834A541CB2600004F
:10CB1000CC260000000000C000000000627CC14381
:10CB2000CD260000CE260000000000C0000000005E
:10CB300020C6E741CF260000D0260000000000C03C
:10CB40000500000046F1EBC2D1260000D22600000D
:10CB5000000000C0000000003C075BC3D3260000BB
:10CB6000D4260000000000C005000000732DCE4256
:10CB7000D5260000D6260000000000C004000000FA
:10CB800047111143D7260000D8260000000000C03E
:10CB900000000000E86092C4D9260000DA260000F8
:10CBA000000000C0FEFFFFFF000000C0FFFFFFFF0E
:10CBB000FFFFFFFF00000080FEFFFFFF000000C03E
:10CBC000FFFFFFFFFFFFFFFF5CF075BDFEFFFFFFF4
:10CBD000000000C0FFFFFFFFFFFFFFFF000000801D
:10CBE000FEFFFFFF000000C0FFFFFFFFFFFFFFFF92
:10CBF000E369D03CFEFFFFFF000000C0FFFFFFFF26
:10CC0000FFFFFFFFAD5751BCFEFFFFFF000000C05C
:10CC1000FFFFFFFFFFFFFFFF356260BDFEFFFFFF6D
:10CC2000000000C0FFFFFFFFFFFFFFFF4953933DE0
:10CC3000FEFFFFFF000000C0FFFFFFFFFFFFFFFF41
:10CC400000000080FEFFFFFF000000C0FFFFFFFFAD
:10CC5000FFFFFFFF2210A73DFEFFFFFF000000C007
:10CC6000FFFFFFFFFFFFFFFF1B2404BEFEFFFFFFD0
:10CC7000000000C0FFFFFFFFFFFFFFFFEE01DB3CF6
:10CC8000FEFFFFFF000000C0FFFFFFFFFFFFFFFFF1
:10CC900000000080FEFFFFFF000000C0FFFFFFFF5D
:10CCA000FFFFFFFF3355CF3D02000000D2CD5BC335
:10CCB000DC260000DD260000000000C000000000AF
:10CCC000CFC107C4DE260000DF260000000000C040
:10CCD00001000000C013B4C1E0260000E1260000FE
:10CCE000000000C0FEFFFFFF000000C0FFFFFFFFCD
:10CCF000FFFFFFFF00000080FEFFFFFF000000C0FD
:10CD0000FFFFFFFFFFFFFFFFF724CFBD0200000082
:10CD10001719E443E2260000E3260000000000C0EB
:10CD2000000000009E03A6C3E4260000E5260000E4
:10CD3000000000C0010000003CC1C8C3E62600009E
:10CD4000E7260000000000C0000000003C0738C3D8
:10CD5000E8260000E9260000000000C002000000F4
:10CD60005C64BC42EA260000EB260000000000C024
:10CD70000200000000E9E6BFEC260000ED260000FE
:10CD8000000000C0FEFFFFFF000000C0FFFFFFFF2C
:10CD9000FFFFFFFFCE30CC3DFEFFFFFF000000C0D5
:10CDA000FFFFFFFFFFFFFFFF5FA18A3CFEFFFFFFCA
:10CDB000000000C0FFFFFFFFFFFFFFFFA70CEA3BE3
:10CDC000FEFFFFFF000000C0FFFFFFFFFFFFFFFFB0
:10CDD000156F56BDFEFFFFFF000000C0FFFFFFFF05
:10CDE000FFFFFFFF00000080FEFFFFFF000000C00C
:10CDF000FFFFFFFFFFFFFFFF7EBDFABDFEFFFFFF4E
:10CE0000000000C0FFFFFFFFFFFFFFFF1433953D51
:10CE1000FEFFFFFF000000C0FFFFFFFFFFFFFFFF5F
:10CE2000FA5A87BB00000000627CA243EF26000094
:10CE3000F0260000000000C002000000709199413F
:10CE4000F1260000F2260000000000C002000000F1
:10CE5000E9E6AEC3F3260000F4260000000000C09F
:10CE6000030000009CE69742F5260000F62600002D
:10CE7000000000C001000000C43ED543F7260000BA
:10CE8000F8260000000000C003000000443E9C4162
:10CE9000F9260000FA260000000000C00100000092
:10CEA000887D4A43FB260000FC260000000000C0ED
:10CEB00001000000625F4344FD260000FE260000E2
:10CEC000000000C0000000009E038DC3FF2600008C
:10CED00000270000000000C000000000780ECEC255
:10CEE0000127000002270000000000C00000000031
:10CEF00088F1A9420327000004270000000000C0B9
:10CF000003000000ABDE87C30527000006270000F2
:10CF1000000000C001000000629F77440727000066
:10CF200008270000000000C002000000E9E68DC3F1
:10CF3000092700000A270000000000C001000000CF
:10CF400062DF38440B2700000C270000000000C0FF
:10CF5000FEFFFFFF000000C0FFFFFFFFFFFFFFFF1E
:10CF60005318A0BDFEFFFFFF000000C0FFFFFFFF42
:10CF7000FFFFFFFFC682F33CFEFFFFFF000000C083
:10CF8000FFFFFFFFFFFFFFFF1E7C27BDFEFFFFFF30
:10CF9000000000C0FFFFFFFFFFFFFFFFFAAC163DE0
:10CFA000FEFFFFFF000000C0FFFFFFFFFFFFFFFFCE
:10CFB0001D90DD3CFEFFFFFF000000C0FFFFFFFFF4
:10CFC000FFFFFFFF1AC4BFBCFEFFFFFF000000C051
:10CFD000FFFFFFFFFFFFFFFF74F36BBDFEFFFFFFCF
:10CFE000000000C0FFFFFFFFFFFFFFFFCC13B83DB5
:10CFF000FEFFFFFF000000C0FFFFFFFFFFFFFFFF7E
:10D0000000000080FEFFFFFF000000C0FFFFFFFFE9
:10D01000FFFFFFFFFF03AC3DFEFFFFFF000000C06E
:10D02000FFFFFFFFFFFFFFFFF91097BCFEFFFFFFB1
:10D03000000000C0FFFFFFFFFFFFFFFF0ACE5D3CC7
:10D04000FEFFFFFF000000C0FFFFFFFFFFFFFFFF2D
:10D0500000000080FEFFFFFF000000C0FFFFFFFF99
:10D06000FFFFFFFF2A56FEBDFEFFFFFF000000C0CE
:10D07000FFFFFFFFFFFFFFFF9F22F53CFEFFFFFFCB
:10D08000000000C0FFFFFFFFFFFFFFFFBE3641BDF6
:10D09000040000000F57B6C10E2700000F27000044
:10D0A000000000C005000000EAD684C01027000080
:10D0B00011270000000000C00500000038F5ACBFDB
:10D0C0001227000013270000000000C0000000002D
:10D0D00010E31F421427000015270000000000C0C5
:10D0E0000000000088F1CD4216270000172700003D
:10D0F000000000C004000000AD5FC043182700001E
:10D1000019270000000000C00200000074F326C4CC
:10D110001A2700001B270000000000C002000000CA
:10D12000A49B85C21C2700001D270000000000C032
:10D130000200000048370BC21E2700001F27000016
:10D14000000000C002000000A49BDFC220270000F6
:10D1500021270000000000C0050000002845ED4127
:10D160002227000023270000000000C0000000006C
:10D17000C4F827432427000025270000000000C032
:10D1800000000000E88084C4262700002727000054
:10D19000000000C000000000313E0E4428270000BF
:10D1A00029270000000000C00000000018DF9144A3
:10D1B0002A2700002B270000000000C0FEFFFFFF11
:10D1C000000000C0FFFFFFFFFFFFFFFF374C0ABE5C
:10D1D000FEFFFFFF000000C0FFFFFFFFFFFFFFFF9C
:10D1E0001729833DFEFFFFFF000000C0FFFFFFFF88
:10D1F000FFFFFFFF3953113DFEFFFFFF000000C09E
:10D20000FFFFFFFFFFFFFFFF2040CCBCFEFFFFFF43
:10D21000000000C0FFFFFFFFFFFFFFFF8E22893DE0
:10D22000FEFFFFFF000000C0FFFFFFFFFFFFFFFF4B
:10D2300000000080FEFFFFFF000000C0FFFFFFFFB7
:10D24000FFFFFFFF210C8E3DFEFFFFFF000000C02F
:10D25000FFFFFFFFFFFFFFFF110F69BCFEFFFFFF96
:10D26000000000C0FFFFFFFFFFFFFFFF5F2A673DD9
:10D27000FEFFFFFF000000C0FFFFFFFFFFFFFFFFFB
:10D2800046D497BBFEFFFFFF000000C0FFFFFFFF7B
:10D29000FFFFFFFFC4AA893BFEFFFFFF000000C0A5
:10D2A000FFFFFFFFFFFFFFFF35F4A7BDFEFFFFFFFE
:10D2B000000000C0FFFFFFFFFFFFFFFF5F31163DD3
:10D2C000FEFFFFFF000000C0FFFFFFFFFFFFFFFFAB
:10D2D0007A5836BDFEFFFFFF000000C0FFFFFFFFD2
:10D2E000FFFFFFFFB133F4BDFEFFFFFF000000C0F2
:10D2F000FFFFFFFFFFFFFFFF0000008004000000B2
:10D30000AE1730C32D2700002E270000000000C0FC
:10D3100000000000627C97432F27000030270000A8
:10D32000000000C002000000A49BBDC23127000025
:10D3300032270000000000C0000000009E83B5C33B
:10D340003327000034270000000000C00200000066
:10D35000D2CD18C33527000036270000000000C0DA
:10D3600000000000C4F86C43372700003827000095
:10D37000000000C002000000483737C23927000013
:10D380003A270000000000C001000000D8B76E4539
:10D390003B2700003C270000000000C00200000006
:10D3A00074F338C43D2700003E270000000000C091
:10D3B00002000000743319C43F270000402700001A
:10D3C000000000C0FEFFFFFF000000C0FFFFFFFFE6
:10D3D000FFFFFFFF000000800400000086C218412C
:10D3E0004127000042270000000000C001000000AB
:10D3F000B1EF91444327000044270000000000C023
:10D4000001000000887D1E434527000046270000DC
:10D41000000000C001000000B1EF96444727000063
:10D4200048270000000000C0FEFFFFFF000000C012
:10D43000FFFFFFFFFFFFFFFF4E3949BDFEFFFFFF6C
:10D44000000000C0FFFFFFFFFFFFFFFF00000080A4
:10D45000FEFFFFFF000000C0FFFFFFFFFFFFFFFF19
:10D4600000000080FEFFFFFF000000C0FFFFFFFF85
:10D47000FFFFFFFF9CB9A03DFEFFFFFF000000C0C3
:10D48000FFFFFFFFFFFFFFFF00000080FEFFFFFF29
:10D49000000000C0FFFFFFFFFFFFFFFF8ADE04BEAA
:10D4A000FEFFFFFF000000C0FFFFFFFFFFFFFFFFC9
:10D4B000A04DD1BDFEFFFFFF000000C0FFFFFFFF3A
:10D4C000FFFFFFFF1C4C71BBFEFFFFFF000000C011
:10D4D000FFFFFFFFFFFFFFFFD110333CFEFFFFFF09
:10D4E000000000C0FFFFFFFFFFFFFFFF180886BD21
:10D4F000FEFFFFFF000000C0FFFFFFFFFFFFFFFF79
:10D5000000000080FEFFFFFF000000C0FFFFFFFFE4
:10D51000FFFFFFFF6E5F123EFEFFFFFF000000C037
:10D52000FFFFFFFFFFFFFFFF3BC62DBBFEFFFFFF1F
:10D53000000000C0FFFFFFFFFFFFFFFFB09F1D3D8A
:10D54000020000001799D0434A2700004B27000033
:10D55000000000C00300000068B3A8424C27000090
:10D560004D270000000000C004000000F408B04295
:10D570004E2700004F270000000000C003000000FD
:10D58000841EA9C25027000051270000000000C0DF
:10D5900002000000B8C84442522700005327000090
:10D5A000000000C00400000045A1234254270000F1
:10D5B00055270000000000C0020000008C0C0B4446
:10D5C0005627000057270000000000C0050000009B
:10D5D00011CE66C25827000059270000000000C085
:10D5E0000400000079F4A5425A2700005B270000E0
:10D5F000000000C005000000E37214435C27000037
:10D600005D270000000000C005000000E372144325
:10D610005E2700005F270000000000C0030000003C
:10D6200006120C436027000061270000000000C0C4
:10D63000030000002AA9F7426227000063270000C8
:10D64000000000C0FEFFFFFF000000C0FFFFFFFF63
:10D65000FFFFFFFF00000080FEFFFFFF000000C093
:10D66000FFFFFFFFFFFFFFFF5BE481BDFEFFFFFF4A
:10D67000000000C0FFFFFFFFFFFFFFFF3DBF84BDB5
:10D68000FEFFFFFF000000C0FFFFFFFFFFFFFFFFE7
:10D69000F83EF83BFEFFFFFF000000C0FFFFFFFF6A
:10D6A000FFFFFFFF6CBB8FBDFEFFFFFF000000C050
:10D6B000FFFFFFFFFFFFFFFF00000080FEFFFFFFF7
:10D6C000000000C0FFFFFFFFFFFFFFFFF3EDA6BD5F
:10D6D000FEFFFFFF000000C0FFFFFFFFFFFFFFFF97
:10D6E00000000080FEFFFFFF000000C0FFFFFFFF03
:10D6F000FFFFFFFF8C41433DFEFFFFFF000000C026
:10D70000FFFFFFFFFFFFFFFF9AB90ABDFEFFFFFF0C
:10D71000000000C0FFFFFFFFFFFFFFFFA1B945BCF6
:10D72000FEFFFFFF000000C0FFFFFFFFFFFFFFFF46
:10D730004869183DFEFFFFFF000000C0FFFFFFFF2C
:10D74000FFFFFFFF3CD1C53DFEFFFFFF000000C013
:10D75000FFFFFFFFFFFFFFFF2A032BBD02000000BA
:10D76000747301C46527000066270000000000C034
:10D7700004000000130EC442672700006827000061
:10D78000000000C0010000009EA050C469270000F6
:10D790006A270000000000C003000000111463C2EB
:10D7A0006B2700006C270000000000C0FEFFFFFF99
:10D7B000000000C0FFFFFFFFFFFFFFFF0000008031
:10D7C00003000000B1EAD5C16D2700006E270000FC
:10D7D000000000C0020000001799D0436F2700002E
:10D7E00070270000000000C0FEFFFFFF000000C027
:10D7F000FFFFFFFFFFFFFFFF00000080FEFFFFFFB6
:10D80000000000C0FFFFFFFFFFFFFFFFC6DDFEBD02
:10D81000010000004F90FCC4712700007227000037
:10D82000000000C0FEFFFFFF000000C0FFFFFFFF81
:10D83000FFFFFFFF00000080010000009E6003C4A6
:10D840007327000074270000000000C001000000E2
:10D85000629F48447527000076270000000000C042
:10D86000FEFFFFFF000000C0FFFFFFFFFFFFFFFF05
:10D8700000000080FEFFFFFF000000C0FFFFFFFF71
:10D88000FFFFFFFFB02BDD3DFEFFFFFF000000C0EC
:10D89000FFFFFFFFFFFFFFFF781397BDFEFFFFFFB6
:10D8A000000000C0FFFFFFFFFFFFFFFFDCB40D3CE7
:10D8B000FEFFFFFF000000C0FFFFFFFFFFFFFFFFB5
:10D8C000B817D6BCFEFFFFFF000000C0FFFFFFFF40
:10D8D000FFFFFFFF8B80B73C0300000058FE43C1F1
:10D8E0007827000079270000000000C00200000037
:10D8F0001719F5437A2700007B270000000000C0BD
:10D9000004000000490190C27C2700007D27000030
:10D91000000000C002000000E02213417E2700004A
:10D920007F270000000000C0040000004C6183C19C
:10D930008027000081270000000000C003000000D5
:10D9400002CDCD428227000083270000000000C0E6
:10D9500002000000483763C28427000085270000CA
:10D96000000000C004000000E31AE6C286270000A1
:10D9700087270000000000C004000000126E034270
:10D980008827000089270000000000C00500000073
:10D9900054CFA4C18A2700008B270000000000C0DC
:10D9A00003000000B651B4C28C2700008D27000090
:10D9B000000000C00500000041385FC18E27000054
:10D9C0008F270000000000C0050000007FF44142E6
:10D9D0009027000091270000000000C00400000014
:10D9E000367375C29227000093270000000000C024
:10D9F00003000000F8F5FD42942700009527000081
:10DA0000000000C0FEFFFFFF000000C0FFFFFFFF9F
:10DA1000FFFFFFFF6E31A23CFEFFFFFF000000C0D2
:10DA2000FFFFFFFFFFFFFFFF369EDFBDFEFFFFFF93
:10DA3000000000C0FFFFFFFFFFFFFFFF00000080AE
:10DA4000FEFFFFFF000000C0FFFFFFFFFFFFFFFF23
:10DA5000B9F28C3DFEFFFFFF000000C0FFFFFFFF9B
:10DA6000FFFFFFFF00000080FEFFFFFF000000C07F
:10DA7000FFFFFFFFFFFFFFFFDFA43ABEFEFFFFFF38
:10DA8000000000C0FFFFFFFFFFFFFFFF6EF6A2BD1B
:10DA9000FEFFFFFF000000C0FFFFFFFFFFFFFFFFD3
:10DAA00000000080FEFFFFFF000000C0FFFFFFFF3F
:10DAB000FFFFFFFF00000080FEFFFFFF000000C02F
:10DAC000FFFFFFFFFFFFFFFFE528C2BDFEFFFFFFD7
:10DAD000000000C0FFFFFFFFFFFFFFFFED86143EC9
:10DAE000FEFFFFFF000000C0FFFFFFFFFFFFFFFF83
:10DAF00000000080FEFFFFFF000000C0FFFFFFFFEF
:10DB0000FFFFFFFF30B8843EFEFFFFFF000000C0B4
:10DB1000FFFFFFFFFFFFFFFFFDD01DBEFEFFFFFF6A
:10DB2000000000C0FFFFFFFFFFFFFFFF08E3293DEC
:10DB3000FEFFFFFF000000C0FFFFFFFFFFFFFFFF32
:10DB4000647532BD02000000E966D1C3972700006A
:10DB500098270000000000C000000000627CA24383
:10DB6000992700009A270000000000C00000000074
:10DB7000E039C0C19B2700009C270000000000C0C6
:10DB800003000000548587429D2700009E27000067
:10DB9000000000C004000000702D08439F27000013
:10DBA000A0270000000000C0040000003E5A15C37A
:10DBB000A1270000A2270000000000C00300000011
:10DBC000E463AD43A3270000A4270000000000C0C9
:10DBD00004000000C28D8D43A5270000A627000089
:10DBE000000000C003000000365C8143A72700004E
:10DBF000A8270000000000C00300000041A44E421E
:10DC0000A9270000AA270000000000C003000000B0
:10DC1000DEE06CC2AB270000AC270000000000C0B3
:10DC2000020000005C64BC42AD270000AE2700008B
:10DC3000000000C00200000000E9E6BFAF270000BE
:10DC4000B0270000000000C0020000002E320C438C
:10DC5000B1270000B2270000000000C0040000004F
:10DC6000B8CE0143B3270000B4270000000000C075
:10DC7000FEFFFFFF000000C0FFFFFFFFFFFFFFFFF1
:10DC800048C1AABDFEFFFFFF000000C0FFFFFFFF6D
:10DC9000FFFFFFFF00000080FEFFFFFF000000C04D
:10DCA000FFFFFFFFFFFFFFFF726C753DFEFFFFFFF1
:10DCB000000000C0FFFFFFFFFFFFFFFFE5052ABCDC
:10DCC000FEFFFFFF000000C0FFFFFFFFFFFFFFFFA1
:10DCD000F7009A3DFEFFFFFF000000C0FFFFFFFFBF
:10DCE000FFFFFFFF00000080FEFFFFFF000000C0FD
:10DCF000FFFFFFFFFFFFFFFFB4D39E3BFEFFFFFFD1
:10DD0000000000C0FFFFFFFFFFFFFFFFD86648BD18
:10DD1000FEFFFFFF000000C0FFFFFFFFFFFFFFFF50
:10DD200024DF0F3BFEFFFFFF000000C0FFFFFFFFEF
:10DD3000FFFFFFFF81C7C8BDFEFFFFFF000000C05F
:10DD4000FFFFFFFFFFFFFFFF08E61ABCFEFFFFFF1C
:10DD5000000000C0FFFFFFFFFFFFFFFF097C9B3CAF
:10DD6000FEFFFFFF000000C0FFFFFFFFFFFFFFFF00
:10DD7000662385BCFEFFFFFF000000C0FFFFFFFF22
:10DD8000FFFFFFFFB708DABDFEFFFFFF000000C086
:10DD9000FFFFFFFFFFFFFFFF84125F3DFEFFFFFF5E
:10DDA000000000C0FFFFFFFFFFFFFFFF000000803B
:10DDB000030000007466BE43B6270000B7270000CA
:10DDC000000000C003000000024DCA42B827000056
:10DDD000B9270000000000C002000000DDEC52C5C1
:10DDE000BA270000BB270000000000C000000000B0
:10DDF000C4F82243BC270000BD270000000000C07B
:10DE00000200000074732FC4BE270000BF2700006B
:10DE1000000000C00500000028A409C3C0270000BE
:10DE2000C1270000000000C00500000086A3624377
:10DE3000C2270000C3270000000000C0030000004C
:10DE4000B58407C2C4270000C5270000000000C039
:10DE5000030000004B84BFC1C6270000C727000095
:10DE6000000000C00500000058612E41C8270000D6
:10DE7000C9270000000000C002000000D2CD3EC350
:10DE8000CA270000CB270000000000C0FEFFFFFFF4
:10DE9000000000C0FFFFFFFFFFFFFFFF000000804A
:10DEA000FEFFFFFF000000C0FFFFFFFFFFFFFFFFBF
:10DEB00011BE87BD020000002E321A43CC2700009D
:10DEC000CD270000000000C0FEFFFFFF000000C0E3
:10DED000FFFFFFFFFFFFFFFF00000080FEFFFFFFCF
:10DEE000000000C0FFFFFFFFFFFFFFFFA50B80BC8E
:10DEF000FEFFFFFF000000C0FFFFFFFFFFFFFFFF6F
:10DF00000F2F113DFEFFFFFF000000C0FFFFFFFFCE
:10DF1000FFFFFFFF77C8D93CFEFFFFFF000000C0F6
:10DF2000FFFFFFFFFFFFFFFFFAE435BDFEFFFFFF2E
:10DF3000000000C0FFFFFFFFFFFFFFFFD34BCBBC84
:10DF4000FEFFFFFF000000C0FFFFFFFFFFFFFFFF1E
:10DF5000EBC6CD3DFEFFFFFF000000C0FFFFFFFF4F
:10DF6000FFFFFFFF95CFC7BDFEFFFFFF000000C012
:10DF7000FFFFFFFFFFFFFFFF00000080FEFFFFFF2E
:10DF8000000000C0FFFFFFFFFFFFFFFFD921BD3DE5
:10DF9000FEFFFFFF000000C0FFFFFFFFFFFFFFFFCE
:10DFA000000000800200000023032545CF27000069
:10DFB000D0270000000000C000000000780ED6C28C
:10DFC000D1270000D2270000000000C000000000A0
:10DFD00031FE5144D3270000D4270000000000C0C8
:10DFE0000500000058612E41D5270000D62700000B
:10DFF000000000C005000000F066C23FD727000007
:10E00000D8270000000000C003000000428F44C376
:10E01000D9270000DA270000000000C0FEFFFFFF44
:10E02000000000C0FFFFFFFFFFFFFFFF00000080B8
:10E03000020000004686C644DB270000DC27000003
:10E04000000000C00500000002F08542DD2700004E
:10E05000DE270000000000C0020000001799EC431A
:10E06000DF270000E0270000000000C003000000E0
:10E0700040938D43E1270000E2270000000000C02C
:10E08000FEFFFFFF000000C0FFFFFFFFFFFFFFFFDD
:10E0900000000080FEFFFFFF000000C0FFFFFFFF49
:10E0A000FFFFFFFF8D0A313EFEFFFFFF000000C0B3
:10E0B000FFFFFFFFFFFFFFFFD638013BFEFFFFFF23
:10E0C000000000C0FFFFFFFFFFFFFFFFA9F1983D29
:10E0D000FEFFFFFF000000C0FFFFFFFFFFFFFFFF8D
:10E0E000E50294BDFEFFFFFF000000C0FFFFFFFF41
:10E0F000FFFFFFFF00000080FEFFFFFF000000C0E9
:10E10000FFFFFFFFFFFFFFFFDB34FDBCFEFFFFFF54
:10E11000000000C0FFFFFFFFFFFFFFFF7CCC903C33
:10E12000FEFFFFFF000000C0FFFFFFFFFFFFFFFF3C
:10E1300025F3AB3CFEFFFFFF000000C0FFFFFFFF29
:10E14000FFFFFFFFD26721BD0500000064F696C205
:10E15000E4270000E5270000000000C003000000E5
:10E160003BC1A7C3E6270000E7270000000000C06E
:10E17000030000000F5C71C3E8270000E9270000DE
:10E18000000000C0FEFFFFFF000000C0FFFFFFFF18
:10E19000FFFFFFFF00000080020000008CCC6C44F9
:10E1A000EA270000EB270000000000C00500000087
:10E1B0009E794B42EC270000ED270000000000C0D4
:10E1C00003000000A713CEC1EE270000EF270000D8
:10E1D000000000C0FEFFFFFF000000C0FFFFFFFFC8
:10E1E000FFFFFFFF1E5BA7BDFEFFFFFF000000C09B
:10E1F000FFFFFFFFFFFFFFFF00000080FEFFFFFFAC
:10E20000000000C0FFFFFFFFFFFFFFFFCF51963D63
:10E21000FEFFFFFF000000C0FFFFFFFFFFFFFFFF4B
:10E2200000000080020000008C4C3A44F0270000FF
:10E23000F1270000000000C002000000E0221341AE
:10E24000F2270000F3270000000000C0FEFFFFFFE0
:10E25000000000C0FFFFFFFFFFFFFFFFDDEA4DBD35
:10E26000FEFFFFFF000000C0FFFFFFFFFFFFFFFFFB
:10E27000E2E31D3DFEFFFFFF000000C0FFFFFFFFC8
:10E28000FFFFFFFF2D8290BDFEFFFFFF000000C0DB
:10E29000FFFFFFFFFFFFFFFF5D3F173C0400000093
:10E2A00029EC1FC3F5270000F6270000000000C07E
:10E2B000000000003C0721C3F7270000F8270000FA
:10E2C000000000C0020000005C64CA42F9270000A0
:10E2D000FA270000000000C0FEFFFFFF000000C0A2
:10E2E000FFFFFFFFFFFFFFFF00000080FEFFFFFFBB
:10E2F000000000C0FFFFFFFFFFFFFFFF02E2E4BDE1
:10E30000040000004C61C9C1FB270000FC2700008D
:10E31000000000C004000000C775FDC1FD2700001B
:10E32000FE270000000000C00300000050EB9DC26B
:10E33000FF27000000280000000000C004000000CB
:10E3400007974F420128000002280000000000C08B
:10E3500000000000CFC107C403280000042800000B
:10E36000000000C003000000BB0787430528000031
:10E3700006280000000000C0FEFFFFFF000000C0F4
:10E38000FFFFFFFFFFFFFFFF00000080FEFFFFFF1A
:10E39000000000C0FFFFFFFFFFFFFFFF7E51CD3DEC
:10E3A000FEFFFFFF000000C0FFFFFFFFFFFFFFFFBA
:10E3B000ED0213BDFEFFFFFF000000C0FFFFFFFFE7
:10E3C000FFFFFFFFF590DD3CFEFFFFFF000000C0F8
:10E3D000FFFFFFFFFFFFFFFFED910B3DFEFFFFFF84
:10E3E000000000C0FFFFFFFFFFFFFFFF1CC463BD75
:10E3F000FEFFFFFF000000C0FFFFFFFFFFFFFFFF6A
:10E4000022B21B3CFEFFFFFF000000C0FFFFFFFF2A
:10E41000FFFFFFFFFBFD8CBD020000008CCC4044E1
:10E420000828000009280000000000C000000000CB
:10E430003C0738C30A2800000B280000000000C079
:10E4400003000000B58407C20C2800000D2800005E
:10E45000000000C0030000007871DF410E280000BA
:10E460000F280000000000C003000000926586C174
:10E470001028000011280000000000C0000000006B
:10E480009E03D4C31228000013280000000000C01F
:10E49000000000009E83BBC3142800001528000064
:10E4A000000000C0000000009E83A2C316280000E8
:10E4B00017280000000000C001000000802718C1DC
:10E4C0001828000019280000000000C00200000009
:10E4D000E02213411A2800001B280000000000C0A1
:10E4E000020000008C8C06441C2800001D2800003F
:10E4F000000000C0FEFFFFFF000000C0FFFFFFFFA5
:10E50000FFFFFFFF00000080FEFFFFFF000000C0D4
:10E51000FFFFFFFFFFFFFFFF308224BE010000006E
:10E520009EA040C41E2800001F280000000000C05C
:10E5300003000000A0066040202800002128000001
:10E54000000000C0FEFFFFFF000000C0FFFFFFFF54
:10E55000FFFFFFFFD8F1B8BCFEFFFFFF000000C0C7
:10E56000FFFFFFFFFFFFFFFF0D1BD93CFEFFFFFF7B
:10E57000000000C0FFFFFFFFFFFFFFFF04B1CC3D25
:10E58000FEFFFFFF000000C0FFFFFFFFFFFFFFFFD8
:10E5900017B823BCFEFFFFFF000000C0FFFFFFFF16
:10E5A000FFFFFFFF42DAAABDFEFFFFFF000000C031
:10E5B000FFFFFFFFFFFFFFFF3235F83CFEFFFFFFCD
:10E5C000000000C0FFFFFFFFFFFFFFFF08446BBD1F
:10E5D000FEFFFFFF000000C0FFFFFFFFFFFFFFFF88
:10E5E000D270D83CFEFFFFFF000000C0FFFFFFFF1E
:10E5F000FFFFFFFF00000080FEFFFFFF000000C0E4
:10E60000FFFFFFFFFFFFFFFF6A6FFFBDFEFFFFFF82
:10E61000000000C0FFFFFFFFFFFFFFFF4C47AE3DC4
:10E62000FEFFFFFF000000C0FFFFFFFFFFFFFFFF37
:10E630000000008004000000EE911BC223280000AF
:10E6400024280000000000C00300000076CF3443FF
:10E650002528000026280000000000C0050000005A
:10E66000CF3CB6422728000028280000000000C048
:10E670000500000063383641292800002A280000E0
:10E68000000000C0050000009BD13D432B28000086
:10E690002C280000000000C004000000E1EA224332
:10E6A0002D2800002E280000000000C003000000FC
:10E6B000431C3B432F28000030280000000000C00E
:10E6C00003000000D15111C331280000322800009E
:10E6D000000000C0050000008EABAF4133280000F1
:10E6E00034280000000000C00400000033C351C300
:10E6F0003528000036280000000000C0FEFFFFFFA4
:10E70000000000C0FFFFFFFFFFFFFFFF00000080D1
:10E710000500000084731DC337280000382800005E
:10E72000000000C0030000002AA9F74239280000B9
:10E730003A280000000000C000000000317E0544BF
:10E740003B2800003C280000000000C0040000003E
:10E7500079F4A5423D2800003E280000000000C0DA
:10E76000FEFFFFFF000000C0FFFFFFFFFFFFFFFFF6
:10E77000482A7E3DFEFFFFFF000000C0FFFFFFFFB5
:10E78000FFFFFFFF3D9280BDFEFFFFFF000000C0C6
:10E79000FFFFFFFFFFFFFFFF655E0D3EFEFFFFFF78
:10E7A000000000C0FFFFFFFFFFFFFFFFD8F3A73C03
:10E7B000FEFFFFFF000000C0FFFFFFFFFFFFFFFFA6
:10E7C00000000080FEFFFFFF000000C0FFFFFFFF12
:10E7D000FFFFFFFFAA2F4DBEFEFFFFFF000000C09E
:10E7E000FFFFFFFFFFFFFFFFC4CC8FBDFEFFFFFF5A
:10E7F000000000C0FFFFFFFFFFFFFFFF4B2547BBEF
:10E80000FEFFFFFF000000C0FFFFFFFFFFFFFFFF55
:10E810009B910D3DFEFFFFFF000000C0FFFFFFFFCB
:10E82000FFFFFFFFD8DEDABDFEFFFFFF000000C0E4
:10E83000FFFFFFFFFFFFFFFF886C07BEFEFFFFFF2C
:10E84000000000C0FFFFFFFFFFFFFFFF0000008090
:10E85000FEFFFFFF000000C0FFFFFFFFFFFFFFFF05
:10E86000AAEC31BDFEFFFFFF000000C0FFFFFFFF6D
:10E87000FFFFFFFFE1A90F3D0300000089853F4234
:10E880004028000041280000000000C002000000F5
:10E8900074F32BC44228000043280000000000C08D
:10E8A00001000000E0095AC2442800004528000089
:10E8B000000000C000000000C4F827434628000004
:10E8C00047280000000000C00100000078824BC310
:10E8D0004828000049280000000000C00000000097
:10E8E00074001EC54A2800004B280000000000C02C
:10E8F00002000000B8C844424C2800004D28000027
:10E90000000000C001000000887D6C434E2800001C
:10E910004F280000000000C0030000002D5347C432
:10E920005028000051280000000000C00200000034
:10E93000D2CD68C35228000053280000000000C058
:10E9400000000000780ECEC25428000055280000B8
:10E95000000000C0FEFFFFFF000000C0FFFFFFFF40
:10E96000FFFFFFFF632605BD02000000A49BF9C264
:10E970005628000057280000000000C003000000D7
:10E9800076CF34435828000059280000000000C00A
:10E9900003000000E447AF425A2800005B28000053
:10E9A000000000C0FEFFFFFF000000C0FFFFFFFFF0
:10E9B000FFFFFFFF23358C3AFEFFFFFF000000C082
:10E9C000FFFFFFFFFFFFFFFF0122CBBDFEFFFFFFA9
:10E9D000000000C0FFFFFFFFFFFFFFFF00000080FF
:10E9E000FEFFFFFF000000C0FFFFFFFFFFFFFFFF74
:10E9F000A8EB98BDFEFFFFFF000000C0FFFFFFFF78
:10EA0000FFFFFFFF77413D3BFEFFFFFF000000C01F
:10EA1000FFFFFFFFFFFFFFFF5A7581BDFEFFFFFFF6
:10EA2000000000C0FFFFFFFFFFFFFFFF194ACABC45
:10EA3000FEFFFFFF000000C0FFFFFFFFFFFFFFFF23
:10EA40002FE4D73CFEFFFFFF000000C0FFFFFFFFE9
:10EA5000FFFFFFFF7F83493DFEFFFFFF000000C077
:10EA6000FFFFFFFFFFFFFFFF00000080FEFFFFFF33
:10EA7000000000C0FFFFFFFFFFFFFFFF09EC85BDA7
:10EA8000FEFFFFFF000000C0FFFFFFFFFFFFFFFFD3
:10EA90004A60AB3CFEFFFFFF000000C0FFFFFFFF2E
:10EAA000FFFFFFFF1769BC3EFEFFFFFF000000C035
:10EAB000FFFFFFFFFFFFFFFF0000008003000000DB
:10EAC000BF5B1DC25D2800005E280000000000C082
:10EAD00002000000D2CD18C35F28000060280000AB
:10EAE000000000C00400000015FE11C361280000F2
:10EAF00062280000000000C0040000001D65BA424A
:10EB00006328000064280000000000C0040000002A
:10EB1000E899C1BF6528000066280000000000C019
:10EB2000020000005C64864267280000682800003C
:10EB3000000000C002000000B8C84442692800007C
:10EB40006A280000000000C00300000050EB81C2F2
:10EB50006B2800006C280000000000C004000000CA
:10EB6000475992436D2800006E280000000000C045
:10EB700003000000D11128C36F2800007028000096
:10EB8000000000C00500000098829B417128000031
:10EB900072280000000000C00400000048715AC341
:10EBA0007328000074280000000000C0020000006C
:10EBB0008C8C3E447528000076280000000000C0C0
:10EBC0000200000074B307C4772800007828000012
:10EBD000000000C005000000179E8E42792800004A
:10EBE0007A280000000000C0FEFFFFFF000000C008
:10EBF000FFFFFFFFFFFFFFFF9BF1F1BDFEFFFFFFE8
:10EC0000000000C0FFFFFFFFFFFFFFFF00000080CC
:10EC1000FEFFFFFF000000C0FFFFFFFFFFFFFFFF41
:10EC2000800E2E3DFEFFFFFF000000C0FFFFFFFF34
:10EC3000FFFFFFFFF0260DBDFEFFFFFF000000C03D
:10EC4000FFFFFFFFFFFFFFFF00000080FEFFFFFF51
:10EC5000000000C0FFFFFFFFFFFFFFFFF9A6C43D5C
:10EC6000FEFFFFFF000000C0FFFFFFFFFFFFFFFFF1
:10EC70008DE6A93BFEFFFFFF000000C0FFFFFFFF86
:10EC8000FFFFFFFFA6D18BBDFEFFFFFF000000C00E
:10EC9000FFFFFFFFFFFFFFFF2AA2163DFEFFFFFF62
:10ECA000000000C0FFFFFFFFFFFFFFFF5EA842BDA7
:10ECB000FEFFFFFF000000C0FFFFFFFFFFFFFFFFA1
:10ECC0007069343EFEFFFFFF000000C0FFFFFFFF42
:10ECD000FFFFFFFF00000080FEFFFFFF000000C0FD
:10ECE000FFFFFFFFFFFFFFFFB69C37BCFEFFFFFFEC
:10ECF000000000C0FFFFFFFFFFFFFFFF6327943C02
:10ED0000FEFFFFFF000000C0FFFFFFFFFFFFFFFF50
:10ED1000ECC8A6BDFEFFFFFF000000C0FFFFFFFF25
:10ED2000FFFFFFFFB7AD623C05000000D9938242B0
:10ED30007C2800007D280000000000C001000000C9
:10ED4000887D5A437E2800007F280000000000C014
:10ED500001000000F0048BC2802800008128000020
:10ED6000000000C0020000008C4C3A4482280000E1
:10ED700083280000000000C001000000B1EF9644AD
:10ED80008428000085280000000000C00400000066
:10ED9000192EB0C18628000087280000000000C09E
:10EDA00001000000B1AF9D448828000089280000C0
:10EDB000000000C0040000007694C7418A280000CB
:10EDC0008B280000000000C0020000004686C644F8
:10EDD0008C2800008D280000000000C00200000008
:10EDE0008C0C43448E2800008F280000000000C0D7
:10EDF0000200000017998C43902800009128000021
:10EE0000000000C0FEFFFFFF000000C0FFFFFFFF8B
:10EE1000FFFFFFFF00000080010000009E601BC498
:10EE20009228000093280000000000C004000000A9
:10EE3000102EE9419428000095280000000000C031
:10EE400002000000747349C496280000972800004F
:10EE5000000000C0FEFFFFFF000000C0FFFFFFFF3B
:10EE6000FFFFFFFF3017BEBDFEFFFFFF000000C029
:10EE7000FFFFFFFFFFFFFFFF00000080FEFFFFFF1F
:10EE8000000000C0FFFFFFFFFFFFFFFF40940F3DAA
:10EE9000FEFFFFFF000000C0FFFFFFFFFFFFFFFFBF
:10EEA000502756BBFEFFFFFF000000C0FFFFFFFF23
:10EEB000FFFFFFFF49EC1C3DFEFFFFFF000000C00D
:10EEC000FFFFFFFFFFFFFFFF73E8B6BCFEFFFFFF82
:10EED000000000C0FFFFFFFFFFFFFFFF00000080FA
:10EEE000FEFFFFFF000000C0FFFFFFFFFFFFFFFF6F
:10EEF000DDA928BEFEFFFFFF000000C0FFFFFFFFEF
:10EF0000FFFFFFFF00000080FEFFFFFF000000C0CA
:10EF1000FFFFFFFFFFFFFFFF5E83E03DFEFFFFFF00
:10EF2000000000C0FFFFFFFFFFFFFFFF00000080A9
:10EF3000FEFFFFFF000000C0FFFFFFFFFFFFFFFF1E
:10EF4000E002ACBDFEFFFFFF000000C0FFFFFFFFBF
:10EF5000FFFFFFFF00000080FEFFFFFF000000C07A
:10EF6000FFFFFFFFFFFFFFFF5357803D040000003E
:10EF7000292C33C3992800009A280000000000C003
:10EF8000FEFFFFFF000000C0FFFFFFFFFFFFFFFFCE
:10EF9000DDC0BFBD0500000044B31E419B2800003A
:10EFA0009C280000000000C004000000471111432D
:10EFB0009D2800009E280000000000C00500000001
:10EFC0007D04E4429F280000A0280000000000C04B
:10EFD000020000001799A143A1280000A228000008
:10EFE000000000C005000000BA35E5C1A3280000FC
:10EFF000A4280000000000C0000000009E83DAC3C7
:10F00000A5280000A6280000000000C004000000A1
:10F010003553D4C2A7280000A8280000000000C073
:10F02000FEFFFFFF000000C0FFFFFFFFFFFFFFFF2D
:10F0300089441B3DFEFFFFFF000000C0FFFFFFFFF4
:10F04000FFFFFFFF00000080FEFFFFFF000000C089
:10F05000FFFFFFFFFFFFFFFFF2EBE8BDFEFFFFFF3B
:10F06000000000C0FFFFFFFFFFFFFFFF0000008068
:10F07000FEFFFFFF000000C0FFFFFFFFFFFFFFFFDD
:10F08000572A093DFEFFFFFF000000C0FFFFFFFF02
:10F09000FFFFFFFF0D451EBDFEFFFFFF000000C08C
:10F0A000FFFFFFFFFFFFFFFF00000080FEFFFFFFED
:10F0B000000000C0FFFFFFFFFFFFFFFF8ECD1F3DE1
:10F0C00004000000130EC442AA280000AB28000070
:10F0D000000000C0040000009E198AC1AC28000096
:10F0E000AD280000000000C0FEFFFFFF000000C0D0
:10F0F000FFFFFFFFFFFFFFFFCA22FDBD030000006F
:10F1000088A0F8C0AE280000AF280000000000C0B2
:10F1100004000000C4CC2B41B0280000B12800003E
:10F12000000000C0020000001799A643B2280000AA
:10F13000B3280000000000C0000000009E83BDC393
:10F14000B4280000B5280000000000C00000000046
:10F15000E03990C1B6280000B7280000000000C0C8
:10F16000020000001799EC43B8280000B9280000FD
:10F17000000000C0FEFFFFFF000000C0FFFFFFFF18
:10F18000FFFFFFFF00000080FEFFFFFF000000C048
:10F19000FFFFFFFFFFFFFFFF3C84FBBDFEFFFFFF04
:10F1A000000000C0FFFFFFFFFFFFFFFF5EE12C3DFF
:10F1B000FEFFFFFF000000C0FFFFFFFFFFFFFFFF9C
:10F1C0005AD38EBBFEFFFFFF000000C0FFFFFFFF12
:10F1D000FFFFFFFF24A1633DFEFFFFFF000000C013
:10F1E000FFFFFFFFFFFFFFFF8B7AADBCFEFFFFFFBE
:10F1F000000000C0FFFFFFFFFFFFFFFF1973413C4E
:10F20000FEFFFFFF000000C0FFFFFFFFFFFFFFFF4B
:10F21000DD8143BD04000000E1D2DE43BB280000D5
:10F22000BC280000000000C000000000E8C0B2C41C
:10F23000BD280000BE280000000000C00300000040
:10F24000428F60C3BF280000C0280000000000C03B
:10F250000300000068B39A42C1280000C2280000E1
:10F26000000000C0030000006CB86D43C32800001C
:10F27000C4280000000000C0FEFFFFFF000000C027
:10F28000FFFFFFFFFFFFFFFF00000080FEFFFFFF0B
:10F29000000000C0FFFFFFFFFFFFFFFF446ABCBD8F
:10F2A0000300000011144EC2C5280000C62800004B
:10F2B000000000C0040000001EAE7CC1C728000092
:10F2C000C8280000000000C0040000001426AA4363
:10F2D000C9280000CA280000000000C00400000087
:10F2E000F408B042CB280000CC280000000000C089
:10F2F000FEFFFFFF000000C0FFFFFFFFFFFFFFFF5B
:10F30000B88E553BFEFFFFFF000000C0FFFFFFFF70
:10F31000FFFFFFFF375AEC3DFEFFFFFF000000C07C
:10F32000FFFFFFFFFFFFFFFF00000080FEFFFFFF6A
:10F33000000000C0FFFFFFFFFFFFFFFF841A34BD86
:10F34000FEFFFFFF000000C0FFFFFFFFFFFFFFFF0A
:10F3500002E245BBFEFFFFFF000000C0FFFFFFFF12
:10F36000FFFFFFFF0E885D3DFEFFFFFF000000C0B6
:10F37000FFFFFFFFFFFFFFFF00000080FEFFFFFF1A
:10F38000000000C0FFFFFFFFFFFFFFFF21DEBB3DCE
:10F3900003000000F9CBC6C1CE280000CF28000032
:10F3A000000000C0000000003C0727C3D028000078
:10F3B000D1280000000000C0010000009E2013C4FE
:10F3C000D2280000D3280000000000C00500000083
:10F3D000E49194C1D4280000D5280000000000C0AA
:10F3E0000100000078824BC3D6280000D728000017
:10F3F000000000C005000000D5B3DBC2D828000023
:10F40000D9280000000000C003000000A7D9A443D1
:10F41000DA280000DB280000000000C00500000022
:10F4200096B916C2DC280000DD280000000000C0EC
:10F4300005000000D9938242DE280000DF2800008A
:10F44000000000C005000000F51A00C4E02800001C
:10F45000E1280000000000C001000000C43EA943F4
:10F46000E2280000E3280000000000C000000000C7
:10F470009E03D4C3E4280000E5280000000000C07B
:10F480000000000031BE4C44E6280000E7280000E0
:10F49000000000C00500000053B00143E828000050
:10F4A000E9280000000000C001000000D8B76E4548
:10F4B000EA280000EB280000000000C0FEFFFFFF6C
:10F4C000000000C0FFFFFFFFFFFFFFFF0000008004
:10F4D000FEFFFFFF000000C0FFFFFFFFFFFFFFFF79
:10F4E000A8A83D3EFEFFFFFF000000C0FFFFFFFF9A
:10F4F000FFFFFFFF3DF7ACBDFEFFFFFF000000C0B8
:10F50000FFFFFFFFFFFFFFFF00000080FEFFFFFF88
:10F51000000000C0FFFFFFFFFFFFFFFF19F944BD20
:10F52000FEFFFFFF000000C0FFFFFFFFFFFFFFFF28
:10F5300052618D3CFEFFFFFF000000C0FFFFFFFF98
:10F54000FFFFFFFFC1D58E3DFEFFFFFF000000C0A3
:10F55000FFFFFFFFFFFFFFFF00000080FEFFFFFF38
:10F56000000000C0FFFFFFFFFFFFFFFF6D9C563C48
:10F57000FEFFFFFF000000C0FFFFFFFFFFFFFFFFD8
:10F58000B56A80BDFEFFFFFF000000C0FFFFFFFF68
:10F59000FFFFFFFFFF714D3DFEFFFFFF000000C0BA
:10F5A000FFFFFFFFFFFFFFFF00000080FEFFFFFFE8
:10F5B000000000C0FFFFFFFFFFFFFFFFE0900EBD58
:10F5C000FEFFFFFF000000C0FFFFFFFFFFFFFFFF88
:10F5D00030B0A33BFEFFFFFF000000C0FFFFFFFFB6
:10F5E000FFFFFFFFFB98EE3CFEFFFFFF000000C0A7
:10F5F000FFFFFFFFFFFFFFFFA7C267BD0000000086
:10F60000780ED6C2ED280000EE280000000000C0F1
:10F6100005000000C8D665C0EF280000F0280000F3
:10F62000000000C001000000F004EFC2F12800005B
:10F63000F2280000000000C001000000D847084583
:10F64000F3280000F4280000000000C005000000BE
:10F65000E3721443F5280000F6280000000000C003
:10F6600004000000EAB1CE42F7280000F8280000AC
:10F67000000000C005000000656E17C3F9280000F7
:10F68000FA280000000000C004000000E4BA6EC2C6
:10F69000FB280000FC280000000000C00000000063
:10F6A000E8C0B2C4FD280000FE280000000000C031
:10F6B00004000000BB5E25C2FF28000000290000F6
:10F6C000000000C001000000625F564401290000F4
:10F6D00002290000000000C00400000033C351C331
:10F6E0000329000004290000000000C00100000000
:10F6F0004F10A5C40529000006290000000000C025
:10F7000004000000338376C30729000008290000A5
:10F71000000000C0040000002C9C43C20929000026
:10F720000A290000000000C0FEFFFFFF000000C02B
:10F73000FFFFFFFFFFFFFFFF7AA82B3DFEFFFFFF4C
:10F74000000000C0FFFFFFFFFFFFFFFFEF4076BCA0
:10F75000FEFFFFFF000000C0FFFFFFFFFFFFFFFFF6
:10F76000D79A083EFEFFFFFF000000C0FFFFFFFF2B
:10F77000FFFFFFFF00000080FEFFFFFF000000C052
:10F78000FFFFFFFFFFFFFFFFF5FC63BCFEFFFFFF76
:10F79000000000C0FFFFFFFFFFFFFFFFD18BAEBDEA
:10F7A000FEFFFFFF000000C0FFFFFFFFFFFFFFFFA6
:10F7B00096A109BDFEFFFFFF000000C0FFFFFFFF95
:10F7C000FFFFFFFFDCCC893DFEFFFFFF000000C014
:10F7D000FFFFFFFFFFFFFFFF00000080FEFFFFFFB6
:10F7E000000000C0FFFFFFFFFFFFFFFFB80D9BBD44
:10F7F000FEFFFFFF000000C0FFFFFFFFFFFFFFFF56
:10F8000000000080FEFFFFFF000000C0FFFFFFFFC1
:10F81000FFFFFFFFA635483DFEFFFFFF000000C0D1
:10F82000FFFFFFFFFFFFFFFF00000080FEFFFFFF65
:10F83000000000C0FFFFFFFFFFFFFFFF96159ABD0E
:10F84000FEFFFFFF000000C0FFFFFFFFFFFFFFFF05
:10F8500000000080FEFFFFFF000000C0FFFFFFFF71
:10F86000FFFFFFFF71570F3D010000003C41AAC39D
:10F870000C2900000D290000000000C00500000058
:10F880008802DAC10E2900000F290000000000C024
:10F8900000000000313E284410290000112900001A
:10F8A000000000C0040000004C61C9C11229000022
:10F8B00013290000000000C004000000D4632842A7
:10F8C0001429000015290000000000C005000000F8
:10F8D000AFFF26431629000017290000000000C0D2
:10F8E00005000000A6E09D4218290000192900002B
:10F8F000000000C0FEFFFFFF000000C0FFFFFFFF91
:10F90000FFFFFFFFD6348D3DFEFFFFFF000000C06C
:10F91000FFFFFFFFFFFFFFFF00000080000000006F
:10F92000313E5E441A2900001B290000000000C07F
:10F9300005000000AC30D5411C2900001D29000045
:10F94000000000C000000000C4F877431E2900003A
:10F950001F290000000000C001000000B16FD0446A
:10F960002029000021290000000000C0050000003F
:10F97000004C413E2229000023290000000000C065
:10F98000FEFFFFFF000000C0FFFFFFFFFFFFFFFFC4
:10F9900000000080FEFFFFFF000000C0FFFFFFFF30
:10F9A000FFFFFFFF5F4FD3BDFEFFFFFF000000C062
:10F9B000FFFFFFFFFFFFFFFF392A223DFEFFFFFF92
:10F9C000000000C0FFFFFFFFFFFFFFFF00000080FF
:10F9D000FEFFFFFF000000C0FFFFFFFFFFFFFFFF74
:10F9E0007F2F813DFEFFFFFF000000C0FFFFFFFFF4
:10F9F000FFFFFFFF732F4FBBFEFFFFFF000000C0A4
:10FA0000FFFFFFFFFFFFFFFF3962103DFEFFFFFF1B
:10FA1000000000C0FFFFFFFFFFFFFFFF45CBB8BDA9
:10FA2000FEFFFFFF000000C0FFFFFFFFFFFFFFFF23
:10FA3000E03F3B3DFEFFFFFF000000C0FFFFFFFF78
:10FA4000FFFFFFFF00000080FEFFFFFF000000C07F
:10FA5000FFFFFFFFFFFFFFFF1E2641BE010000006A
:10FA600010FBEE422529000026290000000000C0FE
:10FA7000000000009E038DC32729000028290000F4
:10FA8000000000C0000000009E0393C3292900006D
:10FA90002A290000000000C00400000043618441E6
:10FAA0002B2900002C290000000000C004000000E9
:10FAB000A49956C12D2900002E290000000000C085
:10FAC000030000000834A5412F2900003029000060
:10FAD000000000C004000000126E03423129000043
:10FAE00032290000000000C001000000788200C33D
:10FAF0003329000034290000000000C0010000008C
:10FB00009EE016C43529000036290000000000C020
:10FB100003000000984CBCC23729000038290000BF
:10FB2000000000C0010000003CC1A3C3392900004F
:10FB30003A290000000000C004000000DAE35FC2C0
:10FB40003B2900003C290000000000C0010000002B
:10FB500062DF5B443D2900003E290000000000C038
:10FB600001000000621F6A443F2900004029000094
:10FB7000000000C001000000B10F844441290000D2
:10FB800042290000000000C0FEFFFFFF000000C08F
:10FB9000FFFFFFFFFFFFFFFF1A6895BDFEFFFFFF9E
:10FBA000000000C0FFFFFFFFFFFFFFFF000000801D
:10FBB000FEFFFFFF000000C0FFFFFFFFFFFFFFFF92
:10FBC0002E6A97BDFEFFFFFF000000C0FFFFFFFF92
:10FBD000FFFFFFFFB5C78F3DFEFFFFFF000000C026
:10FBE000FFFFFFFFFFFFFFFF00000080FEFFFFFFA2
:10FBF000000000C0FFFFFFFFFFFFFFFFC1598E3D68
:10FC0000FEFFFFFF000000C0FFFFFFFFFFFFFFFF41
:10FC1000F4DEDA3CFEFFFFFF000000C0FFFFFFFF45
:10FC2000FFFFFFFF5E1CE1BCFEFFFFFF000000C006
:10FC3000FFFFFFFFFFFFFFFF485043BDFEFFFFFF39
:10FC4000000000C0FFFFFFFFFFFFFFFF518AA33D41
:10FC5000FEFFFFFF000000C0FFFFFFFFFFFFFFFFF1
:10FC6000C857603CFEFFFFFF000000C0FFFFFFFF22
:10FC7000FFFFFFFFF247C0BDFEFFFFFF000000C017
:10FC8000FFFFFFFFFFFFFFFF18AC81BDFEFFFFFF7F
:10FC9000000000C0FFFFFFFFFFFFFFFF000000802C
:10FCA000FEFFFFFF000000C0FFFFFFFFFFFFFFFFA1
:10FCB00022AB323DFEFFFFFF000000C0FFFFFFFF51
:10FCC000FFFFFFFF14F01DBC050000001297A541C7
:10FCD0004429000045290000000000C00500000084
:10FCE000AC57CAC24629000047290000000000C0E6
:10FCF00003000000024DCA424829000049290000C3
:10FD0000000000C0FEFFFFFF000000C0FFFFFFFF7C
:10FD1000FFFFFFFF85A1B3BD01000000802718C1D0
:10FD20004A2900004B290000000000C00400000028
:10FD3000F0D19EC14C2900004D290000000000C0F8
:10FD400004000000DAE35FC24E2900004F290000E2
:10FD5000000000C00500000096B939C2502900001B
:10FD600051290000000000C004000000C495A4C296
:10FD70005229000053290000000000C001000000CB
:10FD80003C41AAC35429000055290000000000C0CE
:10FD9000040000006CBDB141562900005729000045
:10FDA000000000C0040000004981AFC258290000D3
:10FDB00059290000000000C0FEFFFFFF000000C046
:10FDC000FFFFFFFFFFFFFFFF00000080FEFFFFFFC0
:10FDD000000000C0FFFFFFFFFFFFFFFF4E09F03DE7
:10FDE000FEFFFFFF000000C0FFFFFFFFFFFFFFFF60
:10FDF00085E3473CFEFFFFFF000000C0FFFFFFFF61
:10FE0000FFFFFFFF533C013EFEFFFFFF000000C06D
:10FE1000FFFFFFFFFFFFFFFF5B5E85BCFEFFFFFFF5
:10FE2000000000C0FFFFFFFFFFFFFFFF000000809A
:10FE3000FEFFFFFF000000C0FFFFFFFFFFFFFFFF0F
:10FE40007EBAD4BDFEFFFFFF000000C0FFFFFFFF32
:10FE5000FFFFFFFF4394183DFEFFFFFF000000C0BF
:10FE6000FFFFFFFFFFFFFFFF15043EBDFEFFFFFF8B
:10FE7000000000C0FFFFFFFFFFFFFFFF000000804A
:10FE8000FEFFFFFF000000C0FFFFFFFFFFFFFFFFBF
:10FE900077687D3E0200000074B33BC45B2900001C
:10FEA0005C290000000000C001000000B1AFAC44BC
:10FEB0005D2900005E290000000000C00400000071
:10FEC00086C218415F29000060290000000000C0C0
:10FED000030000004AAEBE42612900006229000012
:10FEE000000000C003000000365C8143632900006D
:10FEF00064290000000000C001000000621F6A4485
:10FF00006529000066290000000000C00400000010
:10FF1000D75319436729000068290000000000C07A
:10FF200004000000FFB79843692900006A29000017
:10FF3000000000C0040000000AE74AC36B2900006B
:10FF40006C290000000000C00400000047111143AC
:10FF50006D2900006E290000000000C0FEFFFFFFB9
:10FF6000000000C0FFFFFFFFFFFFFFFF0000008059
:10FF700001000000629F2E446F29000070290000DC
:10FF8000000000C003000000984CBCC271290000B2
:10FF900072290000000000C0030000002AA9F742F7
:10FFA0007329000074290000000000C00200000056
:10FFB000E9E69CC37529000076290000000000C016
:10FFC000FEFFFFFF000000C0FFFFFFFFFFFFFFFF7E
:10FFD00000000080FEFFFFFF000000C0FFFFFFFFEA
:10FFE000FFFFFFFF84F1A63DFEFFFFFF000000C002
:10FFF000FFFFFFFFFFFFFFFF00000080FEFFFFFF8E
:020000040804EE
:10000000000000C0FFFFFFFFFFFFFFFFC6B2B4BD4F
:10001000FEFFFFFF000000C0FFFFFFFFFFFFFFFF2D
:10002000C0D2413EFEFFFFFF000000C0FFFFFFFF08
:10003000FFFFFFFF00000080FEFFFFFF000000C089
:10004000FFFFFFFFFFFFFFFF2A39393CFEFFFFFFE5
:10005000000000C0FFFFFFFFFFFFFFFF6EE5D63D82
:10006000FEFFFFFF000000C0FFFFFFFFFFFFFFFFDD
:10007000E3F5473DFEFFFFFF000000C0FFFFFFFF6D
:10008000FFFFFFFF6DD0D2BDFEFFFFFF000000C0ED
:10009000FFFFFFFFFFFFFFFF07E327BDFEFFFFFF9F
:1000A000000000C0FFFFFFFFFFFFFFFFD807213C5C
:1000B000FEFFFFFF000000C0FFFFFFFFFFFFFFFF8D
:1000C000F6C339BBFEFFFFFF000000C0FFFFFFFFCC
:1000D000FFFFFFFFC928933D04000000C26558439D
:1000E0007829000079290000000000C0020000000B
:1000F000743324C47A2900007B290000000000C06A
:1001000000000000CFC107C47C2900007D29000049
:10011000000000C000000000313E28447E2900009D
:100120007F290000000000C00000000031FE3744BD
:100130008029000081290000000000C003000000A9
:10014000AA0278438229000083290000000000C031
:10015000030000002D5347C48429000085290000B6
:10016000000000C000000000749010C58629000047
:1001700087290000000000C00300000068B3E742C8
:100180008829000089290000000000C0000000004C
:1001900088F1C3428A2900008B290000000000C0BA
:1001A0000200000074B307C48C2900008D290000F0
:1001B000000000C002000000BAB998C48E290000F7
:1001C0008F290000000000C00000000074F033C55B
:1001D0009029000091290000000000C000000000EC
:1001E00018DFC3449229000093290000000000C0DA
:1001F000020000008C8C5F449429000095290000C7
:10020000000000C0FEFFFFFF000000C0FFFFFFFF77
:10021000FFFFFFFF00000080FEFFFFFF000000C0A7
:10022000FFFFFFFFFFFFFFFF96F0623DFEFFFFFFB6
:10023000000000C0FFFFFFFFFFFFFFFFFBFC83BDCF
:10024000FEFFFFFF000000C0FFFFFFFFFFFFFFFFFB
:1002500000000080FEFFFFFF000000C0FFFFFFFF67
:10026000FFFFFFFFA952173CFEFFFFFF000000C089
:10027000FFFFFFFFFFFFFFFF194415BDFEFFFFFF5C
:10028000000000C0FFFFFFFFFFFFFFFF0000008036
:10029000FEFFFFFF000000C0FFFFFFFFFFFFFFFFAB
:1002A0009623323DFEFFFFFF000000C0FFFFFFFF6F
:1002B000FFFFFFFF8187813DFEFFFFFF000000C0C1
:1002C000FFFFFFFFFFFFFFFF23918BBDFEFFFFFF3F
:1002D000000000C0FFFFFFFFFFFFFFFF77DC623C75
:1002E000FEFFFFFF000000C0FFFFFFFFFFFFFFFF5B
:1002F000748334BDFEFFFFFF000000C0FFFFFFFF5F
:10030000FFFFFFFF12C3713DFEFFFFFF000000C0B3
:10031000FFFFFFFFFFFFFFFF00000080FEFFFFFF6A
:10032000000000C0FFFFFFFFFFFFFFFF8D59A5BDCD
:10033000FEFFFFFF000000C0FFFFFFFFFFFFFFFF0A
:1003400000000080040000005CA7814397290000A2
:1003500098290000000000C0010000003CC195C3C6
:10036000992900009A290000000000C00100000047
:100370009EE00FC49B2900009C290000000000C0E3
:10038000010000009E2077C49D2900009E290000E6
:10039000000000C0040000003BCA14429F29000076
:1003A000A0290000000000C005000000F57028C36F
:1003B000A1290000A2290000000000C001000000E7
:1003C000788224C3A3290000A4290000000000C0F3
:1003D00004000000B6DE5642A5290000A629000050
:1003E000000000C004000000737D49C2A72900007E
:1003F000A8290000000000C003000000EEF4F6C1D0
:10040000A9290000AA290000000000C00100000086
:10041000B1EF9144AB290000AC290000000000C0FE
:10042000040000007ACCB743AD290000AE290000DB
:10043000000000C00300000076CF5043AF29000049
:10044000B0290000000000C005000000B2273842BB
:10045000B1290000B2290000000000C00100000026
:10046000625F0A44B3290000B4290000000000C004
:10047000FEFFFFFF000000C0FFFFFFFFFFFFFFFFC9
:100480006A5DFB3CFEFFFFFF000000C0FFFFFFFFB7
:10049000FFFFFFFF38D493BCFEFFFFFF000000C04A
:1004A000FFFFFFFFFFFFFFFF00000080FEFFFFFFD9
:1004B000000000C0FFFFFFFFFFFFFFFF6DC1D0BDC9
:1004C000FEFFFFFF000000C0FFFFFFFFFFFFFFFF79
:1004D0004447523CFEFFFFFF000000C0FFFFFFFF4C
:1004E000FFFFFFFF2BFC93BCFEFFFFFF000000C0DF
:1004F000FFFFFFFFFFFFFFFF24ABD93CFEFFFFFF25
:10050000000000C0FFFFFFFFFFFFFFFFFEA108BDCF
:10051000FEFFFFFF000000C0FFFFFFFFFFFFFFFF28
:1005200000000080FEFFFFFF000000C0FFFFFFFF94
:10053000FFFFFFFF6C2C85BDFEFFFFFF000000C02A
:10054000FFFFFFFFFFFFFFFF00000080FEFFFFFF38
:10055000000000C0FFFFFFFFFFFFFFFF05103C3D55
:10056000FEFFFFFF000000C0FFFFFFFFFFFFFFFFD8
:10057000C147F73DFEFFFFFF000000C0FFFFFFFF88
:10058000FFFFFFFF00000080FEFFFFFF000000C034
:10059000FFFFFFFFFFFFFFFF05A362BDFEFFFFFFA1
:1005A000000000C0FFFFFFFFFFFFFFFFEE0F883DD1
:1005B000050000001BA560C2B6290000B729000095
:1005C000000000C004000000CC1EA7C0B829000035
:1005D000B9290000000000C003000000DBA80EC322
:1005E000BA290000BB290000000000C00400000080
:1005F000B3C7C3C1BC290000BD290000000000C072
:1006000000000000627CAB43BE290000BF2900004F
:10061000000000C004000000261C1A42C02900008F
:10062000C1290000000000C004000000205C564109
:10063000C2290000C3290000000000C00000000023
:10064000C4F87743C4290000C5290000000000C099
:10065000050000006476F5C2C6290000C729000025
:10066000000000C0FEFFFFFF000000C0FFFFFFFF13
:10067000FFFFFFFF99F402BEFEFFFFFF000000C076
:10068000FFFFFFFFFFFFFFFF0000008004000000EE
:1006900017EE02C2C8290000C9290000000000C0EE
:1006A00000000000C4F86243CA290000CB29000002
:1006B000000000C003000000BEB04143CC29000090
:1006C000CD290000000000C00000000062FCD543FE
:1006D000CE290000CF290000000000C0FEFFFFFF70
:1006E000000000C0FFFFFFFFFFFFFFFF1A66ABBD6A
:1006F000FEFFFFFF000000C0FFFFFFFFFFFFFFFF47
:1007000000000080FEFFFFFF000000C0FFFFFFFFB2
:10071000FFFFFFFF00000080FEFFFFFF000000C0A2
:10072000FFFFFFFFFFFFFFFF7377A03DFEFFFFFF0F
:10073000000000C0FFFFFFFFFFFFFFFF0000008081
:10074000FEFFFFFF000000C0FFFFFFFFFFFFFFFFF6
:100750004BA7953DFEFFFFFF000000C0FFFFFFFF1E
:10076000FFFFFFFFD2BDD1BDFEFFFFFF000000C0B5
:10077000FFFFFFFFFFFFFFFF00000080FEFFFFFF06
:10078000000000C0FFFFFFFFFFFFFFFF9F02BEBC96
:10079000FEFFFFFF000000C0FFFFFFFFFFFFFFFFA6
:1007A000AFCA0B3DFEFFFFFF000000C0FFFFFFFFD1
:1007B000FFFFFFFF1A19E13CFEFFFFFF000000C032
:1007C000FFFFFFFFFFFFFFFFAC1F69BD020000003E
:1007D000A49BF9C2D1290000D2290000000000C06A
:1007E000030000006E9AC941D3290000D4290000FB
:1007F000000000C0020000007091E941D52900000E
:10080000D6290000000000C0010000003CC183C3E5
:10081000D7290000D8290000000000C00500000012
:100820003F027743D9290000DA290000000000C008
:1008300005000000F57028C3DB290000DC2900005A
:10084000000000C0010000003C418EC3DD29000013
:10085000DE290000000000C0FEFFFFFF000000C016
:10086000FFFFFFFFFFFFFFFF179E54BD01000000C9
:1008700040ECFB41DF290000E0290000000000C03F
:1008800001000000F00493C2E1290000E229000009
:10089000000000C00200000074733EC4E3290000A1
:1008A000E4290000000000C0FEFFFFFF000000C0C0
:1008B000FFFFFFFFFFFFFFFF0000008001000000BF
:1008C00078824BC3E5290000E6290000000000C043
:1008D0000200000017998C43E7290000E829000076
:1008E000000000C001000000788200C3E929000078
:1008F000EA290000000000C0FEFFFFFF000000C06A
:10090000FFFFFFFFFFFFFFFFABFB093EFEFFFFFF07
:10091000000000C0FFFFFFFFFFFFFFFFCE4C843C45
:10092000FEFFFFFF000000C0FFFFFFFFFFFFFFFF14
:1009300000000080FEFFFFFF000000C0FFFFFFFF80
:10094000FFFFFFFFB1BE95BDFEFFFFFF000000C02F
:10095000FFFFFFFFFFFFFFFF00000080FEFFFFFF24
:10096000000000C0FFFFFFFFFFFFFFFF2F30EB3D48
:10097000FEFFFFFF000000C0FFFFFFFFFFFFFFFFC4
:1009800000000080FEFFFFFF000000C0FFFFFFFF30
:10099000FFFFFFFF80F1A3BDFEFFFFFF000000C0CF
:1009A000FFFFFFFFFFFFFFFF40737CBDFEFFFFFF68
:1009B000000000C0FFFFFFFFFFFFFFFF9FEC6A3C4E
:1009C000FEFFFFFF000000C0FFFFFFFFFFFFFFFF74
:1009D0000F5069BDFEFFFFFF000000C0FFFFFFFFDB
:1009E000FFFFFFFFC0E790BB0500000054A8E742EF
:1009F000EC290000ED290000000000C0020000000A
:100A00002E320443EE290000EF290000000000C050
:100A1000FEFFFFFF000000C0FFFFFFFFFFFFFFFF23
:100A2000AEC294BD040000009CD93EC2F029000073
:100A3000F1290000000000C004000000ED71CEC2EA
:100A4000F2290000F3290000000000C002000000AD
:100A500020DD3CC1F4290000F5290000000000C0A1
:100A6000050000002845ED41F6290000F7290000A7
:100A7000000000C000000000CFC107C4F82900003A
:100A8000F9290000000000C0020000001719E4432B
:100A9000FA290000FB290000000000C0FEFFFFFF54
:100AA000000000C0FFFFFFFFFFFFFFFF0127CE3D5B
:100AB000FEFFFFFF000000C0FFFFFFFFFFFFFFFF83
:100AC00000000080FEFFFFFF000000C0FFFFFFFFEF
:100AD000FFFFFFFF475089BDFEFFFFFF000000C082
:100AE000FFFFFFFFFFFFFFFF00000080FEFFFFFF93
:100AF000000000C0FFFFFFFFFFFFFFFF00000080BE
:100B0000FEFFFFFF000000C0FFFFFFFFFFFFFFFF32
:100B10003836F9BDFEFFFFFF000000C0FFFFFFFFFA
:100B2000FFFFFFFFFCB72E3DFEFFFFFF000000C0F0
:100B3000FFFFFFFFFFFFFFFF92388E3A0500000026
:100B40000B0F3943FD290000FE290000000000C002
:100B500003000000D095F243FF290000002A0000A6
:100B6000000000C001000000625F4344012A000051
:100B7000022A0000000000C001000000B1EFEF44B5
:100B8000032A0000042A0000000000C0FEFFFFFF4F
:100B9000000000C0FFFFFFFFFFFFFFFF26C1B7BD42
:100BA000030000005E5CD542052A0000062A000012
:100BB000000000C001000000B1EFEF44072A000070
:100BC000082A0000000000C00300000089921CC435
:100BD000092A00000A2A0000000000C005000000E9
:100BE00028A409C30B2A00000C2A0000000000C042
:100BF0000100000010FBE2420D2A00000E2A000056
:100C0000000000C003000000F9B1E2430F2A000019
:100C1000102A0000000000C0FEFFFFFF000000C01F
:100C2000FFFFFFFFFFFFFFFFEFA813BEFEFFFFFF69
:100C3000000000C0FFFFFFFFFFFFFFFF000000807C
:100C4000FEFFFFFF000000C0FFFFFFFFFFFFFFFFF1
:100C500073743ABDFEFFFFFF000000C0FFFFFFFFFF
:100C6000FFFFFFFF9A9E283BFEFFFFFF000000C032
:100C7000FFFFFFFFFFFFFFFF00000080FEFFFFFF01
:100C8000000000C0FFFFFFFFFFFFFFFFACB6FB3D12
:100C9000FEFFFFFF000000C0FFFFFFFFFFFFFFFFA1
:100CA000F4FE35BEFEFFFFFF000000C0FFFFFFFFA8
:100CB000FFFFFFFF00000080FEFFFFFF000000C0FD
:100CC000FFFFFFFFFFFFFFFF00000080FEFFFFFFB1
:100CD000000000C0FFFFFFFFFFFFFFFF8A10B83DCD
:100CE0000500000086A36243122A0000132A0000B8
:100CF000000000C0050000007D04E442142A00004A
:100D0000152A0000000000C003000000B45905438C
:100D1000162A0000172A0000000000C00000000092
:100D2000185FA144182A0000192A0000000000C022
:100D3000000000003C0764C31A2A00001B2A0000C0
:100D4000000000C0FEFFFFFF000000C0FFFFFFFF2C
:100D5000FFFFFFFF00000080FEFFFFFF000000C05C
:100D6000FFFFFFFFFFFFFFFFC4A7B5BD03000000AB
:100D70002D5347C41C2A00001D2A0000000000C09B
:100D8000030000000F5C71C31E2A00001F2A000030
:100D9000000000C003000000728A9442202A000074
:100DA000212A0000000000C0030000004057BA42A2
:100DB000222A0000232A0000000000C0FEFFFFFFDF
:100DC000000000C0FFFFFFFFFFFFFFFFF6F8763DCA
:100DD000FEFFFFFF000000C0FFFFFFFFFFFFFFFF60
:100DE0008CDD37BBFEFFFFFF000000C0FFFFFFFFF1
:100DF000FFFFFFFF00000080FEFFFFFF000000C0BC
:100E0000FFFFFFFFFFFFFFFF6B04AB3DFEFFFFFF98
:100E1000000000C0FFFFFFFFFFFFFFFF000000809A
:100E2000FEFFFFFF000000C0FFFFFFFFFFFFFFFF0F
:100E300039591B3EFEFFFFFF000000C0FFFFFFFF10
:100E4000FFFFFFFF1E9D2A3DFEFFFFFF000000C0C9
:100E5000FFFFFFFFFFFFFFFF84FBC4BC0400000097
:100E6000B49ECC41252A0000262A0000000000C0C4
:100E7000040000007BA45EC3272A0000282A00008B
:100E8000000000C0010000003C41E2C3292A00002C
:100E90002A2A0000000000C005000000B607CF416C
:100EA0002B2A00002C2A0000000000C005000000D2
:100EB00072F559432D2A00002E2A0000000000C0C0
:100EC00005000000A454ECC32F2A0000302A0000C3
:100ED000000000C0030000003A7058C2312A000030
:100EE000322A0000000000C0FEFFFFFF000000C02B
:100EF000FFFFFFFFFFFFFFFF7294973D010000001F
:100F000010FBE242332A0000342A0000000000C037
:100F10000500000053B00143352A0000362A0000C6
:100F2000000000C001000000B10F8444372A000017
:100F3000382A0000000000C0040000004719B04338
:100F4000392A00003A2A0000000000C00400000016
:100F5000002C09443B2A00003C2A0000000000C08D
:100F600001000000621F6A443D2A00003E2A000082
:100F7000000000C003000000E463AD433F2A00000E
:100F8000402A0000000000C0FEFFFFFF000000C07C
:100F9000FFFFFFFFFFFFFFFF8DBCBC3CFEFFFFFF1D
:100FA000000000C0FFFFFFFFFFFFFFFF403477BDE1
:100FB000FEFFFFFF000000C0FFFFFFFFFFFFFFFF7E
:100FC0007C8790BCFEFFFFFF000000C0FFFFFFFF1B
:100FD000FFFFFFFF30A48FBDFEFFFFFF000000C03A
:100FE000FFFFFFFFFFFFFFFFF7AB61BDFEFFFFFF4E
:100FF000000000C0FFFFFFFFFFFFFFFF8644113E20
:10100000FEFFFFFF000000C0FFFFFFFFFFFFFFFF2D
:10101000E2C5203DFEFFFFFF000000C0FFFFFFFF15
:10102000FFFFFFFF00000080FEFFFFFF000000C089
:10103000FFFFFFFFFFFFFFFFFDE88FBDFEFFFFFF8C
:10104000000000C0FFFFFFFFFFFFFFFF3EE1BE3CCF
:10105000FEFFFFFF000000C0FFFFFFFFFFFFFFFFDD
:1010600068B335BDFEFFFFFF000000C0FFFFFFFFBC
:10107000FFFFFFFF00000080FEFFFFFF000000C039
:10108000FFFFFFFFFFFFFFFFE4B1443DFEFFFFFF57
:10109000000000C0FFFFFFFFFFFFFFFF5C375CBCED
:1010A00001000000621F1D44422A0000432A000084
:1010B000000000C0020000008C0C2A44442A0000FA
:1010C000452A0000000000C0020000008C0C08440B
:1010D000462A0000472A0000000000C0050000006A
:1010E00056986842482A0000492A0000000000C0C3
:1010F00005000000E4F587404A2A00004B2A000062
:10110000000000C0020000002E3204434C2A000000
:101110004D2A0000000000C00200000046A68844DE
:101120004E2A00004F2A0000000000C0010000000D
:10113000C4BE9543502A0000512A0000000000C0A0
:1011400000000000627C9743522A0000532A0000EE
:10115000000000C00000000088F1B742542A0000DF
:10116000552A0000000000C0000000003C0716C324
:10117000562A0000572A0000000000C005000000A9
:101180006D0F3E41582A0000592A0000000000C09F
:10119000000000003C0738C35A2A00005B2A000008
:1011A000000000C001000000629F2E445C2A000085
:1011B0005D2A0000000000C0FEFFFFFF000000C02D
:1011C000FFFFFFFFFFFFFFFFC04C0B3CFEFFFFFFD9
:1011D000000000C0FFFFFFFFFFFFFFFF908D91BDEC
:1011E000FEFFFFFF000000C0FFFFFFFFFFFFFFFF4C
:1011F00000000080FEFFFFFF000000C0FFFFFFFFB8
:10120000FFFFFFFF7B53D1BBFEFFFFFF000000C0CD
:10121000FFFFFFFFFFFFFFFFE3519B3DFEFFFFFFCF
:10122000000000C0FFFFFFFFFFFFFFFFA98173BDAC
:10123000FEFFFFFF000000C0FFFFFFFFFFFFFFFFFB
:1012400067E2AB3DFEFFFFFF000000C0FFFFFFFFB6
:10125000FFFFFFFF1F964E3DFEFFFFFF000000C097
:10126000FFFFFFFFFFFFFFFFB74CB6BCFEFFFFFF16
:10127000000000C0FFFFFFFFFFFFFFFF806FF4BD16
:10128000FEFFFFFF000000C0FFFFFFFFFFFFFFFFAB
:101290004547CD3CFEFFFFFF000000C0FFFFFFFF02
:1012A000FFFFFFFFE3499FBCFEFFFFFF000000C000
:1012B000FFFFFFFFFFFFFFFF9A07933DFEFFFFFFCA
:1012C000000000C0FFFFFFFFFFFFFFFF00000080E6
:1012D000FEFFFFFF000000C0FFFFFFFFFFFFFFFF5B
:1012E00036F17ABD03000000241720435F2A000076
:1012F000602A0000000000C0000000003C0771C32D
:10130000612A0000622A0000000000C00100000005
:10131000625F0A44632A0000642A0000000000C0E3
:1013200001000000788275C3652A0000662A00006B
:10133000000000C001000000788246C3672A000058
:10134000682A0000000000C0010000003C419BC36F
:10135000692A00006A2A0000000000C0FEFFFFFFAB
:10136000000000C0FFFFFFFFFFFFFFFFF984C3BDC8
:101370000300000038781BC36B2A00006C2A0000B1
:10138000000000C004000000DAE35FC26D2A000024
:101390006E2A0000000000C00400000045A12342A6
:1013A0006F2A0000702A0000000000C0000000004A
:1013B00088F1C342712A0000722A0000000000C0B8
:1013C000FEFFFFFF000000C0FFFFFFFFFFFFFFFF6A
:1013D000B3C136BDFEFFFFFF000000C0FFFFFFFFEF
:1013E000FFFFFFFF00000080FEFFFFFF000000C0C6
:1013F000FFFFFFFFFFFFFFFF00000080FEFFFFFF7A
:10140000000000C0FFFFFFFFFFFFFFFFE1B397BD3C
:10141000FEFFFFFF000000C0FFFFFFFFFFFFFFFF19
:101420004E1D75BBFEFFFFFF000000C0FFFFFFFF6A
:10143000FFFFFFFF32E5603DFEFFFFFF000000C041
:10144000FFFFFFFFFFFFFFFF66385C3DFEFFFFFF72
:10145000000000C0FFFFFFFFFFFFFFFFBF7190BD57
:10146000FEFFFFFF000000C0FFFFFFFFFFFFFFFFC9
:10147000C411E0BAFEFFFFFF000000C0FFFFFFFF46
:10148000FFFFFFFFF7075EBD0400000014D720C177
:10149000742A0000752A0000000000C0050000004A
:1014A00006A95F41762A0000772A0000000000C0EC
:1014B0000200000046A68844782A0000792A00002D
:1014C000000000C004000000EDF184C27A2A000090
:1014D0007B2A0000000000C002000000A49BBDC2E7
:1014E0007C2A00007D2A0000000000C005000000EA
:1014F0002D8A4FC17E2A00007F2A0000000000C014
:10150000FEFFFFFF000000C0FFFFFFFFFFFFFFFF28
:101510009C32B3BD01000000F004B1C2802A00007B
:10152000812A0000000000C00500000096B916C224
:10153000822A0000832A0000000000C0050000008D
:101540006B461642842A0000852A0000000000C075
:10155000020000008CCC1344862A0000872A000079
:10156000000000C005000000F24833C2882A0000D5
:10157000892A0000000000C002000000A49BBDC238
:101580008A2A00008B2A0000000000C0FEFFFFFF37
:10159000000000C0FFFFFFFFFFFFFFFF0000008013
:1015A000FEFFFFFF000000C0FFFFFFFFFFFFFFFF88
:1015B000F9D3D83DFEFFFFFF000000C0FFFFFFFF93
:1015C000FFFFFFFFAD60B0BDFEFFFFFF000000C0EA
:1015D000FFFFFFFFFFFFFFFF5D4BBEBAFEFFFFFFF8
:1015E000000000C0FFFFFFFFFFFFFFFF00000080C3
:1015F000FEFFFFFF000000C0FFFFFFFFFFFFFFFF38
:101600003C2FF23DFEFFFFFF000000C0FFFFFFFF89
:10161000FFFFFFFFA4499CBDFEFFFFFF000000C0CD
:10162000FFFFFFFFFFFFFFFF90420F3DFEFFFFFFA9
:10163000000000C0FFFFFFFFFFFFFFFF57156A3CE0
:10164000FEFFFFFF000000C0FFFFFFFFFFFFFFFFE7
:1016500058F137BDFEFFFFFF000000C0FFFFFFFF96
:10166000FFFFFFFF5E23ECBCFEFFFFFF000000C09A
:10167000FFFFFFFFFFFFFFFF2CD2FB3C030000003A
:1016800089921CC48D2A00008E2A0000000000C030
:101690000500000085AD2CC48F2A0000902A0000B0
:1016A000000000C0020000001719B343912A000097
:1016B000922A0000000000C0FEFFFFFF000000C0F3
:1016C000FFFFFFFFFFFFFFFF00000080FEFFFFFFA7
:1016D000000000C0FFFFFFFFFFFFFFFFECE021BEA7
:1016E000050000006476F5C2932A0000942A0000E9
:1016F000000000C004000000594F1E42952A00005F
:10170000962A0000000000C00400000099C941436F
:10171000972A0000982A0000000000C00300000083
:10172000EA84CDC2992A00009A2A0000000000C075
:10173000030000008E758AC29B2A00009C2A0000CC
:10174000000000C003000000065249439D2A00002B
:101750009E2A0000000000C0FEFFFFFF000000C046
:10176000FFFFFFFFFFFFFFFFE8CA93BCFEFFFFFF85
:10177000000000C0FFFFFFFFFFFFFFFF94826E3DF0
:10178000FEFFFFFF000000C0FFFFFFFFFFFFFFFFA6
:10179000DCBA65BDFEFFFFFF000000C0FFFFFFFFDA
:1017A000FFFFFFFF00000080FEFFFFFF000000C002
:1017B000FFFFFFFFFFFFFFFF7321813DFEFFFFFFE4
:1017C000000000C0FFFFFFFFFFFFFFFF00000080E1
:1017D000FEFFFFFF000000C0FFFFFFFFFFFFFFFF56
:1017E000C6F75CBDFEFFFFFF000000C0FFFFFFFF6C
:1017F000FFFFFFFF0C3BBF3C04000000BE759C4197
:10180000A02A0000A12A0000000000C0040000007F
:10181000B9EE1BC3A22A0000A32A0000000000C0EA
:101820000500000060E9E1BEA42A0000A52A00002E
:10183000000000C00100000010FBE242A62A0000E8
:10184000A72A0000000000C002000000A49B85C27F
:10185000A82A0000A92A0000000000C0040000001F
:1018600079F4A542AA2A0000AB2A0000000000C0BB
:101870000200000074736DC4AC2A0000AD2A0000A1
:10188000000000C00200000074B335C4AE2A00009E
:10189000AF2A0000000000C005000000C8D665C0E7
:1018A000B02A0000B12A0000000000C001000000C2
:1018B00010FB8042B22A0000B32A0000000000C0E2
:1018C00005000000DF8AE3C2B42A0000B52A000048
:1018D000000000C001000000887D6C43B62A0000B3
:1018E000B72A0000000000C00100000010FB804289
:1018F000B82A0000B92A0000000000C00100000062
:10190000C43E9243BA2A0000BB2A0000000000C077
:10191000010000009EA034C4BC2A0000BD2A0000C3
:10192000000000C0FEFFFFFF000000C0FFFFFFFF40
:10193000FFFFFFFF00000080FEFFFFFF000000C070
:10194000FFFFFFFFFFFFFFFF9AF150BDFEFFFFFF0C
:10195000000000C0FFFFFFFFFFFFFFFF000000804F
:10196000FEFFFFFF000000C0FFFFFFFFFFFFFFFFC4
:10197000CDD5923DFEFFFFFF000000C0FFFFFFFF3F
:10198000FFFFFFFF7AD7AB3DFEFFFFFF000000C067
:10199000FFFFFFFFFFFFFFFF6D8C86BBFEFFFFFF1A
:1019A000000000C0FFFFFFFFFFFFFFFF3BC1063E3F
:1019B000FEFFFFFF000000C0FFFFFFFFFFFFFFFF74
:1019C000F5A3F4BCFEFFFFFF000000C0FFFFFFFF18
:1019D000FFFFFFFFE85D1D3EFEFFFFFF000000C0B0
:1019E000FFFFFFFFFFFFFFFF00000080FEFFFFFF84
:1019F000000000C0FFFFFFFFFFFFFFFF35F8E4BC62
:101A0000FEFFFFFF000000C0FFFFFFFFFFFFFFFF23
:101A100038DF9C3CFEFFFFFF000000C0FFFFFFFF20
:101A2000FFFFFFFF55B95F3DFEFFFFFF000000C055
:101A3000FFFFFFFFFFFFFFFF579B87BDFEFFFFFF7D
:101A4000000000C0FFFFFFFFFFFFFFFF000000805E
:101A5000FEFFFFFF000000C0FFFFFFFFFFFFFFFFD3
:101A6000302FDDBD04000000A3888743BF2A00009B
:101A7000C02A0000000000C004000000BB5E25C2B8
:101A8000C12A0000C22A0000000000C003000000BC
:101A9000ABDE87C3C32A0000C42A0000000000C0D8
:101AA000020000002E323043C52A0000C62A000082
:101AB000000000C00200000046C68344C72A0000A0
:101AC000C82A0000000000C002000000D2CD3EC3C2
:101AD000C92A0000CA2A0000000000C0020000005D
:101AE000DD2C1EC5CB2A0000CC2A0000000000C05F
:101AF000000000003C0703C3CD2A0000CE2A0000EE
:101B0000000000C000000000627C9A43CF2A000061
:101B1000D02A0000000000C00000000088F18142CF
:101B2000D12A0000D22A0000000000C004000000FA
:101B30001D65BA42D32A0000D42A0000000000C06C
:101B400000000000183FDD44D52A0000D62A00001E
:101B5000000000C0FEFFFFFF000000C0FFFFFFFF0E
:101B6000FFFFFFFF0000008000000000CFC177C42E
:101B7000D72A0000D82A0000000000C0FEFFFFFFA7
:101B8000000000C0FFFFFFFFFFFFFFFF121E903DA0
:101B9000FEFFFFFF000000C0FFFFFFFFFFFFFFFF92
:101BA000F65AACBDFEFFFFFF000000C0FFFFFFFFC5
:101BB000FFFFFFFF00000080FEFFFFFF000000C0EE
:101BC000FFFFFFFFFFFFFFFFABC3953DFEFFFFFFE2
:101BD000000000C0FFFFFFFFFFFFFFFF730C67BCAB
:101BE000FEFFFFFF000000C0FFFFFFFFFFFFFFFF42
:101BF00075E837BDFEFFFFFF000000C0FFFFFFFFDD
:101C0000FFFFFFFF69AE2BBBFEFFFFFF000000C020
:101C1000FFFFFFFFFFFFFFFFD5026C3DFEFFFFFF51
:101C2000000000C0FFFFFFFFFFFFFFFFE7FA05BD59
:101C3000FEFFFFFF000000C0FFFFFFFFFFFFFFFFF1
:101C40008FE9A5BDFEFFFFFF000000C0FFFFFFFF03
:101C5000FFFFFFFF00000080FEFFFFFF000000C04D
:101C6000FFFFFFFFFFFFFFFFFD1182BCFEFFFFFF35
:101C7000000000C0FFFFFFFFFFFFFFFF4ABB733DF7
:101C8000050000006F26C241DA2A0000DB2A0000AE
:101C9000000000C004000000EA7A01C1DC2A000054
:101CA000DD2A0000000000C004000000BB5E17C277
:101CB000DE2A0000DF2A0000000000C00200000051
:101CC0002E322343E02A0000E12A0000000000C079
:101CD000030000005A42DAC2E22A0000E32A0000B0
:101CE000000000C0030000006CB86D43E42A00004F
:101CF000E52A0000000000C00200000046A6AB4438
:101D0000E62A0000E72A0000000000C0FEFFFFFFF7
:101D1000000000C0FFFFFFFFFFFFFFFFA31BB2BDDE
:101D20000300000006120C43E82A0000E92A000024
:101D3000000000C00500000054CFA4C1EA2A000042
:101D4000EB2A0000000000C0020000008C4C4C4454
:101D5000EC2A0000ED2A0000000000C0FEFFFFFF9B
:101D6000000000C0FFFFFFFFFFFFFFFF441D23BE79
:101D700003000000D095F243EE2A0000EF2A000095
:101D8000000000C00300000050EB81C2F02A0000F8
:101D9000F12A0000000000C003000000BB078743D9
:101DA000F22A0000F32A0000000000C0FEFFFFFF3F
:101DB000000000C0FFFFFFFFFFFFFFFFAB62473BDC
:101DC000FEFFFFFF000000C0FFFFFFFFFFFFFFFF60
:101DD000DA2CAD3DFEFFFFFF000000C0FFFFFFFF5C
:101DE000FFFFFFFF807032BCFEFFFFFF000000C05E
:101DF000FFFFFFFFFFFFFFFF8C08113DFEFFFFFF0E
:101E0000000000C0FFFFFFFFFFFFFFFF802A10BEA2
:101E1000FEFFFFFF000000C0FFFFFFFFFFFFFFFF0F
:101E200000000080FEFFFFFF000000C0FFFFFFFF7B
:101E3000FFFFFFFFD0D5923DFEFFFFFF000000C077
:101E4000FFFFFFFFFFFFFFFF00000080FEFFFFFF1F
:101E5000000000C0FFFFFFFFFFFFFFFF000000804A
:101E6000FEFFFFFF000000C0FFFFFFFFFFFFFFFFBF
:101E70000FFF3B3DFEFFFFFF000000C0FFFFFFFF25
:101E8000FFFFFFFF23C610BEFEFFFFFF000000C0E4
:101E9000FFFFFFFFFFFFFFFF0000008001000000C9
:101EA000788246C3F52A0000F62A0000000000C030
:101EB000000000003C074AC3F72A0000F82A00008F
:101EC000000000C0000000003C076CC3F92A0000BD
:101ED000FA2A0000000000C0020000002E32784301
:101EE000FB2A0000FC2A0000000000C002000000E5
:101EF00017998A43FD2A0000FE2A0000000000C056
:101F0000020000008C0C0B44FF2A0000002B000094
:101F1000000000C00200000017199743012B0000C9
:101F2000022B0000000000C002000000D2CD68C3F8
:101F3000032B0000042B0000000000C0050000007F
:101F4000B137B042052B0000062B0000000000C096
:101F5000010000003CC198C3072B0000082B0000C3
:101F6000000000C0020000008CCC4F44092B000090
:101F70000A2B0000000000C00100000062DF5B448B
:101F80000B2B00000C2B0000000000C00100000023
:101F9000F0049DC20D2B00000E2B0000000000C0BD
:101FA00001000000C4BEB0430F2B0000102B000046
:101FB000000000C0020000001799D843112B000058
:101FC000122B0000000000C0FEFFFFFF000000C059
:101FD000FFFFFFFFFFFFFFFF00000080FEFFFFFF8E
:101FE000000000C0FFFFFFFFFFFFFFFF7C4F093E27
:101FF000FEFFFFFF000000C0FFFFFFFFFFFFFFFF2E
:102000001F0ECBBDFEFFFFFF000000C0FFFFFFFF64
:10201000FFFFFFFF00000080FEFFFFFF000000C089
:10202000FFFFFFFFFFFFFFFFD22BB5BDFEFFFFFF4E
:10203000000000C0FFFFFFFFFFFFFFFF280D103B68
:10204000FEFFFFFF000000C0FFFFFFFFFFFFFFFFDD
:10205000C143A53DFEFFFFFF000000C0FFFFFFFFE3
:10206000FFFFFFFF5BD2B9BCFEFFFFFF000000C017
:10207000FFFFFFFFFFFFFFFF3C3B543CFEFFFFFF66
:10208000000000C0FFFFFFFFFFFFFFFF3E8F78BD96
:10209000FEFFFFFF000000C0FFFFFFFFFFFFFFFF8D
:1020A00000000080FEFFFFFF000000C0FFFFFFFFF9
:1020B000FFFFFFFFE919F03DFEFFFFFF000000C03A
:1020C000FFFFFFFFFFFFFFFFAD690DBDFEFFFFFF3D
:1020D000000000C0FFFFFFFFFFFFFFFF143B113DAB
:1020E000FEFFFFFF000000C0FFFFFFFFFFFFFFFF3D
:1020F000A5EC43BDFEFFFFFF000000C0FFFFFFFF98
:10210000FFFFFFFF1C14E7BD01000000621F194420
:10211000142B0000152B0000000000C0040000007C
:1021200062E6A941162B0000172B0000000000C03A
:10213000FEFFFFFF000000C0FFFFFFFFFFFFFFFFEC
:102140009126D9BD00000000627C8343182B00005B
:10215000192B0000000000C000000000CF8102C465
:102160001A2B00001B2B0000000000C0050000001F
:10217000FC1E63401C2B00001D2B0000000000C053
:1021800004000000CE7ACA401E2B00001F2B000066
:10219000000000C000000000E8C0B2C4202B000016
:1021A000212B0000000000C001000000887D60437A
:1021B000222B0000232B0000000000C0FEFFFFFFC9
:1021C000000000C0FFFFFFFFFFFFFFFF00000080D7
:1021D000FEFFFFFF000000C0FFFFFFFFFFFFFFFF4C
:1021E0002104C73CFEFFFFFF000000C0FFFFFFFF10
:1021F000FFFFFFFF3EEBC2BDFEFFFFFF000000C080
:10220000FFFFFFFFFFFFFFFF00000080FEFFFFFF5B
:10221000000000C0FFFFFFFFFFFFFFFF0000008086
:10222000FEFFFFFF000000C0FFFFFFFFFFFFFFFFFB
:102230006B41923DFEFFFFFF000000C0FFFFFFFF6C
:10224000FFFFFFFF21DE84BDFEFFFFFF000000C097
:10225000FFFFFFFFFFFFFFFF38526C3D0200000051
:102260002E324B43252B0000262B0000000000C01F
:102270000100000020F67142272B0000282B0000EF
:10228000000000C003000000E4A39643292B0000D7
:102290002A2B0000000000C004000000B9EE1BC3A0
:1022A0002B2B00002C2B0000000000C003000000BE
:1022B0000D7166422D2B00002E2B0000000000C087
:1022C00001000000887D23432F2B0000302B0000ED
:1022D000000000C00100000062DF3D44312B00001F
:1022E000322B0000000000C0030000004057BA423B
:1022F000332B0000342B0000000000C0030000005E
:1023000068B3A842352B0000362B0000000000C047
:102310000200000070919941372B0000382B00001B
:10232000000000C002000000A49BA7C2392B0000DF
:102330003A2B0000000000C003000000469484C255
:102340003B2B00003C2B0000000000C003000000FD
:10235000387814C33D2B00003E2B0000000000C065
:102360000200000046E6B4443F2B0000402B000072
:10237000000000C0FEFFFFFF000000C0FFFFFFFFE6
:10238000FFFFFFFF00000080FEFFFFFF000000C016
:10239000FFFFFFFFFFFFFFFF602FD5BCFEFFFFFF2A
:1023A000000000C0FFFFFFFFFFFFFFFF4AC1EA3D43
:1023B000FEFFFFFF000000C0FFFFFFFFFFFFFFFF6A
:1023C00000000080FEFFFFFF000000C0FFFFFFFFD6
:1023D000FFFFFFFF1CB8ADBDFEFFFFFF000000C008
:1023E000FFFFFFFFFFFFFFFF813D943CFEFFFFFF6C
:1023F000000000C0FFFFFFFFFFFFFFFF5150D33D74
:10240000FEFFFFFF000000C0FFFFFFFFFFFFFFFF19
:102410000F6D503CFEFFFFFF000000C0FFFFFFFFFD
:10242000FFFFFFFFA8DD75BDFEFFFFFF000000C03E
:10243000FFFFFFFFFFFFFFFF860BE63CFEFFFFFFF6
:10244000000000C0FFFFFFFFFFFFFFFFB58493BC4C
:10245000FEFFFFFF000000C0FFFFFFFFFFFFFFFFC9
:1024600000000080FEFFFFFF000000C0FFFFFFFF35
:10247000FFFFFFFFCCCCBDBDFEFFFFFF000000C093
:10248000FFFFFFFFFFFFFFFFB75A173EFEFFFFFFF3
:10249000000000C0FFFFFFFFFFFFFFFF0000008004
:1024A00001000000C43EFC43422B0000432B00000F
:1024B000000000C001000000887D4A43442B00005A
:1024C000452B0000000000C005000000AC57CAC248
:1024D000462B0000472B0000000000C00500000054
:1024E000A100D4C2482B0000492B0000000000C00E
:1024F00003000000E8C025C14A2B00004B2B000060
:10250000000000C003000000B5D5BFC34C2B000085
:102510004D2B0000000000C0030000007FAE7D4294
:102520004E2B00004F2B0000000000C001000000F7
:102530004F10AFC4502B0000512B0000000000C012
:102540000000000080E7E0C0522B0000532B000089
:10255000000000C001000000C43EA943542B00004D
:10256000552B0000000000C005000000D8DB11431F
:10257000562B0000572B0000000000C0FEFFFFFF9D
:10258000000000C0FFFFFFFFFFFFFFFFBD45CC3D88
:10259000030000000D00B643582B0000592B00002B
:1025A000000000C001000000625F33445A2B0000AD
:1025B0005B2B0000000000C005000000171ECA428F
:1025C0005C2B00005D2B0000000000C0FEFFFFFF41
:1025D000000000C0FFFFFFFFFFFFFFFF00000080C3
:1025E000FEFFFFFF000000C0FFFFFFFFFFFFFFFF38
:1025F000FC2866BDFEFFFFFF000000C0FFFFFFFFDD
:10260000FFFFFFFF25E8D23CFEFFFFFF000000C0F8
:10261000FFFFFFFFFFFFFFFFCF7CBEBBFEFFFFFF03
:10262000000000C0FFFFFFFFFFFFFFFF0157173E45
:10263000FEFFFFFF000000C0FFFFFFFFFFFFFFFFE7
:1026400000000080FEFFFFFF000000C0FFFFFFFF53
:10265000FFFFFFFFE2CA91BCFEFFFFFF000000C0CA
:10266000FFFFFFFFFFFFFFFF0FA8A33EFEFFFFFFDF
:10267000000000C0FFFFFFFFFFFFFFFFDDFD21BDEA
:10268000FEFFFFFF000000C0FFFFFFFFFFFFFFFF97
:102690002BF50F3DFEFFFFFF000000C0FFFFFFFF17
:1026A000FFFFFFFF00000080FEFFFFFF000000C0F3
:1026B000FFFFFFFFFFFFFFFF121C2CBEFEFFFFFF0F
:1026C000000000C0FFFFFFFFFFFFFFFF00000080D2
:1026D000FEFFFFFF000000C0FFFFFFFFFFFFFFFF47
:1026E000BABE13BD01000000C43ED0435F2B000002
:1026F000602B0000000000C00500000092B2C24242
:10270000612B0000622B0000000000C000000000F0
:10271000627CD243632B0000642B0000000000C0E9
:1027200000000000E8C0B2C4652B0000662B00006A
:10273000000000C000000000F01C58C2672B000021
:10274000682B0000000000C0030000007C61C6424E
:10275000692B00006A2B0000000000C0030000008D
:10276000BB0787436B2B00006C2B0000000000C0F0
:10277000FEFFFFFF000000C0FFFFFFFFFFFFFFFFA6
:1027800017DC7CBD0000000062FC8C436D2B000058
:102790006E2B0000000000C00100000010FBCE42C4
:1027A0006F2B0000702B0000000000C00000000034
:1027B000313E5E44712B0000722B0000000000C00F
:1027C0000100000062DF2144732B0000742B000025
:1027D000000000C0000000000062FC3F752B0000FC
:1027E000762B0000000000C000000000185FA1442C
:1027F000772B0000782B0000000000C005000000CF
:10280000C3118F43792B00007A2B0000000000C019
:10281000FEFFFFFF000000C0FFFFFFFFFFFFFFFF05
:102820009C0DA63CFEFFFFFF000000C0FFFFFFFF66
:10283000FFFFFFFF777068BCFEFFFFFF000000C0D6
:10284000FFFFFFFFFFFFFFFF90A02EBDFEFFFFFF7A
:10285000000000C0FFFFFFFFFFFFFFFFB4EEC53D1C
:10286000FEFFFFFF000000C0FFFFFFFFFFFFFFFFB5
:102870001884C4BDFEFFFFFF000000C0FFFFFFFF84
:10288000FFFFFFFFBDA2443CFEFFFFFF000000C0B2
:10289000FFFFFFFFFFFFFFFF00000080FEFFFFFFC5
:1028A000000000C0FFFFFFFFFFFFFFFF29FA7EBD12
:1028B000FEFFFFFF000000C0FFFFFFFFFFFFFFFF65
:1028C00072F9603DFEFFFFFF000000C0FFFFFFFF49
:1028D000FFFFFFFFF68085BCFEFFFFFF000000C08A
:1028E000FFFFFFFFFFFFFFFF50A7243EFEFFFFFF9C
:1028F000000000C0FFFFFFFFFFFFFFFF00000080A0
:10290000FEFFFFFF000000C0FFFFFFFFFFFFFFFF14
:102910007088AABDFEFFFFFF000000C0FFFFFFFFA1
:10292000FFFFFFFFCCDD443C02000000D2CD76C3A8
:102930007C2B00007D2B0000000000C0FEFFFFFF8D
:10294000000000C0FFFFFFFFFFFFFFFF6624C0BDC8
:1029500005000000BFC744417E2B00007F2B000014
:10296000000000C00400000046851FC0802B00004E
:10297000812B0000000000C0040000000F57B6C10A
:10298000822B0000832B0000000000C0020000002A
:102990001719C743842B0000852B0000000000C0DE
:1029A00003000000D656ACC2862B0000872B000027
:1029B000000000C00300000062210243882B0000D9
:1029C000892B0000000000C005000000727517434D
:1029D0008A2B00008B2B0000000000C0FEFFFFFFD1
:1029E000000000C0FFFFFFFFFFFFFFFF2D2EF1BB28
:1029F000FEFFFFFF000000C0FFFFFFFFFFFFFFFF24
:102A00007F619A3CFEFFFFFF000000C0FFFFFFFF59
:102A1000FFFFFFFF7A2149BCFEFFFFFF000000C05F
:102A2000FFFFFFFFFFFFFFFF266BEBBDFEFFFFFF7A
:102A3000000000C0FFFFFFFFFFFFFFFFE215E0BD4A
:102A4000FEFFFFFF000000C0FFFFFFFFFFFFFFFFD3
:102A5000F19D693CFEFFFFFF000000C0FFFFFFFF8C
:102A6000FFFFFFFFCFAB1E3DFEFFFFFF000000C0DA
:102A7000FFFFFFFFFFFFFFFF841EC2BC030000003B
:102A8000ABDE87C38D2B00008E2B0000000000C042
:102A90000200000000E9E6BF8F2B0000902B000031
:102AA000000000C0040000001C453C42912B0000C7
:102AB000922B0000000000C0FEFFFFFF000000C0DE
:102AC000FFFFFFFFFFFFFFFF00000080000000008E
:102AD0003C073DC3932B0000942B0000000000C076
:102AE000020000001799BA43952B0000962B0000B6
:102AF000000000C0040000001DE5F542972B000017
:102B0000982B0000000000C0FEFFFFFF000000C087
:102B1000FFFFFFFFFFFFFFFF00000080FEFFFFFF42
:102B2000000000C0FFFFFFFFFFFFFFFF70CA28BECD
:102B30000200000017998C43992B00009A2B00008B
:102B4000000000C00000000088F18F429B2B0000B5
:102B50009C2B0000000000C0000000003C075BC38D
:102B60009D2B00009E2B0000000000C00400000010
:102B7000C26558439F2B0000A02B0000000000C03E
:102B8000FEFFFFFF000000C0FFFFFFFFFFFFFFFF92
:102B9000D2E1513BFEFFFFFF000000C0FFFFFFFF3F
:102BA000FFFFFFFF966C5E3DFEFFFFFF000000C0D1
:102BB000FFFFFFFFFFFFFFFFE4A5A6BCFEFFFFFF37
:102BC000000000C0FFFFFFFFFFFFFFFF88A8AE3C33
:102BD000FEFFFFFF000000C0FFFFFFFFFFFFFFFF42
:102BE00000000080FEFFFFFF000000C0FFFFFFFFAE
:102BF000FFFFFFFFEC74A2BDFEFFFFFF000000C05F
:102C0000FFFFFFFFFFFFFFFFAB593E3DFEFFFFFF52
:102C1000000000C0FFFFFFFFFFFFFFFFB6D329BD8D
:102C20000200000046468644A22B0000A32B0000B1
:102C3000000000C0020000008C8C1944A42B00008E
:102C4000A52B0000000000C0FEFFFFFF000000C039
:102C5000FFFFFFFFFFFFFFFFA8F2D4BD030000004E
:102C6000984CBCC2A62B0000A72B0000000000C09F
:102C70000300000011144EC2A82B0000A92B000075
:102C8000000000C0020000001719A443AA2B000096
:102C9000AB2B0000000000C0030000007EA508412F
:102CA000AC2B0000AD2B0000000000C002000000B3
:102CB0008CCC2344AE2B0000AF2B0000000000C0E2
:102CC00003000000024DCA42B02B0000B12B0000EF
:102CD000000000C0FEFFFFFF000000C0FFFFFFFF7D
:102CE000FFFFFFFF09DCA43DFEFFFFFF000000C067
:102CF000FFFFFFFFFFFFFFFF7A687CBCFEFFFFFFC7
:102D0000000000C0FFFFFFFFFFFFFFFFBA80BDBC58
:102D1000FEFFFFFF000000C0FFFFFFFFFFFFFFFF00
:102D200039C1063CFEFFFFFF000000C0FFFFFFFFB0
:102D3000FFFFFFFF00000080FEFFFFFF000000C05C
:102D4000FFFFFFFFFFFFFFFF001494BDFEFFFFFF2B
:102D5000000000C0FFFFFFFFFFFFFFFFF5A5B73D2D
:102D6000FEFFFFFF000000C0FFFFFFFFFFFFFFFFB0
:102D7000C9F91ABB050000008FB40CC4B32B0000C6
:102D8000B42B0000000000C000000000187FFA44CF
:102D9000B52B0000B62B0000000000C003000000AF
:102DA000641D9DC3B72B0000B82B0000000000C0BD
:102DB00000000000CF4134C4B92B0000BA2B000042
:102DC000000000C0FEFFFFFF000000C0FFFFFFFF8C
:102DD000FFFFFFFF0000008000000000E860C4C4A7
:102DE000BB2B0000BC2B0000000000C00500000051
:102DF00033B7C9C3BD2B0000BE2B0000000000C0CC
:102E0000FEFFFFFF000000C0FFFFFFFFFFFFFFFF0F
:102E100000000080FEFFFFFF000000C0FFFFFFFF7B
:102E2000FFFFFFFF7FA6AF3DFEFFFFFF000000C0DA
:102E3000FFFFFFFFFFFFFFFF000000800400000016
:102E40007ACCB743BF2B0000C02B0000000000C0AD
:102E500003000000ABDE87C3C12B0000C22B0000C3
:102E6000000000C0030000002DF62942C32B000023
:102E7000C42B0000000000C0FEFFFFFF000000C0E8
:102E8000FFFFFFFFFFFFFFFF3368E9BDFEFFFFFF0E
:102E9000000000C0FFFFFFFFFFFFFFFF00000080FA
:102EA000FEFFFFFF000000C0FFFFFFFFFFFFFFFF6F
:102EB00000000080FEFFFFFF000000C0FFFFFFFFDB
:102EC000FFFFFFFF280ACDBDFEFFFFFF000000C08F
:102ED000FFFFFFFFFFFFFFFF2C37123CFEFFFFFF4E
:102EE000000000C0FFFFFFFFFFFFFFFFF8FD96BBE4
:102EF00001000000C4BE8943C62B0000C72B0000A0
:102F0000000000C001000000887D1E43C82B0000A7
:102F1000C92B0000000000C0020000001799D04338
:102F2000CA2B0000CB2B0000000000C005000000F1
:102F3000D5B3DBC2CC2B0000CD2B0000000000C0BD
:102F40000000000088F18142CE2B0000CF2B000052
:102F5000000000C000000000CF414FC4D02B000093
:102F6000D12B0000000000C001000000621F1D44C2
:102F7000D22B0000D32B0000000000C00100000095
:102F80004F10AFC4D42B0000D52B0000000000C0B0
:102F9000020000002E325A43D62B0000D72B00002F
:102FA000000000C005000000BB0EF042D82B00005E
:102FB000D92B0000000000C0FEFFFFFF000000C092
:102FC000FFFFFFFFFFFFFFFF000000800200000087
:102FD000BA79B7C4DA2B0000DB2B0000000000C078
:102FE0000000000031BE0144DC2B0000DD2B00009E
:102FF000000000C0FEFFFFFF000000C0FFFFFFFF5A
:10300000FFFFFFFF000000800000000031BE014410
:10301000DE2B0000DF2B0000000000C0FEFFFFFFE2
:10302000000000C0FFFFFFFFFFFFFFFF0000008068
:10303000FEFFFFFF000000C0FFFFFFFFFFFFFFFFDD
:103040002FCE8ABDFEFFFFFF000000C0FFFFFFFF85
:10305000FFFFFFFFE13F1F3CFEFFFFFF000000C03E
:10306000FFFFFFFFFFFFFFFFD3970FBDFEFFFFFF37
:10307000000000C0FFFFFFFFFFFFFFFFC19D9F3D5E
:10308000FEFFFFFF000000C0FFFFFFFFFFFFFFFF8D
:103090002BEE3B3FFEFFFFFF000000C0FFFFFFFFE6
:1030A000FFFFFFFFA783D3BCFEFFFFFF000000C0B0
:1030B000FFFFFFFFFFFFFFFFDD5EA63DFEFFFFFFFF
:1030C000000000C0FFFFFFFFFFFFFFFF39E1B4BDBD
:1030D000FEFFFFFF000000C0FFFFFFFFFFFFFFFF3D
:1030E00000000080FEFFFFFF000000C0FFFFFFFFA9
:1030F000FFFFFFFFF6652A3EFEFFFFFF000000C056
:10310000FFFFFFFFFFFFFFFF000000800100000046
:10311000D8B76E45E12B0000E22B0000000000C094
:1031200002000000747303C4E32B0000E42B0000D2
:10313000000000C000000000313E5E44E52B0000AE
:10314000E62B0000000000C00100000010FBBA42A6
:10315000E72B0000E82B0000000000C00100000089
:10316000788219C3E92B0000EA2B0000000000C0A0
:1031700002000000E0221341EB2B0000EC2B0000CA
:10318000000000C0FEFFFFFF000000C0FFFFFFFFC8
:10319000FFFFFFFF00000080030000009D3333426B
:1031A000ED2B0000EE2B0000000000C0010000002D
:1031B000C43EA943EF2B0000F02B0000000000C02C
:1031C0000200000046C68344F12B0000F22B0000F1
:1031D000000000C003000000D11128C3F32B000041
:1031E000F42B0000000000C0FEFFFFFF000000C045
:1031F000FFFFFFFFFFFFFFFF8230093EFEFFFFFFE3
:10320000000000C0FFFFFFFFFFFFFFFF0000008086
:10321000FEFFFFFF000000C0FFFFFFFFFFFFFFFFFB
:10322000001E273CFEFFFFFF000000C0FFFFFFFF66
:10323000FFFFFFFF4A38B5BCFEFFFFFF000000C0E4
:10324000FFFFFFFFFFFFFFFF20CB88BDFEFFFFFF5B
:10325000000000C0FFFFFFFFFFFFFFFF79F439BA56
:10326000FEFFFFFF000000C0FFFFFFFFFFFFFFFFAB
:10327000A58553BDFEFFFFFF000000C0FFFFFFFF5D
:10328000FFFFFFFF2E7FB43CFEFFFFFF000000C0EA
:10329000FFFFFFFFFFFFFFFFC2085ABDFEFFFFFF5A
:1032A000000000C0FFFFFFFFFFFFFFFF92D0863C42
:1032B00004000000CA8C0B42F62B0000F72B000024
:1032C000000000C00200000046A68144F82B000068
:1032D000F92B0000000000C00200000046A6814457
:1032E000FA2B0000FB2B0000000000C004000000CF
:1032F0003F2A88C2FC2B0000FD2B0000000000C00C
:103300000200000023B30845FE2B0000FF2B000045
:10331000000000C005000000381430C0002C000080
:10332000012C0000000000C005000000D85B2A430B
:10333000022C0000032C0000000000C0FEFFFFFF75
:10334000000000C0FFFFFFFFFFFFFFFF73769ABD85
:1033500001000000C4BEE743042C0000052C00005F
:10336000000000C005000000C4ED6C43062C000006
:10337000072C0000000000C0FEFFFFFF000000C09F
:10338000FFFFFFFFFFFFFFFF0000008001000000C4
:10339000887D7243082C0000092C0000000000C04A
:1033A00005000000B60797410A2C00000B2C000016
:1033B000000000C0FEFFFFFF000000C0FFFFFFFF96
:1033C000FFFFFFFF22BE1FBEFEFFFFFF000000C089
:1033D000FFFFFFFFFFFFFFFF00000080FEFFFFFF7A
:1033E000000000C0FFFFFFFFFFFFFFFF144E53BCB4
:1033F000FEFFFFFF000000C0FFFFFFFFFFFFFFFF1A
:103400006AFB663CFEFFFFFF000000C0FFFFFFFFFE
:10341000FFFFFFFFC18D833DFEFFFFFF000000C0E7
:10342000FFFFFFFFFFFFFFFF00000080FEFFFFFF29
:10343000000000C0FFFFFFFFFFFFFFFF0000008054
:10344000FEFFFFFF000000C0FFFFFFFFFFFFFFFFC9
:1034500082DED6BDFEFFFFFF000000C0FFFFFFFFC2
:10346000FFFFFFFF8289FA3DFEFFFFFF000000C063
:10347000FFFFFFFFFFFFFFFF0000008001000000D3
:103480003C418EC30D2C00000E2C0000000000C03B
:1034900005000000257C6FC20F2C0000102C0000DE
:1034A000000000C00500000044B31E41112C0000C4
:1034B000122C0000000000C0010000009EA009C402
:1034C000132C0000142C0000000000C003000000BA
:1034D0001261E2C2152C0000162C0000000000C092
:1034E00003000000A0066040172C0000182C00000C
:1034F000000000C001000000C4BEBB43192C000046
:103500001A2C0000000000C0FEFFFFFF000000C0FA
:10351000FFFFFFFFFFFFFFFF0E5B04BEFEFFFFFF8D
:10352000000000C0FFFFFFFFFFFFFFFF0000008063
:1035300005000000EAD684C01B2C00001C2C0000F3
:10354000000000C00300000096F6E8411D2C0000BA
:103550001E2C0000000000C004000000BA3EFBC2A8
:103560001F2C0000202C0000000000C005000000FF
:10357000381430C0212C0000222C0000000000C0B4
:10358000040000006CBDB141232C0000242C00007D
:10359000000000C0030000004B7B0242252C00000D
:1035A000262C0000000000C0FEFFFFFF000000C04E
:1035B000FFFFFFFFFFFFFFFF1A6F2BBCFEFFFFFFA8
:1035C000000000C0FFFFFFFFFFFFFFFF398F273E16
:1035D000FEFFFFFF000000C0FFFFFFFFFFFFFFFF38
:1035E0002EF028BBFEFFFFFF000000C0FFFFFFFF23
:1035F000FFFFFFFFC9E0593DFEFFFFFF000000C0D5
:10360000FFFFFFFFFFFFFFFF595FBD3DFEFFFFFF15
:10361000000000C0FFFFFFFFFFFFFFFFDCF4CABC9C
:10362000FEFFFFFF000000C0FFFFFFFFFFFFFFFFE7
:103630002FE63B3CFEFFFFFF000000C0FFFFFFFF47
:10364000FFFFFFFFA983303EFEFFFFFF000000C029
:10365000FFFFFFFFFFFFFFFF1595BEBDFEFFFFFF52
:10366000000000C0FFFFFFFFFFFFFFFF0000008022
:10367000FEFFFFFF000000C0FFFFFFFFFFFFFFFF97
:1036800068A0E43CFEFFFFFF000000C0FFFFFFFF5B
:10369000FFFFFFFFF77615BD04000000261C1A424D
:1036A000282C0000292C0000000000C003000000AE
:1036B0001261E2C22A2C00002B2C0000000000C086
:1036C0000300000032E690C22C2C00002D2C0000DC
:1036D000000000C0020000002E3244432E2C0000E7
:1036E0002F2C0000000000C000000000C4F87C4344
:1036F000302C0000312C0000000000C0040000004D
:1037000047111143322C0000332C0000000000C090
:1037100004000000D4632F42342C0000352C00003C
:10372000000000C0030000006B6B3DC3362C00009E
:10373000372C0000000000C0000000009E03E5C31D
:10374000382C0000392C0000000000C004000000EC
:10375000436184413A2C00003B2C0000000000C073
:10376000030000008E758AC23C2C00003D2C000036
:10377000000000C004000000D46328423E2C00007A
:103780003F2C0000000000C0FEFFFFFF000000C053
:10379000FFFFFFFFFFFFFFFF0000008003000000AE
:1037A00011144EC2402C0000412C0000000000C04B
:1037B000020000008C4C1544422C0000432C0000F9
:1037C000000000C0FEFFFFFF000000C0FFFFFFFF82
:1037D000FFFFFFFF00000080FEFFFFFF000000C0B2
:1037E000FFFFFFFFFFFFFFFF7884BD3DFEFFFFFFF0
:1037F000000000C0FFFFFFFFFFFFFFFF0000008091
:10380000FEFFFFFF000000C0FFFFFFFFFFFFFFFF05
:1038100050BC0CBEFEFFFFFF000000C0FFFFFFFF1B
:10382000FFFFFFFF18CC063CFEFFFFFF000000C0BB
:10383000FFFFFFFFFFFFFFFF802E1DBDFEFFFFFF0D
:10384000000000C0FFFFFFFFFFFFFFFF0000008040
:10385000FEFFFFFF000000C0FFFFFFFFFFFFFFFFB5
:10386000B70ECDBDFEFFFFFF000000C0FFFFFFFF52
:10387000FFFFFFFF00000080FEFFFFFF000000C011
:10388000FFFFFFFFFFFFFFFF59B5133EFEFFFFFFE6
:10389000000000C0FFFFFFFFFFFFFFFF00000080F0
:1038A000FEFFFFFF000000C0FFFFFFFFFFFFFFFF65
:1038B000AFA2323EFEFFFFFF000000C0FFFFFFFF90
:1038C000FFFFFFFF00000080FEFFFFFF000000C0C1
:1038D000FFFFFFFFFFFFFFFFEB1FF7BD0100000031
:1038E000B1EFEF44452C0000462C0000000000C062
:1038F0000100000040ECD341472C0000482C0000A0
:10390000000000C00500000071E195C3492C0000D3
:103910004A2C0000000000C004000000157E07C310
:103920004B2C00004C2C0000000000C004000000E4
:1039300000502CC34D2C00004E2C0000000000C095
:1039400001000000D84708454F2C0000502C000013
:10395000000000C005000000D8DB2D43512C000002
:10396000522C0000000000C005000000A6E0B2429A
:10397000532C0000542C0000000000C00200000086
:103980002E325343552C0000562C0000000000C07E
:1039900002000000A49BF9C2572C0000582C000024
:1039A000000000C004000000FAA898C1592C0000D3
:1039B0005A2C0000000000C0FEFFFFFF000000C006
:1039C000FFFFFFFFFFFFFFFF00000080FEFFFFFF84
:1039D000000000C0FFFFFFFFFFFFFFFF6B357DBD55
:1039E00002000000BA59ACC45B2C00005C2C000043
:1039F000000000C0FEFFFFFF000000C0FFFFFFFF50
:103A0000FFFFFFFF00000080FEFFFFFF000000C07F
:103A1000FFFFFFFFFFFFFFFFAD5D1CBCFEFFFFFFD1
:103A2000000000C0FFFFFFFFFFFFFFFFA10A823D74
:103A3000FEFFFFFF000000C0FFFFFFFFFFFFFFFFD3
:103A40006790A1BCFEFFFFFF000000C0FFFFFFFF6B
:103A5000FFFFFFFF6AC7A03CFEFFFFFF000000C0A2
:103A6000FFFFFFFFFFFFFFFF85EA7EBCFEFFFFFFBA
:103A7000000000C0FFFFFFFFFFFFFFFF213B45BE2F
:103A8000FEFFFFFF000000C0FFFFFFFFFFFFFFFF83
:103A9000F3015B3CFEFFFFFF000000C0FFFFFFFFE4
:103AA000FFFFFFFF0D5881BCFEFFFFFF000000C0BD
:103AB000FFFFFFFFFFFFFFFF00000080FEFFFFFF93
:103AC000000000C0FFFFFFFFFFFFFFFF3B22053E9E
:103AD00003000000A7D9A4435E2C00005F2C000067
:103AE000000000C001000000C4BE9543602C00002F
:103AF000612C0000000000C001000000D8B76E4536
:103B0000622C0000632C0000000000C003000000D5
:103B10006E9AAD41642C0000652C0000000000C0CE
:103B200005000000A100D4C2662C0000672C000034
:103B3000000000C005000000C4ED3443682C000004
:103B4000692C0000000000C000000000CF812EC4DE
:103B50006A2C00006B2C0000000000C00100000077
:103B600010FBE2426C2C00006D2C0000000000C035
:103B700000000000C4F851436E2C00006F2C0000C0
:103B8000000000C0050000006476F5C2702C000043
:103B9000712C0000000000C000000000185FA1446C
:103BA000722C0000732C0000000000C00100000017
:103BB0004F10A5C4742C0000752C0000000000C03C
:103BC000000000009E03CAC3762C0000772C000082
:103BD000000000C0FEFFFFFF000000C0FFFFFFFF6E
:103BE000FFFFFFFF9187C9BDFEFFFFFF000000C080
:103BF000FFFFFFFFFFFFFFFF00000080FEFFFFFF52
:103C0000000000C0FFFFFFFFFFFFFFFF0975C93A7B
:103C1000FEFFFFFF000000C0FFFFFFFFFFFFFFFFF1
:103C20004031AC3DFEFFFFFF000000C0FFFFFFFF83
:103C3000FFFFFFFF5FB7A83BFEFFFFFF000000C0D4
:103C4000FFFFFFFFFFFFFFFF709373BDFEFFFFFF4E
:103C5000000000C0FFFFFFFFFFFFFFFF000000802C
:103C6000FEFFFFFF000000C0FFFFFFFFFFFFFFFFA1
:103C70002DBC873EFEFFFFFF000000C0FFFFFFFFDF
:103C8000FFFFFFFFF09BA8BDFEFFFFFF000000C08D
:103C9000FFFFFFFFFFFFFFFF00000080FEFFFFFFB1
:103CA000000000C0FFFFFFFFFFFFFFFF00000080DC
:103CB000FEFFFFFF000000C0FFFFFFFFFFFFFFFF51
:103CC000BC3EA83DFEFFFFFF000000C0FFFFFFFF5E
:103CD000FFFFFFFF00000080FEFFFFFF000000C0AD
:103CE000FFFFFFFFFFFFFFFFFFF072BD05000000B9
:103CF00033B7C9C3792C00007A2C0000000000C043
:103D000003000000265396C37B2C00007C2C00008F
:103D1000000000C0010000003CC195C37D2C0000E4
:103D20007E2C0000000000C00000000062FCFF4389
:103D30007F2C0000802C0000000000C00300000069
:103D4000B58407C2812C0000822C0000000000C056
:103D500003000000BB078743832C0000842C000075
:103D6000000000C000000000C4F85743852C00008C
:103D7000862C0000000000C001000000288828C533
:103D8000872C0000882C0000000000C00500000007
:103D90008FB40CC4892C00008A2C0000000000C0E5
:103DA0000000000018FF99448B2C00008C2C0000B0
:103DB000000000C0FEFFFFFF000000C0FFFFFFFF8C
:103DC000FFFFFFFF0000008000000000E880F0C45B
:103DD0008D2C00008E2C0000000000C001000000AF
:103DE0004F10AFC48F2C0000902C0000000000C0CA
:103DF00001000000C4BE9E43912C0000922C0000E4
:103E0000000000C003000000402D21BF932C0000E3
:103E1000942C0000000000C0FEFFFFFF000000C067
:103E2000FFFFFFFFFFFFFFFF00000080FEFFFFFF1F
:103E3000000000C0FFFFFFFFFFFFFFFFDF85ADBDFC
:103E4000FEFFFFFF000000C0FFFFFFFFFFFFFFFFBF
:103E500000000080FEFFFFFF000000C0FFFFFFFF2B
:103E6000FFFFFFFF8024BD3DFEFFFFFF000000C0FD
:103E7000FFFFFFFFFFFFFFFF1BD62E3EFEFFFFFFF2
:103E8000000000C0FFFFFFFFFFFFFFFF00000080FA
:103E9000FEFFFFFF000000C0FFFFFFFFFFFFFFFF6F
:103EA00063D5753CFEFFFFFF000000C0FFFFFFFF72
:103EB000FFFFFFFF452070BDFEFFFFFF000000C0B9
:103EC000FFFFFFFFFFFFFFFF00000080FEFFFFFF7F
:103ED000000000C0FFFFFFFFFFFFFFFF0DA36E3DCF
:103EE000FEFFFFFF000000C0FFFFFFFFFFFFFFFF1F
:103EF000A8A1EF3BFEFFFFFF000000C0FFFFFFFF98
:103F0000FFFFFFFF2BF7E6BCFEFFFFFF000000C036
:103F1000FFFFFFFFFFFFFFFF5AB3C1BCFEFFFFFF24
:103F2000000000C0FFFFFFFFFFFFFFFFD3ECFC3CE2
:103F3000050000001BA560C2962C0000972C000015
:103F4000000000C000000000C4F85743982C000097
:103F5000992C0000000000C004000000DAE320C239
:103F60009A2C00009B2C0000000000C0FEFFFFFF09
:103F7000000000C0FFFFFFFFFFFFFFFF73E1AFBDC9
:103F8000020000008C4C4C449C2C00009D2C000036
:103F9000000000C00200000046468B449E2C00003A
:103FA0009F2C0000000000C00500000034EB3143EE
:103FB000A02C0000A12C0000000000C0FEFFFFFFAD
:103FC000000000C0FFFFFFFFFFFFFFFF00000080B9
:103FD00005000000AC57CAC2A22C0000A32C0000B0
:103FE000000000C005000000DB830342A42C000099
:103FF000A52C0000000000C002000000230325459E
:10400000A62C0000A72C0000000000C0000000004B
:10401000C4F80C43A82C0000A92C0000000000C02C
:1040200004000000261C1A42AA2C0000AB2C000041
:10403000000000C0FEFFFFFF000000C0FFFFFFFF09
:10404000FFFFFFFFD56601BEFEFFFFFF000000C0BF
:10405000FFFFFFFFFFFFFFFF00000080FEFFFFFFED
:10406000000000C0FFFFFFFFFFFFFFFF98601BBBCA
:10407000FEFFFFFF000000C0FFFFFFFFFFFFFFFF8D
:104080007332E3BDFEFFFFFF000000C0FFFFFFFF34
:10409000FFFFFFFF9AEB7F3DFEFFFFFF000000C028
:1040A000FFFFFFFFFFFFFFFF00000080FEFFFFFF9D
:1040B000000000C0FFFFFFFFFFFFFFFF00000080C8
:1040C000FEFFFFFF000000C0FFFFFFFFFFFFFFFF3D
:1040D000F33AEC3CFEFFFFFF000000C0FFFFFFFFD4
:1040E000FFFFFFFF1CE2D2BDFEFFFFFF000000C08C
:1040F000FFFFFFFFFFFFFFFF000000800000000048
:10410000627CC143AD2C0000AE2C0000000000C05A
:1041100005000000DD9A3FC2AF2C0000B02C00006B
:10412000000000C001000000887D7F43B12C00002A
:10413000B22C0000000000C00100000062DF5B4400
:10414000B32C0000B42C0000000000C004000000EC
:10415000B8CE0143B52C0000B62C0000000000C012
:10416000050000002D8A4FC1B72C0000B82C0000BC
:10417000000000C0040000001DE5F542B92C00005D
:10418000BA2C0000000000C0040000001D2900C07F
:10419000BB2C0000BC2C0000000000C0050000008B
:1041A000773453C2BD2C0000BE2C0000000000C0BC
:1041B000010000004F708BC4BF2C0000C02C000019
:1041C000000000C001000000621F0744C12C000075
:1041D000C22C0000000000C0FEFFFFFF000000C076
:1041E000FFFFFFFFFFFFFFFF095495BC0500000024
:1041F00056986842C32C0000C42C0000000000C088
:10420000050000007A1C3CC3C52C0000C62C000031
:10421000000000C0FEFFFFFF000000C0FFFFFFFF27
:10422000FFFFFFFF00000080FEFFFFFF000000C057
:10423000FFFFFFFFFFFFFFFFEB83883DFEFFFFFF58
:10424000000000C0FFFFFFFFFFFFFFFF0000008036
:10425000FEFFFFFF000000C0FFFFFFFFFFFFFFFFAB
:104260009FA6CABDFEFFFFFF000000C0FFFFFFFFCB
:10427000FFFFFFFF00000080FEFFFFFF000000C007
:10428000FFFFFFFFFFFFFFFF031CB53DFEFFFFFF2A
:10429000000000C0FFFFFFFFFFFFFFFFFA0475BC37
:1042A000FEFFFFFF000000C0FFFFFFFFFFFFFFFF5B
:1042B000766B663EFEFFFFFF000000C0FFFFFFFFC2
:1042C000FFFFFFFF00000080FEFFFFFF000000C0B7
:1042D000FFFFFFFFFFFFFFFF706B9D3DFEFFFFFF36
:1042E000000000C0FFFFFFFFFFFFFFFF0000008096
:1042F000FEFFFFFF000000C0FFFFFFFFFFFFFFFF0B
:1043000000000080FEFFFFFF000000C0FFFFFFFF76
:10431000FFFFFFFF62B405BE020000008C8C2E443C
:10432000C82C0000C92C0000000000C003000000E1
:10433000DEE003C2CA2C0000CB2C0000000000C04D
:104340000300000082513BC2CC2C0000CD2C0000A9
:10435000000000C00300000032E690C2CE2C000036
:10436000CF2C0000000000C003000000F9CBC6C144
:10437000D02C0000D12C0000000000C00400000080
:1043800082AB7C42D22C0000D32C0000000000C085
:10439000050000005FBD06C1D42C0000D52C000034
:1043A000000000C004000000594F1E42D62C00003F
:1043B000D72C0000000000C004000000B49EDA41C9
:1043C000D82C0000D92C0000000000C0050000001F
:1043D000DB830342DA2C0000DB2C0000000000C06D
:1043E00004000000725DE0C2DC2C0000DD2C000047
:1043F000000000C0FEFFFFFF000000C0FFFFFFFF46
:10440000FFFFFFFF94C20BBEFEFFFFFF000000C0D6
:10441000FFFFFFFFFFFFFFFF00000080050000001F
:10442000257C6FC2DE2C0000DF2C0000000000C0E5
:10443000050000002845ED41E02C0000E12C0000C3
:10444000000000C0FEFFFFFF000000C0FFFFFFFFF5
:10445000FFFFFFFFC0569BBCFEFFFFFF000000C038
:10446000FFFFFFFFFFFFFFFF62E8BE3DFEFFFFFF14
:10447000000000C0FFFFFFFFFFFFFFFFE5FA983DD0
:10448000FEFFFFFF000000C0FFFFFFFFFFFFFFFF79
:1044900000000080FEFFFFFF000000C0FFFFFFFFE5
:1044A000FFFFFFFF25F802BEFEFFFFFF000000C078
:1044B000FFFFFFFFFFFFFFFF00000080FEFFFFFF89
:1044C000000000C0FFFFFFFFFFFFFFFF72997EBDEE
:1044D000FEFFFFFF000000C0FFFFFFFFFFFFFFFF29
:1044E000778DB33BFEFFFFFF000000C0FFFFFFFF23
:1044F000FFFFFFFF00000080FEFFFFFF000000C085
:10450000FFFFFFFFFFFFFFFF30BD32BEFEFFFFFFDB
:10451000000000C0FFFFFFFFFFFFFFFF84B4883DE6
:10452000FEFFFFFF000000C0FFFFFFFFFFFFFFFFD8
:10453000C0E523BC01000000788253C3E32C0000D7
:10454000E42C0000000000C0030000000CA4A44202
:10455000E52C0000E62C0000000000C00100000077
:10456000C43E8343E72C0000E82C0000000000C09C
:1045700000000000E8C0B2C4E92C0000EA2C0000F2
:10458000000000C0050000009B112043EB2C000040
:10459000EC2C0000000000C000000000313E15447B
:1045A000ED2C0000EE2C0000000000C00300000015
:1045B00006524943EF2C0000F02C0000000000C020
:1045C00003000000506B9AC2F12C0000F22C000096
:1045D000000000C005000000DF8AE3C2F32C0000E9
:1045E000F42C0000000000C00500000071E195C33C
:1045F000F52C0000F62C0000000000C0FEFFFFFFBD
:10460000000000C0FFFFFFFFFFFFFFFF0000008072
:1046100001000000887D3743F72C0000F82C0000D3
:10462000000000C00300000096F6E841F92C0000ED
:10463000FA2C0000000000C005000000DB830342EC
:10464000FB2C0000FC2C0000000000C0000000005B
:10465000CF414FC4FD2C0000FE2C0000000000C024
:10466000FEFFFFFF000000C0FFFFFFFFFFFFFFFF97
:1046700000000080FEFFFFFF000000C0FFFFFFFF03
:10468000FFFFFFFF2C33CE3DFEFFFFFF000000C009
:10469000FFFFFFFFFFFFFFFFA8D1083CFEFFFFFF6A
:1046A000000000C0FFFFFFFFFFFFFFFFA492AABCB6
:1046B000FEFFFFFF000000C0FFFFFFFFFFFFFFFF47
:1046C00000000080FEFFFFFF000000C0FFFFFFFFB3
:1046D000FFFFFFFF07E295BDFEFFFFFF000000C0E8
:1046E000FFFFFFFFFFFFFFFFF8BB9CBBFEFFFFFFCD
:1046F000000000C0FFFFFFFFFFFFFFFFDC41023DA6
:10470000FEFFFFFF000000C0FFFFFFFFFFFFFFFFF6
:104710004F608A3DFEFFFFFF000000C0FFFFFFFF6C
:10472000FFFFFFFF00000080FEFFFFFF000000C052
:10473000FFFFFFFFFFFFFFFFBAE3653BFEFFFFFF49
:10474000000000C0FFFFFFFFFFFFFFFF155582BD08
:10475000FEFFFFFF000000C0FFFFFFFFFFFFFFFFA6
:1047600034178BBDFEFFFFFF000000C0FFFFFFFFFF
:10477000FFFFFFFFB6C0313D040000006F9DE74220
:10478000002D0000012D0000000000C0030000000B
:104790004068B33E022D0000032D0000000000C061
:1047A00000000000E8A0DAC4042D0000052D000080
:1047B000000000C003000000787A48C2062D000007
:1047C000072D0000000000C00300000040938D434F
:1047D000082D0000092D0000000000C0FEFFFFFFB3
:1047E000000000C0FFFFFFFFFFFFFFFF8519803BB8
:1047F0000300000076CF50430A2D00000B2D00006F
:10480000000000C00000000062FC94430C2D00007A
:104810000D2D0000000000C0040000004361844131
:104820000E2D00000F2D0000000000C00000000051
:10483000CFC10AC4102D0000112D0000000000C0DF
:104840000500000046F1EBC2122D0000132D000000
:10485000000000C003000000908FD942142D00001A
:10486000152D0000000000C00500000046696CC363
:10487000162D0000172D0000000000C0FEFFFFFFF6
:10488000000000C0FFFFFFFFFFFFFFFF4374B1BC4C
:10489000FEFFFFFF000000C0FFFFFFFFFFFFFFFF65
:1048A00036E6F23CFEFFFFFF000000C0FFFFFFFF07
:1048B000FFFFFFFF1072923DFEFFFFFF000000C0F0
:1048C000FFFFFFFFFFFFFFFF00000080FEFFFFFF75
:1048D000000000C0FFFFFFFFFFFFFFFF723FEDBDC5
:1048E000FEFFFFFF000000C0FFFFFFFFFFFFFFFF15
:1048F00000000080FEFFFFFF000000C0FFFFFFFF81
:10490000FFFFFFFF00000080FEFFFFFF000000C070
:10491000FFFFFFFFFFFFFFFF36F39D3DFEFFFFFFA1
:10492000000000C0FFFFFFFFFFFFFFFFAABAC0BCEF
:10493000FEFFFFFF000000C0FFFFFFFFFFFFFFFFC4
:104940001AC01F3DFEFFFFFF000000C0FFFFFFFF7A
:10495000FFFFFFFF00000080FEFFFFFF000000C020
:10496000FFFFFFFFFFFFFFFFFFDCD3BD03000000E1
:104970007466BE43192D00001A2D0000000000C00F
:1049800004000000909904411B2D00001C2D000024
:10499000000000C0000000003C074AC31D2D0000BD
:1049A0001E2D0000000000C00300000011144EC2C4
:1049B0001F2D0000202D0000000000C0030000009B
:1049C000D656ACC2212D0000222D0000000000C0F0
:1049D00000000000749010C5232D0000242D00005D
:1049E000000000C004000000C2655843252D0000EF
:1049F000262D0000000000C004000000B77097C022
:104A0000272D0000282D0000000000C0030000003A
:104A1000B67BF241292D00002A2D0000000000C0C5
:104A200001000000788228C32B2D00002C2D0000EF
:104A3000000000C004000000F408B0422D2D00006A
:104A40002E2D0000000000C0FEFFFFFF000000C090
:104A5000FFFFFFFFFFFFFFFFB007C4BBFEFFFFFF2D
:104A6000000000C0FFFFFFFFFFFFFFFF3C16383DC7
:104A70000000000018DF91442F2D0000302D0000B1
:104A8000000000C0FEFFFFFF000000C0FFFFFFFFAF
:104A9000FFFFFFFF00000080FEFFFFFF000000C0DF
:104AA000FFFFFFFFFFFFFFFF295B483DFEFFFFFF0A
:104AB000000000C0FFFFFFFFFFFFFFFFC56EA0BDAE
:104AC000FEFFFFFF000000C0FFFFFFFFFFFFFFFF33
:104AD00071682FBDFEFFFFFF000000C0FFFFFFFF5A
:104AE000FFFFFFFF00000080FEFFFFFF000000C08F
:104AF000FFFFFFFFFFFFFFFF00000080FEFFFFFF43
:104B0000000000C0FFFFFFFFFFFFFFFF90E128BD97
:104B1000FEFFFFFF000000C0FFFFFFFFFFFFFFFFE2
:104B2000CB872E3DFEFFFFFF000000C0FFFFFFFF11
:104B3000FFFFFFFF00000080FEFFFFFF000000C03E
:104B4000FFFFFFFFFFFFFFFF18FD0FBEFEFFFFFF90
:104B5000000000C0FFFFFFFFFFFFFFFF000000801D
:104B600001000000F004C3C2322D0000332D00000C
:104B7000000000C00400000007974F42342D0000E1
:104B8000352D0000000000C00400000065468F4283
:104B9000362D0000372D0000000000C0040000008A
:104BA00072EB9F40382D0000392D0000000000C03E
:104BB000020000008C4C58443A2D00003B2D0000B0
:104BC000000000C0040000002C9C0BC23C2D000023
:104BD0003D2D0000000000C001000000887D5A4308
:104BE0003E2D00003F2D0000000000C0020000002C
:104BF0008C8C3E44402D0000412D0000000000C080
:104C0000000000003C0716C3422D0000432D0000A9
:104C1000000000C0000000009E038FC3442D000070
:104C2000452D0000000000C0FEFFFFFF000000C097
:104C3000FFFFFFFFFFFFFFFF0000008001000000FB
:104C4000B1EF9644462D0000472D0000000000C043
:104C50000000000062FC8043482D0000492D000048
:104C6000000000C0FEFFFFFF000000C0FFFFFFFFCD
:104C7000FFFFFFFF0000008001000000B18FC14472
:104C80004A2D00004B2D0000000000C0FEFFFFFF7A
:104C9000000000C0FFFFFFFFFFFFFFFF9249F2BCD3
:104CA000FEFFFFFF000000C0FFFFFFFFFFFFFFFF51
:104CB000C037353DFEFFFFFF000000C0FFFFFFFFD4
:104CC000FFFFFFFF00000080FEFFFFFF000000C0AD
:104CD000FFFFFFFFFFFFFFFF417EA2BDFEFFFFFFC3
:104CE000000000C0FFFFFFFFFFFFFFFF000000808C
:104CF000FEFFFFFF000000C0FFFFFFFFFFFFFFFF01
:104D00006BDAD13DFEFFFFFF000000C0FFFFFFFF99
:104D1000FFFFFFFFF12FBEBAFEFFFFFF000000C044
:104D2000FFFFFFFFFFFFFFFF6A6CD6BDFEFFFFFF27
:104D3000000000C0FFFFFFFFFFFFFFFFDEE34D3A73
:104D4000FEFFFFFF000000C0FFFFFFFFFFFFFFFFB0
:104D5000731A603DFEFFFFFF000000C0FFFFFFFF72
:104D6000FFFFFFFF819210BEFEFFFFFF000000C0AB
:104D7000FFFFFFFFFFFFFFFF0000008005000000B6
:104D80000AD387434D2D00004E2D0000000000C0C7
:104D9000040000004A2107C24F2D0000502D0000E2
:104DA000000000C000000000CF4144C4512D0000AD
:104DB000522D0000000000C0000000003C0710C39E
:104DC000532D0000542D0000000000C0050000001D
:104DD0000217C8C1552D0000562D0000000000C06C
:104DE000FEFFFFFF000000C0FFFFFFFFFFFFFFFF10
:104DF00000000080FEFFFFFF000000C0FFFFFFFF7C
:104E0000FFFFFFFFA6249A3D0500000006F72DC214
:104E1000572D0000582D0000000000C001000000C8
:104E200010FBB242592D00005A2D0000000000C0B6
:104E3000040000001D2900C05B2D00005C2D000057
:104E4000000000C005000000DB8357425D2D00001C
:104E50005E2D0000000000C0FEFFFFFF000000C04C
:104E6000FFFFFFFFFFFFFFFF00000080FEFFFFFFCF
:104E7000000000C0FFFFFFFFFFFFFFFFDC3986BD22
:104E8000FEFFFFFF000000C0FFFFFFFFFFFFFFFF6F
:104E900097B6F33CFEFFFFFF000000C0FFFFFFFFDF
:104EA000FFFFFFFFBE2262BCFEFFFFFF000000C04D
:104EB000FFFFFFFFFFFFFFFF0C0A833CFEFFFFFF2A
:104EC000000000C0FFFFFFFFFFFFFFFFDC921CBDE3
:104ED000FEFFFFFF000000C0FFFFFFFFFFFFFFFF1F
:104EE00007BC113DFEFFFFFF000000C0FFFFFFFFFA
:104EF000FFFFFFFF483603BC03000000FC6E35C116
:104F0000602D0000612D0000000000C004000000C2
:104F1000510AB9C0622D0000632D0000000000C0DE
:104F20000400000000502CC3642D0000652D00001B
:104F3000000000C0050000004021BFC1662D000038
:104F4000672D0000000000C0050000002D8A4FC141
:104F5000682D0000692D0000000000C0FEFFFFFF6B
:104F6000000000C0FFFFFFFFFFFFFFFFF0EC89BD67
:104F7000040000005D3D90406A2D00006B2D000094
:104F8000000000C004000000E0A369C16C2D000017
:104F90006D2D0000000000C0040000009E198AC1B1
:104FA0006E2D00006F2D0000000000C00500000005
:104FB000AA6711C2702D0000712D0000000000C012
:104FC00003000000428F44C3722D0000732D0000C7
:104FD000000000C004000000E0A315C1742D000013
:104FE000752D0000000000C005000000E49194C190
:104FF000762D0000772D0000000000C0FEFFFFFFAF
:10500000000000C0FFFFFFFFFFFFFFFF326B883D86
:10501000FEFFFFFF000000C0FFFFFFFFFFFFFFFFDD
:10502000CFEF06BDFEFFFFFF000000C0FFFFFFFF48
:10503000FFFFFFFFA1E8DBBDFEFFFFFF000000C098
:10504000FFFFFFFFFFFFFFFF00000080FEFFFFFFED
:10505000000000C0FFFFFFFFFFFFFFFF5D0B673990
:10506000FEFFFFFF000000C0FFFFFFFFFFFFFFFF8D
:105070003DEDD3BDFEFFFFFF000000C0FFFFFFFFBF
:10508000FFFFFFFF752C82BDFEFFFFFF000000C089
:10509000FFFFFFFFFFFFFFFF8EADFB3CFEFFFFFFAB
:1050A000000000C0FFFFFFFFFFFFFFFF049A343C3A
:1050B000FEFFFFFF000000C0FFFFFFFFFFFFFFFF3D
:1050C000B6438F3DFEFFFFFF000000C0FFFFFFFF64
:1050D000FFFFFFFFF724623BFEFFFFFF000000C061
:1050E000FFFFFFFFFFFFFFFF1FDF53BD05000000B5
:1050F000364AB7C1792D00007A2D0000000000C0AB
:1051000000000000408C6F417B2D00007C2D0000D2
:10511000000000C000000000CF4117C47D2D00003A
:105120007E2D0000000000C0020000001799BA4365
:105130007F2D0000802D0000000000C00200000054
:105140001719B343812D0000822D0000000000C01C
:105150000500000037132742832D0000842D000036
:10516000000000C0010000003C41AEC3852D0000DE
:10517000862D0000000000C0010000009E2077C4C2
:10518000872D0000882D0000000000C002000000F4
:105190008C4C1D44892D00008A2D0000000000C0A9
:1051A00000000000181FB5448B2D00008C2D00005E
:1051B000000000C001000000629F48448D2D0000E7
:1051C0008E2D0000000000C0010000004F10A5C49B
:1051D0008F2D0000902D0000000000C00500000091
:1051E000C7D57842912D0000922D0000000000C02C
:1051F000000000009E83EAC3932D0000942D000060
:10520000000000C001000000788208C3952D000056
:10521000962D0000000000C0FEFFFFFF000000C050
:10522000FFFFFFFFFFFFFFFF956CEA3AFEFFFFFF66
:10523000000000C0FFFFFFFFFFFFFFFFACC381BD09
:10524000FEFFFFFF000000C0FFFFFFFFFFFFFFFFAB
:105250001E7DFD3CFEFFFFFF000000C0FFFFFFFFC3
:10526000FFFFFFFF801726BDFEFFFFFF000000C00D
:10527000FFFFFFFFFFFFFFFFB25D3E3DFEFFFFFFB1
:10528000000000C0FFFFFFFFFFFFFFFF00000080E6
:10529000FEFFFFFF000000C0FFFFFFFFFFFFFFFF5B
:1052A0000BF2B2BDFEFFFFFF000000C0FFFFFFFFDB
:1052B000FFFFFFFF00000080FEFFFFFF000000C0B7
:1052C000FFFFFFFFFFFFFFFF00000080FEFFFFFF6B
:1052D000000000C0FFFFFFFFFFFFFFFF23DCDF3DFB
:1052E000FEFFFFFF000000C0FFFFFFFFFFFFFFFF0B
:1052F0001F6E6EBDFEFFFFFF000000C0FFFFFFFF3F
:10530000FFFFFFFFF5FB593CFEFFFFFF000000C061
:10531000FFFFFFFFFFFFFFFF00000080FEFFFFFF1A
:10532000000000C0FFFFFFFFFFFFFFFFE9B780BDE8
:10533000FEFFFFFF000000C0FFFFFFFFFFFFFFFFBA
:10534000FEF90B3DFEFFFFFF000000C0FFFFFFFF67
:10535000FFFFFFFFD137993A040000003E362A4490
:10536000982D0000992D0000000000C002000000F0
:10537000BAB9A2C49A2D00009B2D0000000000C005
:105380000500000000A48CC39C2D00009D2D000092
:10539000000000C001000000621F04449E2D0000B8
:1053A0009F2D0000000000C004000000D68383424F
:1053B000A02D0000A12D0000000000C0FEFFFFFF97
:1053C000000000C0FFFFFFFFFFFFFFFF00000080A5
:1053D000FEFFFFFF000000C0FFFFFFFFFFFFFFFF1A
:1053E0006674B6BD040000001426AA43A22D000076
:1053F000A32D0000000000C0040000001D65BA429B
:10540000A42D0000A52D0000000000C00400000035
:10541000338376C3A62D0000A72D0000000000C036
:1054200001000000C4BEDE43A82D0000A92D00002D
:10543000000000C0FEFFFFFF000000C0FFFFFFFFF5
:10544000FFFFFFFF4551DC3DFEFFFFFF000000C0F6
:10545000FFFFFFFFFFFFFFFFA5EA653CFEFFFFFF29
:10546000000000C0FFFFFFFFFFFFFFFF0000008004
:10547000FEFFFFFF000000C0FFFFFFFFFFFFFFFF79
:10548000739151BDFEFFFFFF000000C0FFFFFFFF53
:10549000FFFFFFFFEF6C6ABCFEFFFFFF000000C0D4
:1054A000FFFFFFFFFFFFFFFF0922803CFEFFFFFF22
:1054B000000000C0FFFFFFFFFFFFFFFF461309BD15
:1054C000FEFFFFFF000000C0FFFFFFFFFFFFFFFF29
:1054D0000000008000000000780EC2C2AB2D00006A
:1054E000AC2D0000000000C0020000002E323E4340
:1054F000AD2D0000AE2D0000000000C00300000034
:1055000068B3A842AF2D0000B02D0000000000C01D
:105510000300000006125943B12D0000B22D000017
:10552000000000C00500000063383641B32D0000C4
:10553000B42D0000000000C003000000E514244268
:10554000B52D0000B62D0000000000C005000000D1
:10555000C3118F43B72D0000B82D0000000000C01C
:10556000050000000270DD42B92D0000BA2D0000D8
:10557000000000C00500000006A95F41BB2D00002F
:10558000BC2D0000000000C00200000046A68844B8
:10559000BD2D0000BE2D0000000000C00200000074
:1055A0008C8C1F44BF2D0000C02D0000000000C0E7
:1055B00003000000777A5DC2C12D0000C22D0000FB
:1055C000000000C005000000B607CF41C32D000059
:1055D000C42D0000000000C00300000040938D4374
:1055E000C52D0000C62D0000000000C00300000013
:1055F0006CB86D43C72D0000C82D0000000000C02E
:10560000FEFFFFFF000000C0FFFFFFFFFFFFFFFFE7
:105610003AC2B7BDFEFFFFFF000000C0FFFFFFFF63
:10562000FFFFFFFF00000080FEFFFFFF000000C043
:10563000FFFFFFFFFFFFFFFFED0EA33CFEFFFFFF9D
:10564000000000C0FFFFFFFFFFFFFFFF8C24CABC6C
:10565000FEFFFFFF000000C0FFFFFFFFFFFFFFFF97
:1056600000000080FEFFFFFF000000C0FFFFFFFF03
:10567000FFFFFFFF1620F63DFEFFFFFF000000C00A
:10568000FFFFFFFFFFFFFFFF4CD3303CFEFFFFFF9C
:10569000000000C0FFFFFFFFFFFFFFFFA66A3FBD46
:1056A000FEFFFFFF000000C0FFFFFFFFFFFFFFFF47
:1056B0003694A13CFEFFFFFF000000C0FFFFFFFF8C
:1056C000FFFFFFFFAB0854BCFEFFFFFF000000C060
:1056D000FFFFFFFFFFFFFFFFE1C786BBFEFFFFFFEE
:1056E000000000C0FFFFFFFFFFFFFFFF9683843D28
:1056F000FEFFFFFF000000C0FFFFFFFFFFFFFFFFF7
:10570000444E17BCFEFFFFFF000000C0FFFFFFFF7D
:10571000FFFFFFFFD489A6BDFEFFFFFF000000C012
:10572000FFFFFFFFFFFFFFFF00000080FEFFFFFF06
:10573000000000C0FFFFFFFFFFFFFFFF947EF33D6F
:10574000050000004CC11A42CA2D0000CB2D0000FC
:10575000000000C0040000001EAE28C1CC2D0000D7
:10576000CD2D0000000000C004000000192E94C1DF
:10577000CE2D0000CF2D0000000000C0030000006F
:10578000F1A30843D02D0000D12D0000000000C07F
:1057900003000000B1E16C42D22D0000D32D0000C7
:1057A000000000C00500000092B2C242D42D0000EB
:1057B000D52D0000000000C0040000006426424215
:1057C000D62D0000D72D0000000000C00000000012
:1057D000C4F83243D82D0000D92D0000000000C0CD
:1057E0000000000062FCAD43DA2D0000DB2D00005C
:1057F000000000C0040000008B429141DC2D00003D
:10580000DD2D0000000000C0FEFFFFFF000000C013
:10581000FFFFFFFFFFFFFFFF5EA315BE05000000B7
:10582000B2273842DE2D0000DF2D0000000000C04E
:10583000FEFFFFFF000000C0FFFFFFFFFFFFFFFFB5
:105840000000008000000000C4F87743E02D000055
:10585000E12D0000000000C00300000024D72F430A
:10586000E22D0000E32D0000000000C0FEFFFFFF5E
:10587000000000C0FFFFFFFFFFFFFFFF71225FBDC1
:10588000FEFFFFFF000000C0FFFFFFFFFFFFFFFF65
:1058900045E0A83CFEFFFFFF000000C0FFFFFFFF48
:1058A000FFFFFFFF2943D43DFEFFFFFF000000C0C4
:1058B000FFFFFFFFFFFFFFFF00000080FEFFFFFF75
:1058C000000000C0FFFFFFFFFFFFFFFFEB5841BDDF
:1058D000FEFFFFFF000000C0FFFFFFFFFFFFFFFF15
:1058E000A176E33CFEFFFFFF000000C0FFFFFFFFCB
:1058F000FFFFFFFF00000080FEFFFFFF000000C071
:10590000FFFFFFFFFFFFFFFFD744DBBDFEFFFFFFF1
:10591000000000C0FFFFFFFFFFFFFFFF10519A3D97
:10592000FEFFFFFF000000C0FFFFFFFFFFFFFFFFC4
:1059300000000080FEFFFFFF000000C0FFFFFFFF30
:10594000FFFFFFFF513CE33CFEFFFFFF000000C0F4
:10595000FFFFFFFFFFFFFFFF22FA6ABD020000000A
:105960005C64F842E52D0000E62D0000000000C058
:10597000050000006F26C241E72D0000E82D000061
:10598000000000C004000000192EB0C1E92D000085
:10599000EA2D0000000000C004000000B0A37C401D
:1059A000EB2D0000EC2D0000000000C00400000002
:1059B00007974F42ED2D0000EE2D0000000000C0C3
:1059C000050000004AD18B42EF2D0000F02D0000B1
:1059D000000000C005000000F3B88DC2F12D0000EA
:1059E000F22D0000000000C004000000292C33C389
:1059F000F32D0000F42D0000000000C003000000A3
:105A0000A8752DC3F52D0000F62D0000000000C084
:105A1000030000007EA50841F72D0000F82D0000CE
:105A2000000000C00300000006125943F92D0000D9
:105A3000FA2D0000000000C0030000009D337242F8
:105A4000FB2D0000FC2D0000000000C00300000042
:105A5000DB3D1542FD2D0000FE2D0000000000C0C2
:105A600005000000A180BBC2FF2D0000002E000039
:105A7000000000C005000000AC308141012E000094
:105A8000022E0000000000C0FEFFFFFF000000C06B
:105A9000FFFFFFFFFFFFFFFF00000080FEFFFFFF93
:105AA000000000C0FFFFFFFFFFFFFFFFCA50A43D43
:105AB000FEFFFFFF000000C0FFFFFFFFFFFFFFFF33
:105AC0009311993DFEFFFFFF000000C0FFFFFFFFA5
:105AD000FFFFFFFFD1F7A3BDFEFFFFFF000000C0E7
:105AE000FFFFFFFFFFFFFFFF00000080FEFFFFFF43
:105AF000000000C0FFFFFFFFFFFFFFFFAE61A7BD7B
:105B0000FEFFFFFF000000C0FFFFFFFFFFFFFFFFE2
:105B10005AECEE3DFEFFFFFF000000C0FFFFFFFF5D
:105B2000FFFFFFFF00000080FEFFFFFF000000C03E
:105B3000FFFFFFFFFFFFFFFFD51180BDFEFFFFFF4F
:105B4000000000C0FFFFFFFFFFFFFFFF000000801D
:105B5000FEFFFFFF000000C0FFFFFFFFFFFFFFFF92
:105B60001096843DFEFFFFFF000000C0FFFFFFFF17
:105B7000FFFFFFFF3C5E91BCFEFFFFFF000000C087
:105B8000FFFFFFFFFFFFFFFF00000080FEFFFFFFA2
:105B9000000000C0FFFFFFFFFFFFFFFF1738C9BD78
:105BA000FEFFFFFF000000C0FFFFFFFFFFFFFFFF42
:105BB000513F0A3DFEFFFFFF000000C0FFFFFFFF57
:105BC000FFFFFFFF7F84B6BB040000006CBDB14146
:105BD000042E0000052E0000000000C0050000009B
:105BE000B2273842062E0000072E0000000000C039
:105BF00005000000257C06C2082E0000092E0000CA
:105C0000000000C005000000C8D665C00A2E0000D4
:105C10000B2E0000000000C002000000171997437F
:105C20000C2E00000D2E0000000000C0050000003A
:105C3000AC57CAC20E2E00000F2E0000000000C09C
:105C4000020000005C64EA42102E0000112E0000E9
:105C5000000000C0020000001719E243122E0000ED
:105C6000132E0000000000C004000000737D49C234
:105C7000142E0000152E0000000000C004000000DB
:105C8000A590C8C2162E0000172E0000000000C00C
:105C900004000000528F0D41182E0000192E000044
:105CA000000000C0FEFFFFFF000000C0FFFFFFFF7D
:105CB000FFFFFFFF29AE7ABC04000000594F1E42CF
:105CC0001A2E00001B2E0000000000C00100000082
:105CD00010FBEE421C2E00001D2E0000000000C034
:105CE000020000002E325A431E2E00001F2E00001C
:105CF000000000C0FEFFFFFF000000C0FFFFFFFF2D
:105D0000FFFFFFFF29073C3CFEFFFFFF000000C034
:105D1000FFFFFFFFFFFFFFFF380F44BDFEFFFFFF48
:105D2000000000C0FFFFFFFFFFFFFFFF8EC281BC2E
:105D3000FEFFFFFF000000C0FFFFFFFFFFFFFFFFB0
:105D4000D8E8473DFEFFFFFF000000C0FFFFFFFF58
:105D5000FFFFFFFFABA473BDFEFFFFFF000000C00D
:105D6000FFFFFFFFFFFFFFFFF0C6533DFEFFFFFFFA
:105D7000000000C0FFFFFFFFFFFFFFFFEF44F0BD8B
:105D8000FEFFFFFF000000C0FFFFFFFFFFFFFFFF60
:105D900000000080FEFFFFFF000000C0FFFFFFFFCC
:105DA000FFFFFFFF00000080FEFFFFFF000000C0BC
:105DB000FFFFFFFFFFFFFFFF5524DA3DFEFFFFFF60
:105DC000000000C0FFFFFFFFFFFFFFFF051A27BE17
:105DD000FEFFFFFF000000C0FFFFFFFFFFFFFFFF10
:105DE00000000080FEFFFFFF000000C0FFFFFFFF7C
:105DF000FFFFFFFFE5C4683DFEFFFFFF000000C09E
:105E0000FFFFFFFFFFFFFFFF202D9BBC01000000F5
:105E10004F90FCC4212E0000222E0000000000C084
:105E20000000000031BE1D44232E0000242E00007F
:105E3000000000C0000000003C0776C3252E0000D3
:105E4000262E0000000000C004000000F4888942F3
:105E5000272E0000282E0000000000C004000000D3
:105E6000C28D8D43292E00002A2E0000000000C0A4
:105E700005000000CF3CB6422B2E00002C2E000067
:105E8000000000C000000000780ED6C22D2E0000D9
:105E90002E2E0000000000C0FEFFFFFF000000C02B
:105EA000FFFFFFFFFFFFFFFF000000800500000075
:105EB00013764AC32F2E0000302E0000000000C0D1
:105EC000FEFFFFFF000000C0FFFFFFFFFFFFFFFF1F
:105ED000BE3941BDFEFFFFFF000000C0FFFFFFFF16
:105EE000FFFFFFFF000000800400000014D720C166
:105EF000312E0000322E0000000000C00100000022
:105F0000B16FDD44332E0000342E0000000000C0CD
:105F100001000000F0048BC2352E0000362E000078
:105F2000000000C000000000627CA243372E000089
:105F3000382E0000000000C0FEFFFFFF000000C080
:105F4000FFFFFFFFFFFFFFFF7007F83DFEFFFFFFB2
:105F5000000000C0FFFFFFFFFFFFFFFF0000008009
:105F6000FEFFFFFF000000C0FFFFFFFFFFFFFFFF7E
:105F7000FDD9E33CFEFFFFFF000000C0FFFFFFFF75
:105F8000FFFFFFFF91E616BDFEFFFFFF000000C010
:105F9000FFFFFFFFFFFFFFFF26D5BABDFEFFFFFF9C
:105FA000000000C0FFFFFFFFFFFFFFFF00000080B9
:105FB000FEFFFFFF000000C0FFFFFFFFFFFFFFFF2E
:105FC000E5FAB3BBFEFFFFFF000000C0FFFFFFFFCD
:105FD000FFFFFFFFC8B85C3DFEFFFFFF000000C0F1
:105FE000FFFFFFFFFFFFFFFFECC687BCFEFFFFFFC9
:105FF000000000C0FFFFFFFFFFFFFFFFC706CB3B16
:1060000005000000727517433A2E00003B2E000079
:10601000000000C00500000020FD0E433C2E0000E3
:106020003D2E0000000000C00300000040579E42CB
:106030003E2E00003F2E0000000000C003000000C4
:10604000D095F243402E0000412E0000000000C019
:10605000030000002DF62942422E0000432E0000CE
:10606000000000C00200000048370BC2442E0000B0
:10607000452E0000000000C0050000009B112043D9
:10608000462E0000472E0000000000C00500000062
:106090000A7B86C3482E0000492E0000000000C085
:1060A00001000000D8B76E454A2E00004B2E0000BC
:1060B000000000C0FEFFFFFF000000C0FFFFFFFF69
:1060C000FFFFFFFF0000008001000000004FB0C094
:1060D0004C2E00004D2E0000000000C0FEFFFFFF10
:1060E000000000C0FFFFFFFFFFFFFFFF0000008078
:1060F000FEFFFFFF000000C0FFFFFFFFFFFFFFFFED
:10610000FC76093EFEFFFFFF000000C0FFFFFFFF1F
:10611000FFFFFFFF00000080FEFFFFFF000000C048
:10612000FFFFFFFFFFFFFFFFAFEBB7BDFEFFFFFF6E
:10613000000000C0FFFFFFFFFFFFFFFF65C49B3CA7
:10614000FEFFFFFF000000C0FFFFFFFFFFFFFFFF9C
:10615000CD160DBCFEFFFFFF000000C0FFFFFFFFDC
:10616000FFFFFFFFBF9FD43DFEFFFFFF000000C009
:10617000FFFFFFFFFFFFFFFF00000080FEFFFFFFAC
:10618000000000C0FFFFFFFFFFFFFFFF00000080D7
:10619000FEFFFFFF000000C0FFFFFFFFFFFFFFFF4C
:1061A00065FFA83E01000000F0049DC24F2E0000D4
:1061B000502E0000000000C0050000001297A5410D
:1061C000512E0000522E0000000000C0030000000D
:1061D00068B3A842532E0000542E0000000000C0F7
:1061E00005000000966B2541552E0000562E00003C
:1061F000000000C005000000B137B042572E00007B
:10620000582E0000000000C00500000038F5ACBFAB
:10621000592E00005A2E0000000000C005000000AA
:10622000C4ED6C435B2E00005C2E0000000000C03B
:10623000010000003C41B6C35D2E00005E2E000050
:10624000000000C003000000049A1F425F2E0000FF
:10625000602E0000000000C0040000008F32774371
:10626000612E0000622E0000000000C0030000004C
:106270002AA9F742632E0000642E0000000000C02F
:10628000030000004B84DBC1652E0000662E000079
:10629000000000C00100000010FBE242672E000079
:1062A000682E0000000000C005000000F57028C343
:1062B000692E00006A2E0000000000C001000000EE
:1062C000629F48446B2E00006C2E0000000000C04E
:1062D000FEFFFFFF000000C0FFFFFFFFFFFFFFFF0B
:1062E0000F0A1DBCFEFFFFFF000000C0FFFFFFFF05
:1062F000FFFFFFFFB14FA83CFEFFFFFF000000C003
:10630000FFFFFFFFFFFFFFFF91F2393EFEFFFFFFA0
:10631000000000C0FFFFFFFFFFFFFFFF0000008045
:10632000FEFFFFFF000000C0FFFFFFFFFFFFFFFFBA
:10633000E47EBEBDFEFFFFFF000000C0FFFFFFFFC9
:10634000FFFFFFFF00000080FEFFFFFF000000C016
:10635000FFFFFFFFFFFFFFFFB69914BDFEFFFFFF2A
:10636000000000C0FFFFFFFFFFFFFFFF56A4D13C6E
:10637000FEFFFFFF000000C0FFFFFFFFFFFFFFFF6A
:10638000008DE33CFEFFFFFF000000C0FFFFFFFFAA
:10639000FFFFFFFF3AB743BDFEFFFFFF000000C055
:1063A000FFFFFFFFFFFFFFFF41AC603DFEFFFFFF70
:1063B000000000C0FFFFFFFFFFFFFFFF4624DC3BA4
:1063C000FEFFFFFF000000C0FFFFFFFFFFFFFFFF1A
:1063D000557F153DFEFFFFFF000000C0FFFFFFFFE0
:1063E000FFFFFFFFAF2EC4BCFEFFFFFF000000C099
:1063F000FFFFFFFFFFFFFFFF00000080FEFFFFFF2A
:10640000000000C0FFFFFFFFFFFFFFFFD649BE3DBA
:1064100002000000171988436E2E00006F2E000046
:10642000000000C004000000D223BA41702E00001A
:10643000712E0000000000C00200000023B30845D8
:10644000722E0000732E0000000000C00500000046
:1064500060E9E1BE742E0000752E0000000000C04F
:1064600004000000B6DE5642762E0000772E0000B3
:10647000000000C00200000046468B44782E000059
:10648000792E0000000000C005000000E232084341
:106490007A2E00007B2E0000000000C001000000EA
:1064A000B1CF88447C2E00007D2E0000000000C08B
:1064B000010000003CC1B9C37E2E00007F2E000009
:1064C000000000C00100000062DF2144802E0000B7
:1064D000812E0000000000C001000000F004C3C2D3
:1064E000822E0000832E0000000000C00500000086
:1064F000E3721443842E0000852E0000000000C0CB
:1065000005000000A180A6C2862E0000872E000094
:10651000000000C0FEFFFFFF000000C0FFFFFFFF04
:10652000FFFFFFFFA887FABDFEFFFFFF000000C0CE
:10653000FFFFFFFFFFFFFFFF00000080FEFFFFFFE8
:10654000000000C0FFFFFFFFFFFFFFFF02581DBD5F
:10655000FEFFFFFF000000C0FFFFFFFFFFFFFFFF88
:10656000BD76213DFEFFFFFF000000C0FFFFFFFFE3
:10657000FFFFFFFF00000080FEFFFFFF000000C0E4
:10658000FFFFFFFFFFFFFFFF4451B5BDFEFFFFFF11
:10659000000000C0FFFFFFFFFFFFFFFF00000080C3
:1065A000FEFFFFFF000000C0FFFFFFFFFFFFFFFF38
:1065B000047C933DFEFFFFFF000000C0FFFFFFFFD4
:1065C000FFFFFFFF2E06C33BFEFFFFFF000000C0E2
:1065D000FFFFFFFFFFFFFFFF8FC2BCBDFEFFFFFFFE
:1065E000000000C0FFFFFFFFFFFFFFFF0000008073
:1065F000FEFFFFFF000000C0FFFFFFFFFFFFFFFFE8
:106600003CC822BDFEFFFFFF000000C0FFFFFFFFF0
:10661000FFFFFFFF00000080FEFFFFFF000000C043
:10662000FFFFFFFFFFFFFFFFD21D873D04000000BB
:106630009A2929C3892E00008A2E0000000000C07C
:10664000FEFFFFFF000000C0FFFFFFFFFFFFFFFF97
:1066500099EA8CBD00000000780E90C28B2E0000DD
:106660008C2E0000000000C001000000788275C37D
:106670008D2E00008E2E0000000000C001000000E2
:106680003C4186C38F2E0000902E0000000000C009
:10669000030000002D2102C3912E0000922E000065
:1066A000000000C0030000006E9AAD41932E000070
:1066B000942E0000000000C004000000594F1E424C
:1066C000952E0000962E0000000000C00300000080
:1066D000BA6BB642972E0000982E0000000000C052
:1066E000FEFFFFFF000000C0FFFFFFFFFFFFFFFFF7
:1066F000E38D103BFEFFFFFF000000C0FFFFFFFF28
:10670000FFFFFFFF9D6481BDFEFFFFFF000000C093
:10671000FFFFFFFFFFFFFFFF6E3A0B3DFEFFFFFF96
:10672000000000C0FFFFFFFFFFFFFFFFF7FC9ABC68
:10673000FEFFFFFF000000C0FFFFFFFFFFFFFFFFA6
:1067400055F51D3DFEFFFFFF000000C0FFFFFFFFEE
:10675000FFFFFFFFA87886BDFEFFFFFF000000C01F
:10676000FFFFFFFFFFFFFFFF0B6C18BDFEFFFFFFEA
:10677000000000C0FFFFFFFFFFFFFFFF2595B73CB4
:1067800005000000AC57CAC29A2E00009B2E0000E4
:10679000000000C0FEFFFFFF000000C0FFFFFFFF82
:1067A000FFFFFFFFC2EDB9BD05000000381430C087
:1067B0009C2E00009D2E0000000000C00300000081
:1067C0006833F2429E2E00009F2E0000000000C0A1
:1067D0000300000002CDCD42A02E0000A12E00003B
:1067E000000000C004000000325C38C1A22E00008E
:1067F000A32E0000000000C0FEFFFFFF000000C04D
:10680000FFFFFFFFFFFFFFFFE799D0BD040000007F
:1068100070664BC1A42E0000A52E0000000000C031
:1068200004000000DAE35FC2A62E0000A72E0000DD
:10683000000000C0FEFFFFFF000000C0FFFFFFFFE1
:10684000FFFFFFFF88CD6E3DFEFFFFFF000000C091
:10685000FFFFFFFFFFFFFFFF00000080FEFFFFFFC5
:10686000000000C0FFFFFFFFFFFFFFFFC32C20BDA4
:10687000FEFFFFFF000000C0FFFFFFFFFFFFFFFF65
:1068800036DDA53BFEFFFFFF000000C0FFFFFFFF5E
:10689000FFFFFFFFE091193EFEFFFFFF000000C079
:1068A000FFFFFFFFFFFFFFFF00000080040000006C
:1068B00065B8C8C0A92E0000AA2E0000000000C0C4
:1068C000050000007699BAC0AB2E0000AC2E000087
:1068D000000000C0050000007699F2C0AD2E000057
:1068E000AE2E0000000000C00400000068868BC2CD
:1068F000AF2E0000B02E0000000000C00500000018
:10690000E55A1242B12E0000B22E0000000000C075
:106910000400000047111143B32E0000B42E000004
:10692000000000C002000000E9E6FDC3B52E000033
:10693000B62E0000000000C00100000028F819C5B4
:10694000B72E0000B82E0000000000C004000000B8
:10695000A7B02AC2B92E0000BA2E0000000000C065
:1069600002000000D2CD3EC3BB2E0000BC2E0000B2
:10697000000000C002000000E9E6E5C3BD2E0000F3
:10698000BE2E0000000000C004000000205C564144
:10699000BF2E0000C02E0000000000C0020000005A
:1069A00074F326C4C12E0000C22E0000000000C0F7
:1069B00004000000130EC442C32E0000C42E0000C9
:1069C000000000C0020000008C8C2144C52E000095
:1069D000C62E0000000000C0FEFFFFFF000000C048
:1069E000FFFFFFFFFFFFFFFF00000080FEFFFFFF34
:1069F000000000C0FFFFFFFFFFFFFFFFDE23D1BD50
:106A0000FEFFFFFF000000C0FFFFFFFFFFFFFFFFD3
:106A1000FB28443DFEFFFFFF000000C0FFFFFFFF1B
:106A2000FFFFFFFF33D166BCFEFFFFFF000000C089
:106A3000FFFFFFFFFFFFFFFF53DE1EBDFEFFFFFF57
:106A4000000000C0FFFFFFFFFFFFFFFF2F22CB3D35
:106A5000FEFFFFFF000000C0FFFFFFFFFFFFFFFF83
:106A6000323A4F3DFEFFFFFF000000C0FFFFFFFF77
:106A7000FFFFFFFF00000080FEFFFFFF000000C0DF
:106A8000FFFFFFFFFFFFFFFF8F3B3E3DFEFFFFFFCE
:106A9000000000C0FFFFFFFFFFFFFFFFAAE9D9BC16
:106AA000FEFFFFFF000000C0FFFFFFFFFFFFFFFF33
:106AB00000000080FEFFFFFF000000C0FFFFFFFF9F
:106AC000FFFFFFFF5DA4983DFEFFFFFF000000C039
:106AD000FFFFFFFFFFFFFFFF26A83F3DFEFFFFFF79
:106AE000000000C0FFFFFFFFFFFFFFFF508462BDFB
:106AF000FEFFFFFF000000C0FFFFFFFFFFFFFFFFE3
:106B0000B58264BDFEFFFFFF000000C0FFFFFFFF76
:106B1000FFFFFFFF9E361D3A0500000020FD0E43DB
:106B2000C82E0000C92E0000000000C002000000B6
:106B300046269E44CA2E0000CB2E0000000000C056
:106B400004000000ED71CEC2CC2E0000CD2E00005E
:106B5000000000C002000000906EBEC1CE2E0000FA
:106B6000CF2E0000000000C005000000BFC7444158
:106B7000D02E0000D12E0000000000C00200000056
:106B8000D2CD5BC3D22E0000D32E0000000000C087
:106B9000FEFFFFFF000000C0FFFFFFFFFFFFFFFF42
:106BA000093D23BB01000000C43EC043D42E0000B9
:106BB000D52E0000000000C004000000702D084326
:106BC000D62E0000D72E0000000000C005000000F7
:106BD000F51A00C4D82E0000D92E0000000000C015
:106BE000FEFFFFFF000000C0FFFFFFFFFFFFFFFFF2
:106BF0000000008001000000788237C3DA2E000018
:106C0000DB2E0000000000C00100000080D84741DA
:106C1000DC2E0000DD2E0000000000C0FEFFFFFFA4
:106C2000000000C0FFFFFFFFFFFFFFFF5D7CA03BF8
:106C3000FEFFFFFF000000C0FFFFFFFFFFFFFFFFA1
:106C40003285F4BCFEFFFFFF000000C0FFFFFFFF26
:106C5000FFFFFFFF407D45BDFEFFFFFF000000C0BE
:106C6000FFFFFFFFFFFFFFFF6570033DFEFFFFFF1C
:106C7000000000C0FFFFFFFFFFFFFFFF00000080DC
:106C8000FEFFFFFF000000C0FFFFFFFFFFFFFFFF51
:106C900035F1073EFEFFFFFF000000C0FFFFFFFFD2
:106CA000FFFFFFFF1FCE623DFEFFFFFF000000C0A1
:106CB000FFFFFFFFFFFFFFFFD1CEB2BBFEFFFFFFD5
:106CC000000000C0FFFFFFFFFFFFFFFF000000808C
:106CD000FEFFFFFF000000C0FFFFFFFFFFFFFFFF01
:106CE00054A9063F05000000B842BBC3DF2E0000D8
:106CF000E02E0000000000C0030000008A7C2C4150
:106D0000E12E0000E22E0000000000C0050000009F
:106D10001BA521C2E32E0000E42E0000000000C0ED
:106D200001000000B1EF9144E52E0000E62E0000C6
:106D3000000000C0FEFFFFFF000000C0FFFFFFFFDC
:106D4000FFFFFFFF0000008003000000024DCA4269
:106D5000E72E0000E82E0000000000C00000000048
:106D60009E03E5C3E92E0000EA2E0000000000C0EB
:106D70000000000031BE1D44EB2E0000EC2E000090
:106D8000000000C0FEFFFFFF000000C0FFFFFFFF8C
:106D9000FFFFFFFF00000080030000003C3DB8C281
:106DA000ED2E0000EE2E0000000000C005000000E7
:106DB0007A1C3CC3EF2E0000F02E0000000000C043
:106DC00005000000B6079741F12E0000F22E0000EA
:106DD000000000C001000000887D2343F32E000066
:106DE000F42E0000000000C0FEFFFFFF000000C006
:106DF000FFFFFFFFFFFFFFFF00000080FEFFFFFF20
:106E0000000000C0FFFFFFFFFFFFFFFF9F11933D4A
:106E1000FEFFFFFF000000C0FFFFFFFFFFFFFFFFBF
:106E2000ABA0B4BBFEFFFFFF000000C0FFFFFFFFF1
:106E3000FFFFFFFFCD659ABDFEFFFFFF000000C012
:106E4000FFFFFFFFFFFFFFFF252C473DFEFFFFFF7A
:106E5000000000C0FFFFFFFFFFFFFFFF00000080FA
:106E6000FEFFFFFF000000C0FFFFFFFFFFFFFFFF6F
:106E700023942C3DFEFFFFFF000000C0FFFFFFFF3B
:106E8000FFFFFFFFCEB79EBDFEFFFFFF000000C06B
:106E9000FFFFFFFFFFFFFFFFB684C4BBFEFFFFFF46
:106EA000000000C0FFFFFFFFFFFFFFFF8349993C89
:106EB000000000009E83DAC3F62E0000F72E0000CB
:106EC000000000C001000000B1AFA444F82E000093
:106ED000F92E0000000000C001000000887D65431D
:106EE000FA2E0000FB2E0000000000C0030000008E
:106EF000B6D1FDC2FC2E0000FD2E0000000000C037
:106F0000FEFFFFFF000000C0FFFFFFFFFFFFFFFFCE
:106F1000000000800000000062FCD843FE2E00004C
:106F2000FF2E0000000000C00300000012E1DEC2DE
:106F3000002F0000012F0000000000C0FEFFFFFF37
:106F4000000000C0FFFFFFFFFFFFFFFF0000008009
:106F5000FEFFFFFF000000C0FFFFFFFFFFFFFFFF7E
:106F600011B6DBBD05000000B2270042022F000071
:106F7000032F0000000000C00000000018DF914453
:106F8000042F0000052F0000000000C005000000D5
:106F90007F4272C1062F0000072F0000000000C0D2
:106FA00003000000469484C2082F0000092F00004F
:106FB000000000C0FEFFFFFF000000C0FFFFFFFF5A
:106FC000FFFFFFFF5BAD5ABDFEFFFFFF000000C0EB
:106FD000FFFFFFFFFFFFFFFF9F7EAE3BFEFFFFFFB8
:106FE000000000C0FFFFFFFFFFFFFFFFB553253D7F
:106FF000FEFFFFFF000000C0FFFFFFFFFFFFFFFFDE
:1070000000000080FEFFFFFF000000C0FFFFFFFF49
:10701000FFFFFFFF00000080FEFFFFFF000000C039
:10702000FFFFFFFFFFFFFFFF65C0013EFEFFFFFF09
:10703000000000C0FFFFFFFFFFFFFFFF36D460BD71
:10704000FEFFFFFF000000C0FFFFFFFFFFFFFFFF8D
:10705000C411833C050000000AD387430B2F0000B6
:107060000C2F0000000000C003000000BEB0414330
:107070000D2F00000E2F0000000000C003000000D4
:107080007466BE430F2F0000102F0000000000C0E8
:10709000050000007D04E442112F0000122F0000C3
:1070A000000000C0050000002D8A33C1132F00002E
:1070B000142F0000000000C0020000004686C644F5
:1070C000152F0000162F0000000000C0FEFFFFFF7C
:1070D000000000C0FFFFFFFFFFFFFFFF0000008078
:1070E00003000000D1665A42172F0000182F00003D
:1070F000000000C00300000068B3A842192F000080
:107100001A2F0000000000C0FEFFFFFF000000C0BB
:10711000FFFFFFFFFFFFFFFF00000080FEFFFFFFFC
:10712000000000C0FFFFFFFFFFFFFFFFA647E9BD14
:10713000FEFFFFFF000000C0FFFFFFFFFFFFFFFF9C
:10714000A58EE73DFEFFFFFF000000C0FFFFFFFF31
:10715000FFFFFFFF00000080FEFFFFFF000000C0F8
:10716000FFFFFFFFFFFFFFFF50BABEBBFEFFFFFFA9
:10717000000000C0FFFFFFFFFFFFFFFF5A99EE3C3A
:10718000FEFFFFFF000000C0FFFFFFFFFFFFFFFF4C
:10719000F865AF3DFEFFFFFF000000C0FFFFFFFFEF
:1071A000FFFFFFFF2A9727BD03000000B5843FC201
:1071B0001C2F00001D2F0000000000C00200000076
:1071C0001799A6431E2F00001F2F0000000000C0CB
:1071D00000000000E039F0C1202F0000212F000046
:1071E000000000C001000000C4BEA543222F000023
:1071F000232F0000000000C000000000C4F80C4372
:10720000242F0000252F0000000000C00300000014
:10721000AAA4C041262F0000272F0000000000C0B4
:10722000020000008C8C0644282F0000292F00004B
:10723000000000C0010000003CC195C32A2F0000DF
:107240002B2F0000000000C0FEFFFFFF000000C069
:10725000FFFFFFFFFFFFFFFF0000008001000000B5
:10726000887D45432C2F00002D2F0000000000C01A
:10727000010000003CC1F0C32E2F00002F2F0000A2
:10728000000000C003000000E89C9140302F000087
:10729000312F0000000000C00100000010FB8C42F4
:1072A000322F0000332F0000000000C0010000005A
:1072B000C43E8D43342F0000352F0000000000C075
:1072C00003000000CA299241362F0000372F00002A
:1072D000000000C0FEFFFFFF000000C0FFFFFFFF37
:1072E000FFFFFFFF00000080FEFFFFFF000000C067
:1072F000FFFFFFFFFFFFFFFF5B02063EFEFFFFFFFA
:10730000000000C0FFFFFFFFFFFFFFFF0000008045
:10731000FEFFFFFF000000C0FFFFFFFFFFFFFFFFBA
:1073200040C1E2BDFEFFFFFF000000C0FFFFFFFF06
:10733000FFFFFFFF00000080FEFFFFFF000000C016
:10734000FFFFFFFFFFFFFFFF324D3E3EFEFFFFFF4F
:10735000000000C0FFFFFFFFFFFFFFFF23753A3C67
:10736000FEFFFFFF000000C0FFFFFFFFFFFFFFFF6A
:10737000C1ED20BDFEFFFFFF000000C0FFFFFFFFCB
:10738000FFFFFFFF57285A3DFEFFFFFF000000C030
:10739000FFFFFFFFFFFFFFFF307E60BCFEFFFFFF30
:1073A000000000C0FFFFFFFFFFFFFFFF4D47CFBD05
:1073B000FEFFFFFF000000C0FFFFFFFFFFFFFFFF1A
:1073C00000000080FEFFFFFF000000C0FFFFFFFF86
:1073D000FFFFFFFF515AC53DFEFFFFFF000000C049
:1073E000FFFFFFFFFFFFFFFF7C8A12BD03000000CD
:1073F000088A8DC2392F00003A2F0000000000C01B
:1074000001000000629F48443B2F00003C2F000019
:10741000000000C005000000B22700423D2F000020
:107420003E2F0000000000C0040000004A2107C2F7
:107430003F2F0000402F0000000000C003000000AC
:10744000984CBCC2412F0000422F0000000000C039
:1074500004000000B7FE9542432F0000442F0000B7
:10746000000000C004000000A1306A42452F000067
:10747000462F0000000000C0010000003CC1D9C33D
:10748000472F0000482F0000000000C0030000004C
:10749000B651B4C2492F00004A2F0000000000C0BE
:1074A00003000000D49AB2C34B2F00004C2F000001
:1074B000000000C0FEFFFFFF000000C0FFFFFFFF55
:1074C000FFFFFFFF00000080050000001233A4C092
:1074D0004D2F00004E2F0000000000C003000000F0
:1074E000AA4229434F2F0000502F0000000000C087
:1074F00005000000D9938242512F0000522F000056
:10750000000000C00300000006120C43532F0000CF
:10751000542F0000000000C0FEFFFFFF000000C06D
:10752000FFFFFFFFFFFFFFFF00000080FEFFFFFFE8
:10753000000000C0FFFFFFFFFFFFFFFF8DDEE8BD83
:10754000FEFFFFFF000000C0FFFFFFFFFFFFFFFF88
:10755000D2D0C83BFEFFFFFF000000C0FFFFFFFFCF
:10756000FFFFFFFF174CBA3DFEFFFFFF000000C00A
:10757000FFFFFFFFFFFFFFFF00000080FEFFFFFF98
:10758000000000C0FFFFFFFFFFFFFFFFDE31D53D22
:10759000FEFFFFFF000000C0FFFFFFFFFFFFFFFF38
:1075A0004F00A3BDFEFFFFFF000000C0FFFFFFFF75
:1075B000FFFFFFFF7D559EBCFEFFFFFF000000C0E8
:1075C000FFFFFFFFFFFFFFFFB2CDCB3CFEFFFFFF42
:1075D000000000C0FFFFFFFFFFFFFFFF92F06BBD49
:1075E000FEFFFFFF000000C0FFFFFFFFFFFFFFFFE8
:1075F0001AFD253DFEFFFFFF000000C0FFFFFFFF5B
:10760000FFFFFFFF00000080FEFFFFFF000000C043
:10761000FFFFFFFFFFFFFFFFB8BEABBDFEFFFFFF99
:10762000000000C0FFFFFFFFFFFFFFFF0000008022
:107630000500000004E02242562F0000572F0000F2
:10764000000000C001000000788257C3582F0000DE
:10765000592F0000000000C0040000004A2107C2AA
:107660005A2F00005B2F0000000000C00400000043
:10767000668F5FC15C2F00005D2F0000000000C01E
:1076800004000000D68383425E2F00005F2F0000BD
:10769000000000C001000000887D7F43602F0000D3
:1076A000612F0000000000C00200000074736DC470
:1076B000622F0000632F0000000000C004000000E3
:1076C0009A2929C3642F0000652F0000000000C024
:1076D00005000000F51A00C4662F0000672F0000A7
:1076E000000000C00200000000E9E6BF682F0000B3
:1076F000692F0000000000C002000000D2CD3EC390
:107700006A2F00006B2F0000000000C00100000085
:10771000788200C36C2F00006D2F0000000000C0B5
:1077200004000000AE573CC36E2F00006F2F000016
:10773000000000C0FEFFFFFF000000C0FFFFFFFFD2
:10774000FFFFFFFF00000080010000009E6024C4D6
:10775000702F0000712F0000000000C0FEFFFFFF2F
:10776000000000C0FFFFFFFFFFFFFFFF00000080E1
:10777000FEFFFFFF000000C0FFFFFFFFFFFFFFFF56
:10778000F8F7F8BDFEFFFFFF000000C0FFFFFFFF9E
:10779000FFFFFFFF0848C2BDFEFFFFFF000000C063
:1077A000FFFFFFFFFFFFFFFF3CB5833AFEFFFFFF38
:1077B000000000C0FFFFFFFFFFFFFFFF552F6D3DE3
:1077C000FEFFFFFF000000C0FFFFFFFFFFFFFFFF06
:1077D000A7FFF6BAFEFFFFFF000000C0FFFFFFFF9C
:1077E000FFFFFFFF52A70FBCFEFFFFFF000000C01E
:1077F000FFFFFFFFFFFFFFFFEA3B493DFEFFFFFFEB
:10780000000000C0FFFFFFFFFFFFFFFF76E2AE3C7E
:10781000FEFFFFFF000000C0FFFFFFFFFFFFFFFFB5
:10782000AF5C1CBDFEFFFFFF000000C0FFFFFFFFBD
:10783000FFFFFFFFAAEC263EFEFFFFFF000000C097
:10784000FFFFFFFFFFFFFFFF47B21CBCFEFFFFFF74
:10785000000000C0FFFFFFFFFFFFFFFF00000080F0
:10786000FEFFFFFF000000C0FFFFFFFFFFFFFFFF65
:1078700080C8B1BD00000000000000001F00000033
:10788000000000001F000000000000001D000000BC
:10789000010000003C000000000000001900000092
:1078A000020000005500000000000000170000006A
:1078B000030000006C000000000000001F0000003A
:1078C000040000008B000000000000001F0000000A
:1078D00005000000AA000000010000001F000000D9
:1078E00000000000C9000000010000001F000000AF
:1078F00001000000E8000000010000001D00000081
:107900000200000005010000010000001700000057
:10791000030000001C010000010000001F00000027
:10792000040000003B010000010000001D000000F9
:107930000500000058010000020000001F000000C8
:1079400000000000770100000200000019000000A4
:10795000010000009001000002000000190000007A
:1079600002000000A9010000020000001900000050
:1079700003000000C2010000020000001F00000020
:1079800004000000E1010000020000001D000000F2
:1079900005000000FE010000030000001D000000C3
:1079A000000000001B0200000300000015000000A2
:1079B0000100000030020000030000001D00000074
:1079C000020000004D02000003000000190000004A
:1079D0000300000066020000030000001F0000001A
:1079E0000400000085020000030000001F000000EA
:1079F00005000000A4020000040000001F000000B9
:107A000000000000C3020000040000001B00000092
:107A100001000000DE020000040000001D00000064
:107A200002000000FB02000004000000190000003A
:107A30000300000014030000040000001F00000009
:107A40000400000033030000040000001D000000DB
:107A50000500000050030000050000001F000000AA
:107A6000000000006F030000050000001F00000080
:107A7000010000008E030000050000001D00000052
:107A800002000000AB03000005000000150000002C
:107A900003000000C0030000050000001D000000FE
:107AA00004000000DD030000050000001D000000D0
:107AB00005000000FA030000060000001F0000009F
:107AC0000000000019040000060000001B00000078
:107AD0000100000034040000060000001D0000004A
:107AE0000200000051040000060000001B0000001E
:107AF000030000006C040000060000001F000000EE
:107B0000040000008B040000060000001D000000BF
:107B100005000000A8040000070000001F0000008E
:107B200000000000C704000007000000170000006C
:107B300001000000DE040000070000001D0000003E
:107B400002000000FB040000070000001B00000012
:107B50000300000016050000070000001D000000E3
:107B60000400000033050000070000001F000000B3
:107B70000500000052050000080000001F00000082
:107B80000000000071050000080000001B0000005C
:107B9000010000008C050000080000001B00000030
:107BA00002000000A705000008000000150000000A
:107BB00003000000BC050000080000001F000000DA
:107BC00004000000DB050000080000001D000000AC
:107BD00005000000F8050000090000001F0000007B
:107BE000000000001706000009000000150000005A
:107BF000010000002C060000090000001D0000002C
:107C00000200000049060000090000001700000003
:107C10000300000060060000090000001D000000D5
:107C2000040000007D060000090000001F000000A5
:107C3000050000009C0600000A0000001F00000074
:107C400000000000BB0600000A0000001700000052
:107C500001000000D20600000A0000001F00000022
:107C600002000000F10600000A0000000F00000002
:107C700003000000000700000A0000001F000000D1
:107C8000040000001F0700000A0000001F000000A1
:107C9000050000003E0700000B0000001D00000072
:107CA000000000005B0700000B000000190000004E
:107CB00001000000740700000B0000001900000024
:107CC000020000008D0700000B00000017000000FC
:107CD00003000000A40700000B0000001B000000D0
:107CE00004000000BF0700000B0000001F000000A0
:107CF00005000000DE0700000C0000001F0000006F
:107D000000000000FD0700000C000000170000004C
:107D100001000000140800000C0000001D0000001D
:107D200002000000310800000C00000013000000F9
:107D300003000000440800000C0000001F000000C9
:107D400004000000630800000C0000001F00000099
:107D500005000000820800000D0000001F00000068
:107D600000000000A10800000D0000001500000048
:107D700001000000B60800000D0000001300000024
:107D800002000000C90800000D0000001300000000
:107D900003000000DC0800000D0000001B000000D4
:107DA00004000000F70800000D0000001F000000A4
:107DB00005000000160900000E0000001F00000072
:107DC00000000000350900000E0000001300000054
:107DD00001000000480900000E000000150000002E
:107DE000020000005D0900000E0000000F0000000E
:107DF000030000006C0900000E0000001F000000DE
:107E0000040000008B0900000E0000001D000000AF
:107E100005000000A80900000F0000001D00000080
:107E200000000000C50900000F0000001100000064
:107E300001000000D60900000F000000190000003A
:107E400002000000EF0900000F0000001500000014
:107E500003000000040A00000F0000001B000000E7
:107E6000040000001F0A00000F0000001F000000B7
:107E7000050000003E0A0000100000001F00000086
:107E8000000000005D0A000010000000110000006A
:107E9000010000006E0A0000100000001900000040
:107EA00002000000870A0000100000000900000026
:107EB00003000000900A0000100000001D000000F8
:107EC00004000000AD0A0000100000001F000000C8
:107ED00005000000CC0A000011000000190000009D
:107EE00000000000E50A0000110000001B00000077
:107EF00001000000000B000011000000170000004E
:107F000002000000170B0000110000000D0000002F
:107F100003000000240B0000110000001D00000001
:107F200004000000410B0000110000001F000000D1
:107F300005000000600B0000120000001F000000A0
:107F4000000000007F0B0000120000001100000084
:107F500001000000900B000012000000170000005C
:107F600002000000A70B0000120000001700000034
:107F700003000000BE0B0000120000001D00000006
:107F800004000000DB0B0000120000001F000000D6
:107F900005000000FA0B0000130000001F000000A5
:107FA00000000000190C0000130000001700000082
:107FB00001000000300C0000130000001900000058
:107FC00002000000490C0000130000000F00000038
:107FD00003000000580C000013000000190000000E
:107FE00004000000710C0000130000001D000000E0
:107FF000050000008E0C0000140000001F000000AF
:1080000000000000AD0C000014000000150000008E
:1080100001000000C20C0000140000001D00000060
:1080200002000000DF0C0000140000001B00000034
:1080300003000000FA0C0000140000001300000010
:10804000040000000D0D0000140000001B000000E3
:1080500005000000280D0000150000001D000000B4
:1080600000000000450D0000150000001F0000008A
:1080700001000000640D0000150000001900000060
:10808000020000007D0D000015000000110000003E
:10809000030000008E0D0000150000001700000016
:1080A00004000000A50D0000150000001D000000E8
:1080B00005000000C20D0000160000001F000000B7
:1080C00000000000E10D0000160000001F0000008D
:1080D00001000000000E0000160000001500000066
:1080E00002000000150E000016000000090000004C
:1080F000030000001E0E0000160000001B00000020
:1081000004000000390E0000160000001F000000EF
:1081100005000000580E0000170000001B000000C2
:1081200000000000730E00001700000013000000A4
:1081300001000000860E0000170000001100000082
:1081400002000000970E0000170000000F00000062
:1081500003000000A60E0000170000001B00000036
:1081600004000000C10E000017000000170000000E
:1081700005000000D80E0000180000001B000000E1
:1081800000000000F30E0000180000000F000000C7
:1081900001000000020F0000180000001F00000096
:1081A00002000000210F0000180000001100000074
:1081B00003000000320F0000180000001F00000044
:1081C00004000000510F0000180000001F00000014
:1081D00005000000700F00001900000017000000EB
:1081E00000000000870F0000190000001F000000C1
:1081F00001000000A60F000019000000110000009F
:1082000002000000B70F0000190000001500000078
:1082100003000000CC0F0000190000001700000050
:1082200004000000E30F0000190000001700000028
:1082300005000000FA0F00001A00000017000000FF
:1082400000000000111000001A00000017000000DC
:1082500001000000281000001A00000017000000B4
:10826000020000003F1000001A0000000F00000094
:10827000030000004E1000001A0000001D00000066
:10828000040000006B1000001A0000001300000042
:10829000050000007E1000001B0000001D00000013
:1082A000000000009B1000001B00000013000000F5
:1082B00001000000AE1000001B00000017000000CD
:1082C00002000000C51000001B00000011000000AB
:1082D00003000000D61000001B0000001B0000007F
:1082E00004000000F11000001B0000001D00000051
:1082F000050000000E1100001C0000001D00000021
:10830000000000002B1100001C0000000F00000006
:10831000010000003A1100001C0000001F000000D6
:1083200002000000591100001C0000000D000000B8
:1083300003000000661100001C0000001D0000008A
:1083400004000000831100001C0000001F0000005A
:1083500005000000A21100001D000000190000002F
:1083600000000000BB1100001D000000190000000B
:1083700001000000D41100001D0000000D000000ED
:1083800002000000E11100001D0000000B000000D1
:1083900003000000EC1100001D0000001F000000A1
:1083A000040000000B1200001D0000001700000078
:1083B00005000000221200001E0000001B0000004B
:1083C000000000003D1200001E000000150000002B
:1083D00001000000521200001E0000001900000001
:1083E000020000006B1200001E00000013000000DD
:1083F000030000007E1200001E0000001B000000B1
:1084000004000000991200001E0000001700000088
:1084100005000000B01200001F0000001F00000057
:1084200000000000CF1200001F0000000F0000003D
:1084300001000000DE1200001F0000001500000017
:1084400002000000F31200001F00000011000000F5
:1084500003000000041300001F0000001B000000C8
:10846000040000001F1300001F0000001D0000009A
:10847000050000003C130000200000001B0000006D
:108480000000000057130000200000001D00000045
:108490000100000074130000200000001D00000017
:1084A0000200000091130000200000000D000000F9
:1084B000030000009E130000200000001B000000CD
:1084C00004000000B9130000200000001B000000A1
:1084D00005000000D4130000210000001F00000070
:1084E00000000000F313000021000000170000004E
:1084F000010000000A140000210000000F0000002D
:108500000200000019140000210000000B00000010
:1085100003000000241400002100000013000000EC
:108520000400000037140000210000001D000000BE
:108530000500000054140000220000001F0000008D
:108540000000000073140000220000001F00000063
:108550000100000092140000220000000F00000043
:1085600002000000A114000022000000130000001F
:1085700003000000B4140000220000001D000000F1
:1085800004000000D1140000220000001F000000C1
:1085900005000000F0140000230000001D00000092
:1085A000000000000D150000230000000B0000007B
:1085B0000100000018150000230000001F0000004B
:1085C0000200000037150000230000001900000021
:1085D00003000000501500002300000019000000F7
:1085E0000400000069150000230000001F000000C7
:1085F0000500000088150000240000001F00000096
:1086000000000000A7150000240000001900000071
:1086100001000000C0150000240000001700000049
:1086200002000000D7150000240000000B0000002D
:1086300003000000E2150000240000001F000000FD
:1086400004000000011600002400000019000000D2
:10865000050000001A160000250000001F000000A1
:108660000000000039160000250000001F00000077
:108670000100000058160000250000000D00000059
:108680000200000065160000250000000D0000003B
:108690000300000072160000250000001F0000000B
:1086A0000400000091160000250000001B000000DF
:1086B00005000000AC160000260000001D000000B0
:1086C00000000000C9160000260000001F00000086
:1086D00001000000E8160000260000001D00000058
:1086E0000200000005170000260000001500000031
:1086F000030000001A170000260000001F00000001
:1087000004000000391700002600000013000000DC
:10871000050000004C170000270000001D000000AD
:10872000000000006917000027000000170000008B
:108730000100000080170000270000001D0000005D
:10874000020000009D170000270000001F0000002D
:1087500003000000BC170000270000001F000000FD
:1087600004000000DB1700002700000013000000D9
:1087700005000000EE170000280000001B000000AC
:108780000000000009180000280000001900000087
:108790000100000022180000280000000B0000006B
:1087A000020000002D180000280000000B0000004F
:1087B000030000003818000028000000130000002B
:1087C000040000004B180000280000001700000003
:1087D0000500000062180000290000001B000000D6
:1087E000000000007D180000290000000F000000BC
:1087F000010000008C180000290000001300000098
:10880000020000009F180000290000001100000075
:1088100003000000B0180000290000001F00000045
:1088200004000000CF180000290000001D00000017
:1088300005000000EC1800002A0000001D000000E8
:1088400000000000091900002A0000001B000000C1
:1088500001000000241900002A000000130000009D
:1088600002000000371900002A0000001F0000006D
:1088700003000000561900002A0000001F0000003D
:1088800004000000751900002A0000001B00000011
:1088900005000000901900002B00000019000000E6
:1088A00000000000A91900002B0000001F000000BC
:1088B00001000000C81900002B0000001D0000008E
:1088C00002000000E51900002B0000001B00000062
:1088D00003000000001A00002B0000001F00000031
:1088E000040000001F1A00002B0000001D00000003
:1088F000050000003C1A00002C00000015000000DC
:1089000000000000511A00002C00000011000000BF
:1089100001000000621A00002C0000000F0000009F
:1089200002000000711A00002C000000130000007B
:1089300003000000841A00002C0000001F0000004B
:1089400004000000A31A00002C0000001D0000001D
:1089500005000000C01A00002D0000001F000000EC
:1089600000000000DF1A00002D00000017000000CA
:1089700001000000F61A00002D0000001D0000009C
:1089800002000000131B00002D0000001D0000006D
:1089900003000000301B00002D0000001F0000003D
:1089A000040000004F1B00002D0000001F0000000D
:1089B000050000006E1B00002E0000001D000000DE
:1089C000000000008B1B00002E0000001F000000B4
:1089D00001000000AA1B00002E0000001300000090
:1089E00002000000BD1B00002E0000000B00000074
:1089F00003000000C81B00002E000000190000004A
:108A000004000000E11B00002E0000001300000025
:108A100005000000F41B00002F0000001F000000F4
:108A200000000000131C00002F0000000D000000DB
:108A300001000000201C00002F00000013000000B7
:108A400002000000331C00002F0000001D00000089
:108A500003000000501C00002F0000001F00000059
:108A6000040000006F1C00002F0000001D0000002B
:108A7000050000008C1C0000300000001D000000FC
:108A800000000000A91C00003000000017000000DA
:108A900001000000C01C0000300000001B000000AE
:108AA00002000000DB1C000030000000110000008C
:108AB00003000000EC1C0000300000001F0000005C
:108AC000040000000B1D0000300000001D0000002D
:108AD00005000000281D0000310000001500000006
:108AE000000000003D1D00003100000015000000E6
:108AF00001000000521D0000310000001D000000B8
:108B0000020000006F1D0000310000001100000095
:108B100003000000801D0000310000001D00000067
:108B2000040000009D1D0000310000001D00000039
:108B300005000000BA1D0000320000001D0000000A
:108B400000000000D71D00003200000015000000EA
:108B500001000000EC1D0000320000001D000000BC
:108B600002000000091E0000320000001700000093
:108B700003000000201E0000320000001900000069
:108B800004000000391E0000320000001F00000039
:108B900005000000581E0000330000001D0000000A
:108BA00000000000751E00003300000015000000EA
:108BB000010000008A1E00003300000013000000C6
:108BC000020000009D1E00003300000011000000A4
:108BD00003000000AE1E000033000000190000007A
:108BE00004000000C71E0000330000001D0000004C
:108BF00005000000E41E0000340000001500000025
:108C000000000000F91E0000340000000D0000000C
:108C100001000000061F0000340000001D000000DD
:108C200002000000231F00003400000011000000BB
:108C300003000000341F0000340000001F0000008B
:108C400004000000531F0000340000001500000065
:108C500005000000681F0000350000001D00000036
:108C600000000000851F0000350000001300000018
:108C700001000000981F0000350000000F000000F8
:108C800002000000A71F0000350000000D000000DA
:108C900003000000B41F0000350000001D000000AC
:108CA00004000000D11F0000350000001900000082
:108CB00005000000EA1F000036000000150000005B
:108CC00000000000FF1F0000360000001F00000031
:108CD000010000001E20000036000000150000000A
:108CE0000200000033200000360000001D000000DC
:108CF0000300000050200000360000001D000000AE
:108D0000040000006D200000360000001D0000007F
:108D1000050000008A200000370000001F0000004E
:108D200000000000A9200000370000001100000032
:108D300001000000BA200000370000000F00000012
:108D400002000000C9200000370000001B000000E6
:108D500003000000E42000003700000011000000C4
:108D600004000000F5200000370000000F000000A4
:108D70000500000004210000380000001D00000074
:108D80000000000021210000380000001900000050
:108D9000010000003A21000038000000110000002E
:108DA000020000004B210000380000001B00000002
:108DB0000300000066210000380000001F000000D2
:108DC0000400000085210000380000001D000000A4
:108DD00005000000A2210000390000001D00000075
:108DE00000000000BF210000390000001300000057
:108DF00001000000D2210000390000001F00000027
:108E000002000000F1210000390000000D00000008
:108E100003000000FE210000390000001F000000D8
:108E2000040000001D220000390000001D000000A9
:108E3000050000003A2200003A0000001D0000007A
:108E400000000000572200003A0000001D00000052
:108E500001000000742200003A0000001D00000024
:108E600002000000912200003A0000001D000000F6
:108E700003000000AE2200003A00000011000000D4
:108E800004000000BF2200003A0000001F000000A4
:108E900005000000DE2200003B000000150000007D
:108EA00000000000F32200003B0000001B00000057
:108EB000010000000E2300003B0000001B0000002A
:108EC00002000000292300003B0000001F000000FA
:108ED00003000000482300003B0000001F000000CA
:108EE00004000000672300003B00000017000000A2
:108EF000050000007E2300003C0000001B00000075
:108F000000000000992300003C0000001500000054
:108F100001000000AE2300003C0000001300000030
:108F200002000000C12300003C0000001D00000002
:108F300003000000DE2300003C0000001F000000D2
:108F400004000000FD2300003C0000001F000000A2
:108F5000050000001C2400003D0000001B00000074
:108F600000000000372400003D0000001D0000004C
:108F700001000000542400003D0000001F0000001C
:108F800002000000732400003D0000001F000000EC
:108F900003000000922400003D0000001F000000BC
:108FA00004000000B12400003D0000001F0000008C
:108FB00005000000D02400003E0000001F0000005B
:108FC00000000000EF2400003E0000001900000037
:108FD00001000000082500003E0000001B0000000A
:108FE00002000000232500003E0000001B000000DE
:108FF000030000003E2500003E00000015000000B8
:1090000004000000532500003E0000001D00000089
:1090100005000000702500003F0000001D0000005A
:10902000000000008D2500003F0000000F00000040
:10903000010000009C2500003F0000000B00000024
:1090400002000000A72500003F0000001B000000F8
:1090500003000000C22500003F0000001D000000CA
:1090600004000000DF2500003F0000001F0000009A
:1090700005000000FE25000040000000190000006F
:109080000000000017260000400000001300000050
:10909000010000002A260000400000001B00000024
:1090A00002000000452600004000000019000000FA
:1090B000030000005E260000400000001D000000CC
:1090C000040000007B2600004000000017000000A4
:1090D000050000009226000041000000150000007D
:1090E00000000000A7260000410000001B00000057
:1090F00001000000C226000041000000190000002D
:1091000002000000DB260000410000001300000008
:1091100003000000EE260000410000001F000000D8
:10912000040000000D270000410000001F000000A7
:10913000050000002C270000420000001D00000078
:109140000000000049270000420000001B00000052
:10915000010000006427000042000000130000002E
:109160000200000077270000420000001F000000FE
:109170000300000096270000420000001F000000CE
:1091800004000000B52700004200000019000000A4
:1091900005000000CE27000043000000150000007D
:1091A00000000000E3270000430000001100000061
:1091B00001000000F427000043000000130000003D
:1091C0000200000007280000430000001B00000010
:1091D0000300000022280000430000001D000000E2
:1091E000040000003F280000430000001D000000B4
:1091F000050000005C280000440000001F00000083
:10920000000000007B280000440000001D0000005A
:109210000100000098280000440000001100000038
:1092200002000000A9280000440000001100000016
:1092300003000000BA2800004400000013000000F2
:1092400004000000CD280000440000001F000000C2
:1092500005000000EC280000450000001F00000091
:10926000000000000B29000045000000190000006C
:109270000100000024290000450000001F0000003C
:109280000200000043290000450000001700000014
:10929000030000005A290000450000001D000000E6
:1092A0000400000077290000450000001F000000B6
:1092B0000500000096290000460000001F00000085
:1092C00000000000B5290000460000001B0000005F
:1092D00001000000D0290000460000001B00000033
:1092E00002000000EB290000460000001100000011
:1092F00003000000FC2900004600000015000000EB
:1093000004000000112A00004600000013000000C5
:1093100005000000242A0000470000001D00000096
:1093200000000000412A0000470000001D0000006E
:10933000010000005E2A0000470000001500000048
:1093400002000000732A000047000000190000001E
:10935000030000008C2A00004700000013000000FA
:10936000040000009F2A0000470000001F000000CA
:1093700005000000BE2A0000480000001B0000009D
:1093800000000000D92A0000480000001B00000077
:1093900001000000F42A0000480000001F00000047
:1093A00002000000132B0000480000001100000024
:1093B00003000000242B0000480000001D000000F6
:1093C00004000000412B0000480000001D000000C8
:1093D000050000005E2B0000490000001D00000099
:1093E000000000007B2B000049000000110000007D
:1093F000010000008C2B0000490000001500000057
:1094000002000000A12B0000490000001100000034
:1094100003000000B22B0000490000001300000010
:1094200004000000C52B0000490000001B000000E4
:1094300005000000E02B00004A00000015000000BD
:1094400000000000F52B00004A000000170000009B
:10945000010000000C2C00004A0000001B0000006E
:1094600002000000272C00004A0000001D00000040
:1094700003000000442C00004A0000001900000016
:10948000040000005D2C00004A0000001B000000EA
:1094900005000000782C00004B0000001D000000BB
:1094A00000000000952C00004B0000001700000099
:1094B00001000000AC2C00004B0000001B0000006D
:1094C00002000000C72C00004B0000001B00000041
:1094D00003000000E22C00004B0000001D00000013
:1094E00004000000FF2C00004B00000019000000E9
:1094F00005000000182D00004C00000019000000BD
:1095000000000000312D00004C0000001B00000096
:10951000010000004C2D00004C0000001300000072
:10952000020000005F2D00004C0000001900000048
:1095300003000000782D00004C0000001F00000018
:1095400004000000972D00004C00000013000000F4
:1095500005000000AA2D00004D0000001F000000C3
:1095600000000000C92D00004D0000001B0000009D
:1095700001000000E42D00004D0000001F0000006D
:1095800002000000032E00004D0000001D0000003E
:1095900003000000202E00004D0000001900000014
:1095A00004000000392E00004D00000015000000EE
:1095B000050000004E2E00004E0000001F000000BD
:1095C000000000006D2E00004E0000001B00000097
:1095D00001000000882E00004E0000001100000075
:1095E00002000000992E00004E0000000F00000055
:1095F00003000000A82E00004E0000001F00000025
:1096000004000000C72E00004E00000017000000FC
:1096100005000000DE2E00004F00000017000000D3
:1096200000000000F52E00004F00000015000000B3
:10963000010000000A2F00004F0000001100000090
:10964000020000001B2F00004F0000001D00000062
:1096500003000000382F00004F0000001D00000034
:1096600004000000552F00004F0000001D00000006
:1096700005000000A896040800000020300000004B
:1096800074B80008D8960408000000281C3E0000AA
:10969000B4030008D89604083000002068280000B1
:1096A00084B8000800000000000000000000000076
:1096B00001000000100000000100000000093D0052
:1096C0006BC3000877C3000856C300085FC30008D7
:1096D00065C3000871C3000801FF01FF01FF01FF1E
:1096E000018902FF2201FF01FF01FF01FF01FF01CC
:1096F000FF01FF01FF01FF01FF01FF01FF01FF016A
:10970000FF01FF01FF01FF01FF01FF01FF01FF0159
:10971000FF01FF01FF01FF01FF01FF01FF01FF0149
:10972000FF01FF01FF01FF01FF01FF01FF01FF0139
:10973000FF01FF01FF01FF01FF01FF01FF01FF0129
:10974000FF01FF01FF01FF01FF01FF01FF01FF0119
:0C975000FF01FF01FF01FF0110000000FD
:0400000508000239B4
:00000001FF
